{"type":"FeatureCollection", "features": [
{"type":"Feature","geometry":{"type":"Polygon","coordinates":[[[-69.8823,18.4805],[-69.8828,18.4864],[-69.8818,18.49],[-69.8772,18.4945],[-69.8747,18.4987],[-69.875,18.5022],[-69.8765,18.5057],[-69.8789,18.508],[-69.8878,18.5122],[-69.8912,18.5125],[-69.8965,18.5142],[-69.8979,18.5143],[-69.9025,18.5109],[-69.9049,18.51],[-69.909,18.5096],[-69.9131,18.5113],[-69.9154,18.5113],[-69.9175,18.5103],[-69.9214,18.5096],[-69.9267,18.5118],[-69.9306,18.5142],[-69.9324,18.5165],[-69.9325,18.5186],[-69.9363,18.5208],[-69.9392,18.5204],[-69.9409,18.5193],[-69.9443,18.5152],[-69.9457,18.514],[-69.9482,18.5142],[-69.9546,18.5175],[-69.9593,18.5212],[-69.9605,18.5234],[-69.9605,18.5295],[-69.9591,18.5318],[-69.9603,18.536],[-69.9621,18.5369],[-69.9617,18.5393],[-69.9638,18.541],[-69.9657,18.541],[-69.9684,18.5445],[-69.972,18.5443],[-69.9735,18.5454],[-69.9756,18.5455],[-69.98,18.5475],[-69.981,18.5472],[-69.9817,18.5433],[-69.9826,18.5428],[-69.9867,18.5442],[-69.9868,18.5426],[-69.9896,18.5431],[-69.9919,18.5414],[-69.9898,18.536],[-69.9921,18.5351],[-69.9903,18.5333],[-69.9901,18.5305],[-69.9921,18.5303],[-69.9952,18.5274],[-69.9928,18.5233],[-69.9896,18.5235],[-69.9896,18.5121],[-69.9913,18.5104],[-69.9924,18.5081],[-69.9938,18.5074],[-69.997,18.5077],[-69.9989,18.5061],[-69.9989,18.5028],[-69.9823,18.4903],[-69.9723,18.4806],[-69.9699,18.4792],[-69.9676,18.479],[-69.969,18.4625],[-69.9719,18.4545],[-69.9739,18.4515],[-69.9737,18.4495],[-69.9759,18.4474],[-69.9785,18.4412],[-69.9841,18.4344],[-69.9898,18.4296],[-69.9902,18.4276],[-69.9889,18.4251],[-69.9887,18.4227],[-69.9822,18.426],[-69.9752,18.4261],[-69.9677,18.4271],[-69.9659,18.4282],[-69.9634,18.4284],[-69.9603,18.4299],[-69.9539,18.4321],[-69.9498,18.4321],[-69.9438,18.4338],[-69.9395,18.4366],[-69.9342,18.4385],[-69.9303,18.4407],[-69.9258,18.4442],[-69.9236,18.4465],[-69.9212,18.4516],[-69.9189,18.4536],[-69.9157,18.4556],[-69.9125,18.4564],[-69.91,18.4563],[-69.9027,18.4584],[-69.9005,18.4602],[-69.8969,18.4616],[-69.8953,18.4636],[-69.8921,18.4652],[-69.8908,18.4664],[-69.8863,18.4681],[-69.8839,18.4669],[-69.8836,18.4683],[-69.8816,18.4695],[-69.8805,18.4716],[-69.8815,18.478],[-69.8823,18.4805]]]},"properties":{"province_name":"DISTRITO NACIONAL","municipalities":1}},
{"type":"Feature","geometry":{"type":"Polygon","coordinates":[[[-70.6866,18.6847],[-70.6883,18.6852],[-70.6903,18.6847],[-70.6921,18.6865],[-70.6953,18.6851],[-70.694,18.6887],[-70.6916,18.6899],[-70.6909,18.6926],[-70.6893,18.6942],[-70.6893,18.6961],[-70.6873,18.6991],[-70.6875,18.7037],[-70.682,18.7057],[-70.6784,18.7112],[-70.6782,18.7128],[-70.6794,18.7153],[-70.6822,18.7186],[-70.6828,18.7203],[-70.6831,18.7248],[-70.6869,18.7292],[-70.6888,18.7326],[-70.6878,18.7357],[-70.6852,18.7373],[-70.684,18.7387],[-70.684,18.7405],[-70.6849,18.7422],[-70.6838,18.7444],[-70.6826,18.7488],[-70.6833,18.7554],[-70.684,18.7573],[-70.6855,18.7586],[-70.6919,18.7612],[-70.6925,18.7656],[-70.6964,18.7675],[-70.6974,18.7724],[-70.6987,18.7746],[-70.7004,18.7751],[-70.7054,18.7699],[-70.7097,18.7666],[-70.7139,18.7666],[-70.7234,18.7698],[-70.7334,18.7714],[-70.7421,18.7718],[-70.752,18.7715],[-70.7546,18.7719],[-70.7559,18.7729],[-70.7588,18.7793],[-70.7634,18.7832],[-70.7659,18.7885],[-70.7672,18.793],[-70.7686,18.7951],[-70.7705,18.8014],[-70.7724,18.8044],[-70.7749,18.8069],[-70.7797,18.8155],[-70.7817,18.8209],[-70.7829,18.823],[-70.7826,18.8242],[-70.7856,18.8275],[-70.7925,18.8277],[-70.7962,18.8295],[-70.7999,18.8326],[-70.8044,18.8328],[-70.8096,18.8346],[-70.8143,18.8373],[-70.816,18.8378],[-70.8185,18.8414],[-70.8193,18.8437],[-70.8192,18.8457],[-70.8214,18.8542],[-70.8215,18.8588],[-70.8231,18.8628],[-70.8253,18.8663],[-70.8266,18.87],[-70.8296,18.8737],[-70.834,18.8762],[-70.8373,18.8812],[-70.8373,18.8825],[-70.8356,18.8854],[-70.8352,18.8914],[-70.8359,18.8945],[-70.8385,18.8965],[-70.839,18.8989],[-70.838,18.8994],[-70.8381,18.9028],[-70.8405,18.9061],[-70.8382,18.9062],[-70.8383,18.908],[-70.8402,18.9117],[-70.8384,18.9142],[-70.8372,18.9194],[-70.8389,18.9216],[-70.8393,18.9252],[-70.8406,18.9264],[-70.8396,18.9289],[-70.8364,18.929],[-70.836,18.9313],[-70.8343,18.93],[-70.8323,18.9301],[-70.8308,18.9283],[-70.8288,18.9335],[-70.8272,18.9324],[-70.8257,18.9365],[-70.827,18.9389],[-70.8291,18.9385],[-70.831,18.9396],[-70.8319,18.9426],[-70.8316,18.9459],[-70.8329,18.9497],[-70.8328,18.9517],[-70.838,18.9541],[-70.8391,18.9532],[-70.8415,18.9537],[-70.8425,18.9563],[-70.8437,18.9577],[-70.8432,18.96],[-70.8447,18.9622],[-70.8441,18.9644],[-70.8476,18.9661],[-70.8472,18.9687],[-70.8458,18.9692],[-70.8459,18.971],[-70.8444,18.9739],[-70.8437,18.9777],[-70.8461,18.9787],[-70.8454,18.9818],[-70.8408,18.9834],[-70.8403,18.9862],[-70.8377,18.9892],[-70.8419,18.9891],[-70.8444,18.9917],[-70.8482,18.993],[-70.8502,18.9945],[-70.8516,18.9992],[-70.8568,19.0011],[-70.8605,19.0017],[-70.8626,19.0013],[-70.8647,19.0025],[-70.8697,19.0025],[-70.8749,19],[-70.8769,18.9976],[-70.8798,18.995],[-70.8832,18.9927],[-70.8862,18.9913],[-70.8911,18.9913],[-70.8927,18.9893],[-70.8916,18.9873],[-70.8917,18.9815],[-70.8908,18.9796],[-70.8908,18.975],[-70.8896,18.9727],[-70.8899,18.9709],[-70.8934,18.9682],[-70.8986,18.9646],[-70.9035,18.9638],[-70.9056,18.9617],[-70.9149,18.9612],[-70.9218,18.9602],[-70.9241,18.9604],[-70.9263,18.9614],[-70.9296,18.9613],[-70.9326,18.9588],[-70.9327,18.9567],[-70.9287,18.9529],[-70.9263,18.9525],[-70.9251,18.9498],[-70.9246,18.9449],[-70.9227,18.9432],[-70.9182,18.9408],[-70.9171,18.9379],[-70.9171,18.9362],[-70.9183,18.9327],[-70.9214,18.9296],[-70.9217,18.927],[-70.9239,18.9244],[-70.9255,18.9236],[-70.9294,18.9239],[-70.9351,18.9253],[-70.9373,18.9249],[-70.9411,18.9251],[-70.9427,18.924],[-70.9457,18.9239],[-70.9489,18.9229],[-70.9524,18.9202],[-70.9552,18.9156],[-70.9556,18.9131],[-70.9553,18.9104],[-70.9573,18.9093],[-70.9624,18.9098],[-70.9672,18.9086],[-70.9751,18.9034],[-70.9767,18.9016],[-70.9793,18.9015],[-70.981,18.9027],[-70.9852,18.9025],[-70.9883,18.899],[-70.99,18.8986],[-70.9949,18.8991],[-70.9959,18.898],[-70.997,18.8947],[-70.9976,18.8906],[-70.9978,18.8846],[-70.9976,18.8814],[-70.9965,18.8776],[-70.9947,18.8736],[-70.9941,18.8704],[-70.9936,18.8646],[-70.9952,18.8627],[-70.9977,18.862],[-70.9976,18.8597],[-70.9945,18.8571],[-70.9944,18.8541],[-70.9956,18.8515],[-70.9908,18.847],[-70.9909,18.8445],[-70.9884,18.8419],[-70.9872,18.8386],[-70.9863,18.833],[-70.984,18.829],[-70.9816,18.8271],[-70.9784,18.8239],[-70.9759,18.8209],[-70.974,18.8173],[-70.9748,18.8144],[-70.975,18.8108],[-70.9731,18.8085],[-70.9722,18.8058],[-70.9736,18.8037],[-70.9725,18.8004],[-70.972,18.7962],[-70.9752,18.7931],[-70.9767,18.7896],[-70.9808,18.7865],[-70.9832,18.7838],[-70.9848,18.7793],[-70.9846,18.7714],[-70.9853,18.7676],[-70.9871,18.7645],[-70.9906,18.7633],[-70.9964,18.7607],[-70.9989,18.758],[-71,18.7557],[-71.0007,18.7507],[-71.0033,18.7489],[-71.0094,18.75],[-71.0103,18.7532],[-71.0093,18.7576],[-71.0122,18.7611],[-71.0136,18.7663],[-71.0149,18.7688],[-71.0184,18.7713],[-71.0247,18.7746],[-71.027,18.777],[-71.0272,18.7783],[-71.0293,18.7837],[-71.0299,18.7878],[-71.0312,18.7863],[-71.034,18.7803],[-71.034,18.7775],[-71.0363,18.7752],[-71.0366,18.7736],[-71.0395,18.7723],[-71.0431,18.7689],[-71.0442,18.7672],[-71.0441,18.7652],[-71.0486,18.7593],[-71.0533,18.7575],[-71.0541,18.7556],[-71.0529,18.7546],[-71.0529,18.7518],[-71.0517,18.7473],[-71.0493,18.7462],[-71.047,18.7404],[-71.0456,18.7362],[-71.044,18.7332],[-71.0383,18.7243],[-71.0382,18.7204],[-71.04,18.7159],[-71.0424,18.7133],[-71.0468,18.7114],[-71.0484,18.7094],[-71.0485,18.7048],[-71.0466,18.7027],[-71.0469,18.7011],[-71.0466,18.6963],[-71.0471,18.6946],[-71.0497,18.6917],[-71.0504,18.6823],[-71.0516,18.678],[-71.0532,18.6758],[-71.0551,18.6756],[-71.0582,18.677],[-71.0617,18.6802],[-71.0633,18.6803],[-71.067,18.6743],[-71.0685,18.6741],[-71.0727,18.677],[-71.0762,18.6774],[-71.0769,18.6784],[-71.0764,18.6809],[-71.0746,18.6837],[-71.0721,18.6861],[-71.0716,18.69],[-71.0707,18.6933],[-71.0723,18.6954],[-71.0758,18.6948],[-71.0786,18.6921],[-71.0797,18.6862],[-71.0818,18.6834],[-71.083,18.68],[-71.0846,18.6776],[-71.084,18.6765],[-71.0855,18.6742],[-71.0852,18.6713],[-71.087,18.6682],[-71.0895,18.6683],[-71.0916,18.6639],[-71.0944,18.6647],[-71.0943,18.6624],[-71.096,18.661],[-71.0966,18.6594],[-71.0987,18.6592],[-71.1005,18.6573],[-71.1009,18.6539],[-71.1016,18.6531],[-71.1021,18.6476],[-71.1039,18.646],[-71.1048,18.6442],[-71.1081,18.6438],[-71.1137,18.6408],[-71.1155,18.6406],[-71.1196,18.6388],[-71.1223,18.6389],[-71.1253,18.6396],[-71.129,18.6418],[-71.1313,18.6417],[-71.1346,18.6383],[-71.1383,18.6294],[-71.14,18.6279],[-71.1423,18.6271],[-71.1448,18.6271],[-71.1481,18.6253],[-71.1499,18.6234],[-71.1526,18.6225],[-71.1577,18.6219],[-71.1602,18.6221],[-71.1616,18.6191],[-71.1615,18.6147],[-71.1598,18.61],[-71.1584,18.6073],[-71.1558,18.6038],[-71.1538,18.6003],[-71.1541,18.5972],[-71.1519,18.5928],[-71.1473,18.5913],[-71.1459,18.5897],[-71.1459,18.5821],[-71.1433,18.5797],[-71.1414,18.5762],[-71.1376,18.5737],[-71.1328,18.5714],[-71.1273,18.5666],[-71.1226,18.5635],[-71.1223,18.5624],[-71.1197,18.5609],[-71.1162,18.5615],[-71.1143,18.5608],[-71.1114,18.5607],[-71.1077,18.559],[-71.1058,18.5604],[-71.1043,18.5625],[-71.1026,18.5628],[-71.0993,18.5598],[-71.0939,18.5597],[-71.0882,18.5638],[-71.0873,18.5653],[-71.0853,18.5649],[-71.0822,18.5616],[-71.0802,18.5605],[-71.0795,18.5585],[-71.0779,18.558],[-71.0765,18.5597],[-71.0743,18.5607],[-71.0723,18.5607],[-71.0692,18.559],[-71.0664,18.557],[-71.0616,18.5565],[-71.058,18.5538],[-71.0553,18.5535],[-71.0532,18.5542],[-71.0507,18.5527],[-71.0477,18.5515],[-71.0465,18.5483],[-71.0435,18.5484],[-71.0386,18.5464],[-71.0358,18.5463],[-71.0329,18.5475],[-71.0311,18.5477],[-71.0293,18.5489],[-71.0284,18.5464],[-71.0236,18.5421],[-71.0102,18.5348],[-71.0054,18.533],[-71.0001,18.5317],[-70.9974,18.5318],[-70.9941,18.5289],[-70.9881,18.5279],[-70.986,18.5258],[-70.9847,18.5203],[-70.9851,18.519],[-70.9875,18.5161],[-70.9882,18.5143],[-70.9931,18.5136],[-70.9964,18.5135],[-71.0002,18.5112],[-71.007,18.5114],[-71.0086,18.5084],[-71.0086,18.5054],[-71.0092,18.5025],[-71.0112,18.5022],[-71.0159,18.504],[-71.0172,18.507],[-71.0189,18.5091],[-71.0193,18.5136],[-71.022,18.5184],[-71.029,18.525],[-71.0326,18.5259],[-71.0373,18.5255],[-71.0402,18.5239],[-71.0419,18.5217],[-71.0426,18.5192],[-71.0423,18.5171],[-71.0393,18.5129],[-71.0339,18.5081],[-71.0335,18.5048],[-71.0355,18.5031],[-71.0386,18.5015],[-71.0396,18.5017],[-71.0449,18.5061],[-71.0478,18.505],[-71.0523,18.5051],[-71.0547,18.5048],[-71.0573,18.5031],[-71.0573,18.4991],[-71.0548,18.498],[-71.0497,18.4979],[-71.048,18.4967],[-71.0475,18.4951],[-71.0447,18.4966],[-71.0427,18.4963],[-71.0419,18.4975],[-71.0396,18.496],[-71.0343,18.4965],[-71.031,18.4974],[-71.0286,18.495],[-71.0255,18.4941],[-71.0236,18.4912],[-71.0198,18.4914],[-71.0112,18.4903],[-71.0071,18.4907],[-71.0021,18.4927],[-70.9995,18.4929],[-70.997,18.4906],[-70.9952,18.486],[-70.9957,18.4804],[-70.9968,18.475],[-70.9958,18.472],[-70.9957,18.4691],[-70.9973,18.4673],[-71.0037,18.4644],[-71.0074,18.4619],[-71.008,18.4604],[-71.0064,18.4588],[-71.005,18.4558],[-71.0053,18.4536],[-71.009,18.4495],[-71.0105,18.4473],[-71.0108,18.4441],[-71.0119,18.4414],[-71.0172,18.4354],[-71.0188,18.4279],[-71.0183,18.4232],[-71.0165,18.4184],[-71.0165,18.4161],[-71.0181,18.412],[-71.0194,18.4105],[-71.0284,18.4065],[-71.0306,18.4048],[-71.0338,18.4041],[-71.0446,18.4038],[-71.047,18.4031],[-71.0472,18.3978],[-71.0466,18.3945],[-71.042,18.3885],[-71.0379,18.3789],[-71.0352,18.3769],[-71.0316,18.3764],[-71.03,18.3768],[-71.0275,18.3785],[-71.0213,18.3759],[-71.0165,18.3735],[-71.0099,18.369],[-71.0077,18.3677],[-71.0016,18.366],[-70.9963,18.3649],[-70.991,18.3631],[-70.9865,18.3608],[-70.9828,18.3582],[-70.98,18.3553],[-70.9802,18.3529],[-70.9791,18.3504],[-70.9797,18.3493],[-70.978,18.3469],[-70.976,18.3493],[-70.9738,18.346],[-70.9718,18.3448],[-70.972,18.3417],[-70.9656,18.3358],[-70.964,18.3334],[-70.9604,18.3247],[-70.9582,18.321],[-70.9544,18.3181],[-70.9503,18.3134],[-70.9486,18.3107],[-70.9478,18.3071],[-70.9478,18.3017],[-70.9497,18.2954],[-70.9531,18.2896],[-70.9538,18.2875],[-70.9561,18.2847],[-70.9583,18.28],[-70.9576,18.2758],[-70.958,18.2731],[-70.9602,18.269],[-70.9614,18.2645],[-70.9687,18.2572],[-70.9675,18.253],[-70.9648,18.251],[-70.9624,18.2508],[-70.9602,18.2489],[-70.9572,18.2484],[-70.9534,18.2502],[-70.9505,18.2506],[-70.9484,18.2529],[-70.9468,18.2531],[-70.9453,18.2544],[-70.9423,18.2545],[-70.9408,18.2537],[-70.939,18.2552],[-70.9364,18.2539],[-70.9347,18.2537],[-70.9317,18.2545],[-70.9313,18.257],[-70.9298,18.2567],[-70.9277,18.2584],[-70.9238,18.2597],[-70.9234,18.2619],[-70.9143,18.2642],[-70.9135,18.2665],[-70.9086,18.2695],[-70.9056,18.2728],[-70.9033,18.2739],[-70.8979,18.2795],[-70.8929,18.2832],[-70.89,18.2865],[-70.8883,18.287],[-70.8855,18.2893],[-70.8825,18.2936],[-70.88,18.2947],[-70.88,18.2963],[-70.8779,18.2977],[-70.8766,18.3005],[-70.874,18.304],[-70.8699,18.3073],[-70.8688,18.3091],[-70.867,18.3105],[-70.8688,18.313],[-70.8688,18.3145],[-70.8676,18.3186],[-70.8661,18.3204],[-70.8664,18.3232],[-70.8652,18.3256],[-70.8622,18.3296],[-70.8589,18.3316],[-70.8567,18.3352],[-70.854,18.3354],[-70.8535,18.339],[-70.852,18.3413],[-70.8505,18.3419],[-70.8472,18.3411],[-70.8446,18.3418],[-70.8416,18.3477],[-70.8376,18.3481],[-70.8365,18.3466],[-70.8338,18.3469],[-70.8329,18.3446],[-70.8288,18.3431],[-70.8316,18.3401],[-70.8315,18.3374],[-70.8356,18.3352],[-70.8352,18.3336],[-70.8317,18.3331],[-70.8309,18.3347],[-70.8294,18.3342],[-70.8318,18.3318],[-70.8302,18.3297],[-70.8283,18.3295],[-70.8199,18.3353],[-70.8189,18.3381],[-70.817,18.339],[-70.8131,18.3394],[-70.8104,18.3413],[-70.8099,18.3455],[-70.8114,18.3468],[-70.8111,18.3496],[-70.8072,18.3522],[-70.804,18.3535],[-70.7989,18.3534],[-70.7965,18.3525],[-70.7947,18.351],[-70.7939,18.3491],[-70.7964,18.3467],[-70.796,18.3453],[-70.7937,18.3441],[-70.7881,18.3441],[-70.7825,18.3453],[-70.7769,18.3454],[-70.7755,18.346],[-70.771,18.3468],[-70.7646,18.3488],[-70.7633,18.3484],[-70.7599,18.349],[-70.7583,18.3484],[-70.7537,18.3478],[-70.7482,18.3459],[-70.745,18.3462],[-70.741,18.348],[-70.7372,18.3505],[-70.7334,18.3519],[-70.7302,18.3539],[-70.7277,18.3544],[-70.7257,18.3556],[-70.7237,18.3577],[-70.7236,18.3607],[-70.7204,18.3615],[-70.7172,18.3632],[-70.7147,18.3656],[-70.714,18.3672],[-70.7121,18.3685],[-70.7091,18.3731],[-70.709,18.3751],[-70.7077,18.3755],[-70.7033,18.3825],[-70.7033,18.3873],[-70.7056,18.3879],[-70.7054,18.3917],[-70.7071,18.3946],[-70.7083,18.3956],[-70.7064,18.3988],[-70.7093,18.4004],[-70.7104,18.402],[-70.709,18.4052],[-70.7093,18.4066],[-70.7109,18.4085],[-70.7085,18.4113],[-70.705,18.4133],[-70.7034,18.4122],[-70.702,18.4135],[-70.6967,18.4147],[-70.6943,18.4158],[-70.6926,18.4175],[-70.6921,18.4198],[-70.6893,18.4194],[-70.6889,18.4213],[-70.6916,18.4244],[-70.6898,18.4274],[-70.6866,18.4287],[-70.68,18.4302],[-70.6691,18.4314],[-70.6635,18.4311],[-70.6623,18.4293],[-70.6585,18.428],[-70.6562,18.4281],[-70.6555,18.4268],[-70.6523,18.4277],[-70.6418,18.4277],[-70.6402,18.4273],[-70.6375,18.4255],[-70.6348,18.4255],[-70.6304,18.4228],[-70.6245,18.4217],[-70.6246,18.4191],[-70.6199,18.419],[-70.6204,18.4211],[-70.6174,18.4214],[-70.6157,18.4221],[-70.6124,18.4219],[-70.61,18.4211],[-70.6012,18.419],[-70.5971,18.4174],[-70.588,18.4131],[-70.5851,18.4101],[-70.5818,18.4059],[-70.581,18.404],[-70.5812,18.3998],[-70.5799,18.3987],[-70.5791,18.394],[-70.5796,18.3912],[-70.5789,18.389],[-70.5785,18.3816],[-70.5761,18.3779],[-70.5739,18.3763],[-70.571,18.3719],[-70.5709,18.3681],[-70.5703,18.3646],[-70.571,18.3624],[-70.5698,18.3585],[-70.5704,18.3534],[-70.571,18.352],[-70.5737,18.3518],[-70.5752,18.3496],[-70.5754,18.3408],[-70.5747,18.3322],[-70.5723,18.3288],[-70.5716,18.3215],[-70.5719,18.3135],[-70.5723,18.3118],[-70.5741,18.3102],[-70.579,18.3102],[-70.5809,18.3092],[-70.5827,18.3052],[-70.5831,18.3018],[-70.587,18.2957],[-70.5893,18.2931],[-70.5922,18.2877],[-70.5923,18.281],[-70.592,18.278],[-70.5899,18.2743],[-70.588,18.2727],[-70.5847,18.275],[-70.5818,18.2784],[-70.5801,18.2796],[-70.5734,18.2797],[-70.5679,18.2786],[-70.5633,18.2787],[-70.5585,18.2816],[-70.5571,18.2819],[-70.5485,18.282],[-70.5443,18.2829],[-70.5411,18.2829],[-70.5395,18.2818],[-70.5342,18.2813],[-70.5235,18.2814],[-70.5181,18.2841],[-70.5147,18.2878],[-70.512,18.2891],[-70.5049,18.288],[-70.5024,18.2884],[-70.4982,18.292],[-70.4968,18.2949],[-70.495,18.3001],[-70.4932,18.3032],[-70.4911,18.3116],[-70.4882,18.3184],[-70.4868,18.3236],[-70.4872,18.3283],[-70.488,18.3311],[-70.4878,18.338],[-70.4882,18.344],[-70.4905,18.3507],[-70.4902,18.3566],[-70.4884,18.3631],[-70.4864,18.367],[-70.4867,18.368],[-70.482,18.3741],[-70.4794,18.3771],[-70.4777,18.3798],[-70.4741,18.3834],[-70.4733,18.3848],[-70.4739,18.3882],[-70.4731,18.3907],[-70.4715,18.3926],[-70.4704,18.3951],[-70.471,18.3973],[-70.4709,18.4025],[-70.4697,18.4057],[-70.4695,18.4111],[-70.4707,18.4138],[-70.4737,18.4171],[-70.4781,18.4199],[-70.4793,18.4206],[-70.4833,18.4223],[-70.4872,18.4235],[-70.4944,18.4276],[-70.4938,18.4279],[-70.4959,18.4333],[-70.4964,18.4355],[-70.4958,18.4408],[-70.4945,18.4433],[-70.4949,18.4458],[-70.4982,18.447],[-70.4982,18.4489],[-70.4963,18.4521],[-70.4982,18.453],[-70.4985,18.4547],[-70.5014,18.4553],[-70.5037,18.4552],[-70.5036,18.4581],[-70.5014,18.4599],[-70.5022,18.4658],[-70.501,18.4687],[-70.503,18.4697],[-70.5048,18.4671],[-70.5068,18.4696],[-70.5088,18.4733],[-70.5098,18.4732],[-70.5114,18.4716],[-70.5121,18.472],[-70.5128,18.4761],[-70.5126,18.4781],[-70.5115,18.4792],[-70.5121,18.4824],[-70.5114,18.4838],[-70.5079,18.4838],[-70.5062,18.485],[-70.5058,18.4867],[-70.5065,18.4884],[-70.505,18.4912],[-70.5076,18.4928],[-70.5102,18.4934],[-70.5135,18.4962],[-70.5162,18.4947],[-70.5175,18.4941],[-70.5221,18.4945],[-70.5232,18.4936],[-70.5256,18.4941],[-70.5269,18.4962],[-70.5263,18.498],[-70.5276,18.5002],[-70.5289,18.4995],[-70.5304,18.4968],[-70.5355,18.4982],[-70.5382,18.5028],[-70.54,18.5031],[-70.5416,18.5041],[-70.543,18.5044],[-70.5439,18.5071],[-70.5457,18.5076],[-70.5468,18.5094],[-70.5474,18.5105],[-70.5475,18.5107],[-70.5487,18.5137],[-70.5499,18.5151],[-70.552,18.5157],[-70.5512,18.5176],[-70.5511,18.5178],[-70.5515,18.5184],[-70.552,18.5184],[-70.5535,18.5176],[-70.5543,18.5148],[-70.5546,18.513],[-70.556,18.5125],[-70.5579,18.5138],[-70.5599,18.5167],[-70.5602,18.5179],[-70.5603,18.5182],[-70.5611,18.5206],[-70.5633,18.5206],[-70.5663,18.5219],[-70.5714,18.5239],[-70.5745,18.523],[-70.5775,18.5228],[-70.5801,18.5234],[-70.5815,18.5226],[-70.5841,18.5221],[-70.5843,18.5233],[-70.5863,18.5253],[-70.5849,18.5271],[-70.5858,18.5282],[-70.5854,18.5313],[-70.5895,18.5335],[-70.591,18.5338],[-70.5926,18.5354],[-70.5971,18.5357],[-70.5988,18.5343],[-70.6021,18.5336],[-70.6066,18.5308],[-70.6088,18.53],[-70.6108,18.5313],[-70.6138,18.5353],[-70.615,18.5389],[-70.6169,18.5409],[-70.6174,18.5434],[-70.6185,18.5446],[-70.619,18.5474],[-70.6206,18.5479],[-70.6237,18.5461],[-70.6257,18.5501],[-70.6275,18.5519],[-70.6264,18.5544],[-70.6252,18.5588],[-70.6277,18.5623],[-70.629,18.5633],[-70.6291,18.5657],[-70.6318,18.5667],[-70.6335,18.5683],[-70.6337,18.5696],[-70.6361,18.5704],[-70.6371,18.5726],[-70.6378,18.5729],[-70.6398,18.5744],[-70.6405,18.5761],[-70.6432,18.575],[-70.6465,18.577],[-70.65,18.5807],[-70.6547,18.5809],[-70.6563,18.5824],[-70.6593,18.5838],[-70.6595,18.5854],[-70.6623,18.5854],[-70.663,18.5895],[-70.6653,18.5893],[-70.6674,18.5909],[-70.6694,18.5934],[-70.671,18.5938],[-70.6715,18.5961],[-70.6737,18.599],[-70.6734,18.6001],[-70.6687,18.6046],[-70.6677,18.6064],[-70.6676,18.6066],[-70.6699,18.6091],[-70.6695,18.6114],[-70.6676,18.6149],[-70.6662,18.6151],[-70.6656,18.6175],[-70.6616,18.6216],[-70.6627,18.6226],[-70.6621,18.6253],[-70.6624,18.6278],[-70.6613,18.6316],[-70.6599,18.6327],[-70.6623,18.6354],[-70.6623,18.6403],[-70.6638,18.6409],[-70.6637,18.6438],[-70.6619,18.6467],[-70.6633,18.6484],[-70.6632,18.6499],[-70.6617,18.6515],[-70.6617,18.6549],[-70.663,18.6573],[-70.6645,18.6599],[-70.6675,18.6632],[-70.6714,18.6663],[-70.6725,18.6668],[-70.6737,18.6692],[-70.6766,18.6717],[-70.6759,18.6734],[-70.6777,18.6761],[-70.6786,18.6798],[-70.6833,18.6836],[-70.6861,18.6841],[-70.6866,18.6847]]]},"properties":{"province_name":"AZUA","municipalities":10}},
{"type":"Feature","geometry":{"type":"Polygon","coordinates":[[[-71.1616,18.6191],[-71.1664,18.6199],[-71.1693,18.6197],[-71.1723,18.6203],[-71.1772,18.6232],[-71.1868,18.6262],[-71.1917,18.6266],[-71.194,18.626],[-71.197,18.6224],[-71.2007,18.6215],[-71.2048,18.6219],[-71.212,18.622],[-71.2175,18.6232],[-71.2191,18.6246],[-71.2198,18.628],[-71.2212,18.6289],[-71.2256,18.6278],[-71.2298,18.6262],[-71.235,18.6232],[-71.2454,18.6167],[-71.2478,18.6158],[-71.2533,18.6162],[-71.2579,18.6153],[-71.2651,18.6144],[-71.2805,18.6136],[-71.2823,18.6151],[-71.2874,18.6162],[-71.2892,18.617],[-71.3001,18.6188],[-71.3051,18.6205],[-71.3074,18.6222],[-71.3151,18.6247],[-71.3177,18.625],[-71.3195,18.6241],[-71.324,18.6202],[-71.3274,18.6155],[-71.3321,18.6095],[-71.3366,18.6047],[-71.3418,18.6],[-71.3441,18.5983],[-71.3486,18.597],[-71.3546,18.5936],[-71.3552,18.5899],[-71.358,18.5877],[-71.3604,18.5883],[-71.3638,18.5915],[-71.3655,18.5916],[-71.3688,18.589],[-71.3723,18.5904],[-71.3771,18.5936],[-71.3806,18.5946],[-71.3851,18.5942],[-71.3872,18.5953],[-71.3919,18.5968],[-71.393,18.599],[-71.3924,18.6012],[-71.3933,18.6039],[-71.3924,18.6083],[-71.3929,18.6105],[-71.3949,18.6132],[-71.3965,18.6142],[-71.402,18.6141],[-71.4061,18.6172],[-71.408,18.6177],[-71.4138,18.6145],[-71.4156,18.6118],[-71.4192,18.6077],[-71.421,18.6076],[-71.4233,18.609],[-71.4277,18.6153],[-71.4306,18.6179],[-71.4383,18.6219],[-71.4406,18.6221],[-71.4463,18.6216],[-71.4486,18.6226],[-71.4515,18.6254],[-71.454,18.6268],[-71.4602,18.6284],[-71.4647,18.629],[-71.4692,18.6281],[-71.4729,18.6264],[-71.475,18.6234],[-71.4768,18.6229],[-71.4787,18.6232],[-71.4819,18.6254],[-71.4835,18.6258],[-71.4873,18.6244],[-71.4926,18.626],[-71.495,18.6252],[-71.4998,18.6275],[-71.5053,18.6271],[-71.5141,18.6292],[-71.5174,18.6307],[-71.521,18.6319],[-71.5236,18.6345],[-71.525,18.6405],[-71.5264,18.642],[-71.5334,18.6449],[-71.5379,18.6462],[-71.545,18.6477],[-71.5501,18.6484],[-71.5586,18.651],[-71.5682,18.6537],[-71.5739,18.6534],[-71.5746,18.6484],[-71.5765,18.645],[-71.5775,18.642],[-71.5806,18.64],[-71.5828,18.6377],[-71.5879,18.6366],[-71.5891,18.6369],[-71.604,18.6347],[-71.6058,18.6339],[-71.6088,18.6318],[-71.6092,18.6287],[-71.6092,18.6236],[-71.6108,18.6199],[-71.6096,18.6173],[-71.6036,18.6141],[-71.6004,18.6128],[-71.5942,18.6095],[-71.5932,18.6045],[-71.5936,18.6025],[-71.5967,18.5995],[-71.5993,18.5953],[-71.6041,18.5922],[-71.6064,18.5897],[-71.6087,18.5855],[-71.6097,18.5805],[-71.6109,18.5766],[-71.6129,18.5757],[-71.6146,18.5687],[-71.616,18.5661],[-71.6175,18.5603],[-71.617,18.558],[-71.6185,18.5526],[-71.6182,18.5513],[-71.6197,18.5468],[-71.6212,18.5404],[-71.6235,18.536],[-71.6262,18.5337],[-71.6301,18.5314],[-71.6313,18.5293],[-71.6336,18.5215],[-71.6336,18.5169],[-71.6327,18.5116],[-71.6297,18.5006],[-71.626,18.4957],[-71.619,18.492],[-71.6151,18.4892],[-71.6042,18.4859],[-71.5919,18.4826],[-71.5877,18.4813],[-71.5792,18.4791],[-71.5642,18.4759],[-71.5563,18.4734],[-71.5503,18.472],[-71.5304,18.4651],[-71.5167,18.4601],[-71.5114,18.4587],[-71.5097,18.4587],[-71.5072,18.4603],[-71.5064,18.4592],[-71.5,18.4583],[-71.4988,18.4569],[-71.4943,18.4539],[-71.4927,18.4503],[-71.4909,18.4487],[-71.4871,18.4472],[-71.4858,18.4448],[-71.4796,18.4359],[-71.4768,18.4299],[-71.475,18.4273],[-71.4735,18.4262],[-71.4686,18.4242],[-71.4656,18.4234],[-71.4623,18.425],[-71.4605,18.4265],[-71.4573,18.4257],[-71.4508,18.423],[-71.4463,18.4223],[-71.4449,18.4213],[-71.4425,18.4215],[-71.4388,18.4193],[-71.4371,18.417],[-71.4348,18.415],[-71.4342,18.4136],[-71.4316,18.4116],[-71.4292,18.406],[-71.4289,18.4042],[-71.427,18.402],[-71.4253,18.4021],[-71.4237,18.3996],[-71.4209,18.3995],[-71.4198,18.3955],[-71.4171,18.3931],[-71.4176,18.3826],[-71.4162,18.3815],[-71.4162,18.3791],[-71.4141,18.3754],[-71.4106,18.375],[-71.4062,18.3773],[-71.4037,18.3775],[-71.3858,18.3822],[-71.3758,18.3845],[-71.3715,18.392],[-71.356,18.3996],[-71.3227,18.4148],[-71.3209,18.4189],[-71.2977,18.4192],[-71.277,18.3931],[-71.2766,18.3871],[-71.2739,18.387],[-71.2723,18.3855],[-71.2712,18.3863],[-71.2695,18.3838],[-71.2678,18.3829],[-71.2683,18.3789],[-71.2697,18.3757],[-71.268,18.3743],[-71.2691,18.3683],[-71.2668,18.3656],[-71.2628,18.3649],[-71.2602,18.3654],[-71.2596,18.3641],[-71.2604,18.3613],[-71.2599,18.3592],[-71.2604,18.3575],[-71.2569,18.3548],[-71.2563,18.3521],[-71.254,18.3512],[-71.2513,18.3515],[-71.2497,18.3498],[-71.2464,18.3494],[-71.2479,18.3474],[-71.2482,18.345],[-71.2458,18.3412],[-71.2444,18.3398],[-71.239,18.3373],[-71.2347,18.3374],[-71.2328,18.3364],[-71.2287,18.3369],[-71.2258,18.3352],[-71.2228,18.3321],[-71.2202,18.3322],[-71.2187,18.3313],[-71.2114,18.3255],[-71.2048,18.3265],[-71.1983,18.3257],[-71.196,18.3258],[-71.1942,18.3276],[-71.1919,18.3287],[-71.1868,18.3287],[-71.1822,18.3283],[-71.1733,18.3267],[-71.1694,18.3252],[-71.1691,18.3261],[-71.165,18.3293],[-71.1625,18.3346],[-71.1616,18.3381],[-71.1616,18.343],[-71.1633,18.3454],[-71.1668,18.3449],[-71.1689,18.3433],[-71.1731,18.343],[-71.176,18.3407],[-71.1761,18.3391],[-71.1744,18.337],[-71.1764,18.3358],[-71.1775,18.3342],[-71.1796,18.335],[-71.1812,18.3368],[-71.1868,18.3361],[-71.189,18.3366],[-71.1914,18.3409],[-71.1938,18.3404],[-71.1953,18.3421],[-71.1928,18.3443],[-71.1928,18.3466],[-71.1918,18.3472],[-71.192,18.3495],[-71.1953,18.3492],[-71.1967,18.3501],[-71.1986,18.3497],[-71.2034,18.3504],[-71.2052,18.3533],[-71.2047,18.3587],[-71.203,18.3598],[-71.2037,18.3623],[-71.2059,18.364],[-71.2057,18.3654],[-71.2033,18.3695],[-71.2041,18.3722],[-71.2069,18.3763],[-71.2058,18.3792],[-71.2047,18.3799],[-71.2017,18.3805],[-71.1977,18.3857],[-71.1918,18.3882],[-71.1912,18.3898],[-71.1935,18.3922],[-71.1939,18.3946],[-71.1919,18.3973],[-71.1898,18.3983],[-71.1872,18.398],[-71.1846,18.3999],[-71.1857,18.4008],[-71.1815,18.407],[-71.1798,18.4085],[-71.1759,18.4096],[-71.1742,18.4089],[-71.1726,18.407],[-71.169,18.4051],[-71.167,18.4051],[-71.163,18.4063],[-71.1606,18.4076],[-71.158,18.4078],[-71.1552,18.4107],[-71.1524,18.4129],[-71.1514,18.4147],[-71.147,18.4152],[-71.142,18.4145],[-71.1377,18.4158],[-71.1311,18.4205],[-71.13,18.4245],[-71.1305,18.4269],[-71.1329,18.4285],[-71.1345,18.4286],[-71.1369,18.431],[-71.1388,18.431],[-71.1438,18.4299],[-71.1468,18.4303],[-71.1484,18.4313],[-71.1488,18.4335],[-71.1464,18.4387],[-71.1445,18.441],[-71.1414,18.4408],[-71.1381,18.4388],[-71.1336,18.4378],[-71.1285,18.4397],[-71.1242,18.4404],[-71.1231,18.4415],[-71.1227,18.4435],[-71.1186,18.4455],[-71.1129,18.4492],[-71.1105,18.4527],[-71.1091,18.457],[-71.1083,18.4578],[-71.1049,18.4579],[-71.1005,18.4543],[-71.096,18.4548],[-71.0915,18.4549],[-71.0905,18.4556],[-71.0871,18.456],[-71.0814,18.4606],[-71.0815,18.462],[-71.0834,18.4645],[-71.0839,18.4672],[-71.0824,18.4693],[-71.079,18.4725],[-71.0758,18.4739],[-71.0728,18.4726],[-71.0706,18.4728],[-71.0702,18.477],[-71.0694,18.4786],[-71.0673,18.4793],[-71.064,18.4788],[-71.0604,18.4765],[-71.0586,18.4776],[-71.0559,18.4776],[-71.0531,18.4784],[-71.0511,18.4804],[-71.0499,18.4831],[-71.0477,18.4852],[-71.0462,18.4891],[-71.0465,18.4917],[-71.0475,18.4951],[-71.048,18.4967],[-71.0497,18.4979],[-71.0548,18.498],[-71.0573,18.4991],[-71.0573,18.5031],[-71.0547,18.5048],[-71.0523,18.5051],[-71.0478,18.505],[-71.0449,18.5061],[-71.0396,18.5017],[-71.0386,18.5015],[-71.0355,18.5031],[-71.0335,18.5048],[-71.0339,18.5081],[-71.0393,18.5129],[-71.0423,18.5171],[-71.0426,18.5192],[-71.0419,18.5217],[-71.0402,18.5239],[-71.0373,18.5255],[-71.0326,18.5259],[-71.029,18.525],[-71.022,18.5184],[-71.0193,18.5136],[-71.0189,18.5091],[-71.0172,18.507],[-71.0159,18.504],[-71.0112,18.5022],[-71.0092,18.5025],[-71.0086,18.5054],[-71.0086,18.5084],[-71.007,18.5114],[-71.0002,18.5112],[-70.9964,18.5135],[-70.9931,18.5136],[-70.9882,18.5143],[-70.9875,18.5161],[-70.9851,18.519],[-70.9847,18.5203],[-70.986,18.5258],[-70.9881,18.5279],[-70.9941,18.5289],[-70.9974,18.5318],[-71.0001,18.5317],[-71.0054,18.533],[-71.0102,18.5348],[-71.0236,18.5421],[-71.0284,18.5464],[-71.0293,18.5489],[-71.0311,18.5477],[-71.0329,18.5475],[-71.0358,18.5463],[-71.0386,18.5464],[-71.0435,18.5484],[-71.0465,18.5483],[-71.0477,18.5515],[-71.0507,18.5527],[-71.0532,18.5542],[-71.0553,18.5535],[-71.058,18.5538],[-71.0616,18.5565],[-71.0664,18.557],[-71.0692,18.559],[-71.0723,18.5607],[-71.0743,18.5607],[-71.0765,18.5597],[-71.0779,18.558],[-71.0795,18.5585],[-71.0802,18.5605],[-71.0822,18.5616],[-71.0853,18.5649],[-71.0873,18.5653],[-71.0882,18.5638],[-71.0939,18.5597],[-71.0993,18.5598],[-71.1026,18.5628],[-71.1043,18.5625],[-71.1058,18.5604],[-71.1077,18.559],[-71.1114,18.5607],[-71.1143,18.5608],[-71.1162,18.5615],[-71.1197,18.5609],[-71.1223,18.5624],[-71.1226,18.5635],[-71.1273,18.5666],[-71.1328,18.5714],[-71.1376,18.5737],[-71.1414,18.5762],[-71.1433,18.5797],[-71.1459,18.5821],[-71.1459,18.5897],[-71.1473,18.5913],[-71.1519,18.5928],[-71.1541,18.5972],[-71.1538,18.6003],[-71.1558,18.6038],[-71.1584,18.6073],[-71.1598,18.61],[-71.1615,18.6147],[-71.1616,18.6191]]]},"properties":{"province_name":"BAORUCO","municipalities":5}},
{"type":"Feature","geometry":{"type":"Polygon","coordinates":[[[-70.9687,18.2572],[-70.9614,18.2645],[-70.9602,18.269],[-70.958,18.2731],[-70.9576,18.2758],[-70.9583,18.28],[-70.9561,18.2847],[-70.9538,18.2875],[-70.9531,18.2896],[-70.9497,18.2954],[-70.9478,18.3017],[-70.9478,18.3071],[-70.9486,18.3107],[-70.9503,18.3134],[-70.9544,18.3181],[-70.9582,18.321],[-70.9604,18.3247],[-70.964,18.3334],[-70.9656,18.3358],[-70.972,18.3417],[-70.9718,18.3448],[-70.9738,18.346],[-70.976,18.3493],[-70.978,18.3469],[-70.9797,18.3493],[-70.9791,18.3504],[-70.9802,18.3529],[-70.98,18.3553],[-70.9828,18.3582],[-70.9865,18.3608],[-70.991,18.3631],[-70.9963,18.3649],[-71.0016,18.366],[-71.0077,18.3677],[-71.0099,18.369],[-71.0165,18.3735],[-71.0213,18.3759],[-71.0275,18.3785],[-71.03,18.3768],[-71.0316,18.3764],[-71.0352,18.3769],[-71.0379,18.3789],[-71.042,18.3885],[-71.0466,18.3945],[-71.0472,18.3978],[-71.047,18.4031],[-71.0446,18.4038],[-71.0338,18.4041],[-71.0306,18.4048],[-71.0284,18.4065],[-71.0194,18.4105],[-71.0181,18.412],[-71.0165,18.4161],[-71.0165,18.4184],[-71.0183,18.4232],[-71.0188,18.4279],[-71.0172,18.4354],[-71.0119,18.4414],[-71.0108,18.4441],[-71.0105,18.4473],[-71.009,18.4495],[-71.0053,18.4536],[-71.005,18.4558],[-71.0064,18.4588],[-71.008,18.4604],[-71.0074,18.4619],[-71.0037,18.4644],[-70.9973,18.4673],[-70.9957,18.4691],[-70.9958,18.472],[-70.9968,18.475],[-70.9957,18.4804],[-70.9952,18.486],[-70.997,18.4906],[-70.9995,18.4929],[-71.0021,18.4927],[-71.0071,18.4907],[-71.0112,18.4903],[-71.0198,18.4914],[-71.0236,18.4912],[-71.0255,18.4941],[-71.0286,18.495],[-71.031,18.4974],[-71.0343,18.4965],[-71.0396,18.496],[-71.0419,18.4975],[-71.0427,18.4963],[-71.0447,18.4966],[-71.0475,18.4951],[-71.0465,18.4917],[-71.0462,18.4891],[-71.0477,18.4852],[-71.0499,18.4831],[-71.0511,18.4804],[-71.0531,18.4784],[-71.0559,18.4776],[-71.0586,18.4776],[-71.0604,18.4765],[-71.064,18.4788],[-71.0673,18.4793],[-71.0694,18.4786],[-71.0702,18.477],[-71.0706,18.4728],[-71.0728,18.4726],[-71.0758,18.4739],[-71.079,18.4725],[-71.0824,18.4693],[-71.0839,18.4672],[-71.0834,18.4645],[-71.0815,18.462],[-71.0814,18.4606],[-71.0871,18.456],[-71.0905,18.4556],[-71.0915,18.4549],[-71.096,18.4548],[-71.1005,18.4543],[-71.1049,18.4579],[-71.1083,18.4578],[-71.1091,18.457],[-71.1105,18.4527],[-71.1129,18.4492],[-71.1186,18.4455],[-71.1227,18.4435],[-71.1231,18.4415],[-71.1242,18.4404],[-71.1285,18.4397],[-71.1336,18.4378],[-71.1381,18.4388],[-71.1414,18.4408],[-71.1445,18.441],[-71.1464,18.4387],[-71.1488,18.4335],[-71.1484,18.4313],[-71.1468,18.4303],[-71.1438,18.4299],[-71.1388,18.431],[-71.1369,18.431],[-71.1345,18.4286],[-71.1329,18.4285],[-71.1305,18.4269],[-71.13,18.4245],[-71.1311,18.4205],[-71.1377,18.4158],[-71.142,18.4145],[-71.147,18.4152],[-71.1514,18.4147],[-71.1524,18.4129],[-71.1552,18.4107],[-71.158,18.4078],[-71.1606,18.4076],[-71.163,18.4063],[-71.167,18.4051],[-71.169,18.4051],[-71.1726,18.407],[-71.1742,18.4089],[-71.1759,18.4096],[-71.1798,18.4085],[-71.1815,18.407],[-71.1857,18.4008],[-71.1846,18.3999],[-71.1872,18.398],[-71.1898,18.3983],[-71.1919,18.3973],[-71.1939,18.3946],[-71.1935,18.3922],[-71.1912,18.3898],[-71.1918,18.3882],[-71.1977,18.3857],[-71.2017,18.3805],[-71.2047,18.3799],[-71.2058,18.3792],[-71.2069,18.3763],[-71.2041,18.3722],[-71.2033,18.3695],[-71.2057,18.3654],[-71.2059,18.364],[-71.2037,18.3623],[-71.203,18.3598],[-71.2047,18.3587],[-71.2052,18.3533],[-71.2034,18.3504],[-71.1986,18.3497],[-71.1967,18.3501],[-71.1953,18.3492],[-71.192,18.3495],[-71.1918,18.3472],[-71.1928,18.3466],[-71.1928,18.3443],[-71.1953,18.3421],[-71.1938,18.3404],[-71.1914,18.3409],[-71.189,18.3366],[-71.1868,18.3361],[-71.1812,18.3368],[-71.1796,18.335],[-71.1775,18.3342],[-71.1764,18.3358],[-71.1744,18.337],[-71.1761,18.3391],[-71.176,18.3407],[-71.1731,18.343],[-71.1689,18.3433],[-71.1668,18.3449],[-71.1633,18.3454],[-71.1616,18.343],[-71.1616,18.3381],[-71.1625,18.3346],[-71.165,18.3293],[-71.1691,18.3261],[-71.1694,18.3252],[-71.1733,18.3267],[-71.1822,18.3283],[-71.1868,18.3287],[-71.1919,18.3287],[-71.1942,18.3276],[-71.196,18.3258],[-71.1983,18.3257],[-71.2048,18.3265],[-71.2114,18.3255],[-71.2225,18.3232],[-71.2289,18.3205],[-71.233,18.3171],[-71.236,18.3137],[-71.2365,18.3095],[-71.2363,18.3046],[-71.2372,18.3015],[-71.2407,18.295],[-71.2425,18.2897],[-71.2475,18.2777],[-71.2481,18.2745],[-71.251,18.2752],[-71.2591,18.2718],[-71.2671,18.267],[-71.2704,18.2658],[-71.2737,18.2653],[-71.2788,18.2665],[-71.286,18.27],[-71.2889,18.2716],[-71.2974,18.2751],[-71.3041,18.2781],[-71.3167,18.2811],[-71.3229,18.2819],[-71.328,18.2835],[-71.3365,18.2878],[-71.3418,18.291],[-71.347,18.2949],[-71.3553,18.3016],[-71.3589,18.3051],[-71.3641,18.3076],[-71.3663,18.3069],[-71.3693,18.3015],[-71.3727,18.2991],[-71.3795,18.2953],[-71.3821,18.2932],[-71.3842,18.2923],[-71.3857,18.2873],[-71.3872,18.2865],[-71.3918,18.2819],[-71.3931,18.2763],[-71.388,18.2744],[-71.3846,18.2716],[-71.3864,18.2693],[-71.3836,18.2673],[-71.3792,18.2656],[-71.375,18.2628],[-71.3731,18.262],[-71.3764,18.2581],[-71.376,18.2563],[-71.3777,18.2534],[-71.3777,18.2504],[-71.3766,18.2479],[-71.3778,18.2472],[-71.3791,18.2409],[-71.3799,18.239],[-71.3769,18.2322],[-71.3767,18.2307],[-71.3791,18.2272],[-71.3783,18.2246],[-71.3811,18.2217],[-71.3819,18.2199],[-71.3854,18.2165],[-71.3849,18.2154],[-71.3865,18.2137],[-71.3853,18.2125],[-71.3848,18.2105],[-71.3858,18.2091],[-71.3877,18.2096],[-71.3899,18.2042],[-71.3873,18.2023],[-71.3857,18.1982],[-71.3862,18.1951],[-71.385,18.1941],[-71.3858,18.1901],[-71.3835,18.1886],[-71.3851,18.1875],[-71.3867,18.1853],[-71.3889,18.1841],[-71.3909,18.1862],[-71.3937,18.1873],[-71.3967,18.1879],[-71.3964,18.1898],[-71.3993,18.1897],[-71.4046,18.1909],[-71.4097,18.1932],[-71.4117,18.1933],[-71.4121,18.1945],[-71.4146,18.1954],[-71.4171,18.1973],[-71.4217,18.1973],[-71.425,18.1964],[-71.4243,18.1947],[-71.4247,18.1907],[-71.4238,18.1866],[-71.4272,18.1813],[-71.4287,18.1797],[-71.426,18.1776],[-71.4275,18.1738],[-71.4273,18.1707],[-71.4278,18.1699],[-71.4252,18.1626],[-71.4251,18.1558],[-71.4247,18.1532],[-71.4252,18.1498],[-71.4238,18.1477],[-71.4231,18.1451],[-71.4255,18.1379],[-71.4222,18.1353],[-71.4204,18.1333],[-71.418,18.1325],[-71.4111,18.1289],[-71.4053,18.1314],[-71.4003,18.1319],[-71.3978,18.1314],[-71.3932,18.1291],[-71.3885,18.1238],[-71.386,18.122],[-71.3858,18.1198],[-71.3873,18.1196],[-71.3881,18.1177],[-71.3881,18.1149],[-71.3896,18.1127],[-71.3927,18.1109],[-71.3958,18.1067],[-71.3959,18.1044],[-71.3985,18.1052],[-71.4014,18.1043],[-71.4047,18.1023],[-71.4055,18.0998],[-71.4047,18.0981],[-71.4016,18.0939],[-71.3983,18.0915],[-71.3972,18.0894],[-71.3901,18.0802],[-71.3891,18.0766],[-71.3898,18.073],[-71.3902,18.0686],[-71.3895,18.0634],[-71.3898,18.0587],[-71.3857,18.055],[-71.3841,18.0509],[-71.3841,18.0478],[-71.3851,18.0441],[-71.3896,18.0379],[-71.3938,18.0339],[-71.397,18.0296],[-71.3981,18.027],[-71.4006,18.0238],[-71.4022,18.0205],[-71.4063,18.0141],[-71.4087,18.0117],[-71.4102,18.0109],[-71.4134,18.0116],[-71.4167,18.0154],[-71.4198,18.0174],[-71.4225,18.0184],[-71.4256,18.0185],[-71.4301,18.0181],[-71.4305,18.0156],[-71.4294,18.0127],[-71.43,18.0076],[-71.4289,18.0049],[-71.429,17.9997],[-71.4277,17.9975],[-71.4292,17.9952],[-71.4333,17.9924],[-71.4354,17.9897],[-71.4382,17.9877],[-71.4377,17.9837],[-71.4379,17.9801],[-71.4351,17.9773],[-71.4316,17.9748],[-71.4299,17.9729],[-71.427,17.9718],[-71.4251,17.9697],[-71.4217,17.9676],[-71.4161,17.9671],[-71.411,17.9704],[-71.408,17.9709],[-71.4048,17.9701],[-71.4054,17.9671],[-71.4032,17.9649],[-71.4021,17.9621],[-71.3983,17.964],[-71.3948,17.9607],[-71.3924,17.9577],[-71.3927,17.9559],[-71.395,17.9534],[-71.3865,17.9462],[-71.3849,17.943],[-71.3835,17.9419],[-71.38,17.9414],[-71.3782,17.9406],[-71.3777,17.939],[-71.3805,17.9357],[-71.381,17.9312],[-71.3824,17.9292],[-71.3795,17.9279],[-71.3754,17.9284],[-71.3714,17.9279],[-71.37,17.9283],[-71.368,17.93],[-71.3649,17.9292],[-71.3604,17.9253],[-71.3592,17.9225],[-71.3568,17.9213],[-71.3538,17.9214],[-71.3502,17.9203],[-71.348,17.9204],[-71.3454,17.9185],[-71.3439,17.9164],[-71.3424,17.9159],[-71.3398,17.9162],[-71.3335,17.9202],[-71.3272,17.9194],[-71.3236,17.9173],[-71.3107,17.9171],[-71.3082,17.9143],[-71.3028,17.9145],[-71.2981,17.9122],[-71.2975,17.909],[-71.2986,17.907],[-71.3005,17.9061],[-71.3014,17.9034],[-71.3048,17.9023],[-71.3061,17.9008],[-71.3096,17.8999],[-71.3102,17.8977],[-71.3019,17.8979],[-71.2984,17.8963],[-71.2964,17.8942],[-71.2937,17.8928],[-71.2921,17.8904],[-71.2929,17.8879],[-71.2895,17.881],[-71.2902,17.8775],[-71.292,17.8767],[-71.2919,17.8753],[-71.2882,17.8726],[-71.2851,17.8694],[-71.2838,17.8671],[-71.2843,17.8644],[-71.283,17.8619],[-71.2778,17.8575],[-71.2753,17.8541],[-71.2723,17.8519],[-71.2721,17.8531],[-71.2689,17.8559],[-71.2681,17.8589],[-71.268,17.8616],[-71.2646,17.8646],[-71.2623,17.8683],[-71.2585,17.8715],[-71.2578,17.8737],[-71.2559,17.8742],[-71.2543,17.8757],[-71.2524,17.8787],[-71.2482,17.8794],[-71.2438,17.882],[-71.2398,17.8862],[-71.2377,17.8873],[-71.2357,17.8894],[-71.2352,17.8911],[-71.2246,17.8972],[-71.2217,17.8982],[-71.2185,17.9027],[-71.2176,17.9053],[-71.214,17.9104],[-71.2138,17.9117],[-71.2103,17.9172],[-71.2089,17.9173],[-71.2053,17.9208],[-71.1995,17.928],[-71.1977,17.932],[-71.1969,17.9353],[-71.1941,17.94],[-71.1888,17.9471],[-71.1821,17.9589],[-71.1795,17.9606],[-71.1774,17.9634],[-71.1759,17.9684],[-71.1734,17.9714],[-71.1706,17.9774],[-71.1676,17.9825],[-71.1653,17.9851],[-71.1639,17.9877],[-71.1602,17.9911],[-71.1573,17.995],[-71.1553,17.9961],[-71.1525,17.9955],[-71.1516,17.9978],[-71.1503,17.999],[-71.1494,18.0017],[-71.1474,18.0033],[-71.146,18.006],[-71.1444,18.0076],[-71.1424,18.0074],[-71.1406,18.0084],[-71.138,18.0085],[-71.1377,18.0113],[-71.1379,18.0166],[-71.1388,18.018],[-71.1384,18.0194],[-71.1388,18.0226],[-71.1371,18.0279],[-71.1353,18.0301],[-71.1307,18.0332],[-71.1264,18.0357],[-71.1232,18.0394],[-71.1205,18.0399],[-71.117,18.042],[-71.1161,18.0435],[-71.1175,18.047],[-71.1147,18.0511],[-71.114,18.0541],[-71.1073,18.0628],[-71.1033,18.0655],[-71.1017,18.0647],[-71.0997,18.0651],[-71.0964,18.0666],[-71.0948,18.0682],[-71.0928,18.0749],[-71.0906,18.0763],[-71.0892,18.0786],[-71.0874,18.0828],[-71.0838,18.088],[-71.0832,18.0904],[-71.0815,18.0943],[-71.0792,18.0983],[-71.0784,18.0986],[-71.0754,18.1037],[-71.0738,18.1079],[-71.073,18.1085],[-71.0714,18.1136],[-71.0718,18.1155],[-71.0705,18.1175],[-71.0693,18.1219],[-71.0676,18.1237],[-71.0674,18.1268],[-71.0657,18.1269],[-71.0664,18.129],[-71.0652,18.1311],[-71.0647,18.1361],[-71.0637,18.1366],[-71.0641,18.1438],[-71.0622,18.1463],[-71.0604,18.1474],[-71.0607,18.1497],[-71.0585,18.1525],[-71.0578,18.1553],[-71.0558,18.1564],[-71.0578,18.1575],[-71.0583,18.1591],[-71.06,18.1596],[-71.0602,18.1614],[-71.0616,18.1626],[-71.063,18.165],[-71.0662,18.167],[-71.0689,18.1736],[-71.0679,18.1759],[-71.0701,18.1769],[-71.0711,18.1783],[-71.0717,18.1822],[-71.0719,18.1874],[-71.074,18.1898],[-71.0774,18.1917],[-71.0794,18.1916],[-71.0793,18.1935],[-71.0822,18.1946],[-71.0815,18.1973],[-71.0839,18.1994],[-71.0856,18.1994],[-71.0889,18.2036],[-71.0896,18.2064],[-71.091,18.2064],[-71.0925,18.2089],[-71.0908,18.2123],[-71.0893,18.2132],[-71.0883,18.2156],[-71.0858,18.2137],[-71.0847,18.2153],[-71.0841,18.2183],[-71.088,18.224],[-71.0887,18.2271],[-71.0899,18.2284],[-71.0923,18.2291],[-71.0975,18.2334],[-71.0976,18.2361],[-71.0991,18.2407],[-71.1035,18.2421],[-71.1051,18.2437],[-71.1052,18.2475],[-71.1059,18.2496],[-71.108,18.2518],[-71.109,18.2553],[-71.109,18.2576],[-71.108,18.2626],[-71.1038,18.2708],[-71.1027,18.2742],[-71.0984,18.2812],[-71.0941,18.2857],[-71.0906,18.2902],[-71.0847,18.2952],[-71.0809,18.2991],[-71.0757,18.3034],[-71.0742,18.3052],[-71.0723,18.3052],[-71.0676,18.3089],[-71.065,18.3101],[-71.0633,18.3101],[-71.062,18.313],[-71.0604,18.3129],[-71.0588,18.3144],[-71.055,18.3157],[-71.0511,18.3156],[-71.0473,18.3167],[-71.0442,18.3156],[-71.042,18.3155],[-71.0408,18.3136],[-71.037,18.311],[-71.0346,18.3074],[-71.0331,18.3071],[-71.0316,18.309],[-71.0282,18.3084],[-71.0257,18.311],[-71.0229,18.3105],[-71.0183,18.3081],[-71.0175,18.3066],[-71.0122,18.3053],[-71.0067,18.3017],[-71.0057,18.3018],[-71.0041,18.2995],[-71.0027,18.3008],[-70.9974,18.299],[-70.9962,18.298],[-70.9931,18.2936],[-70.9929,18.2904],[-70.9898,18.2889],[-70.9868,18.2883],[-70.9833,18.2863],[-70.9812,18.2828],[-70.981,18.2793],[-70.9802,18.2782],[-70.9777,18.2712],[-70.9763,18.2688],[-70.9769,18.2651],[-70.9754,18.2622],[-70.9726,18.2596],[-70.9709,18.2591],[-70.9687,18.2572]]]},"properties":{"province_name":"BARAHONA","municipalities":11}},
{"type":"Feature","geometry":{"type":"Polygon","coordinates":[[[-71.5991,19.6267],[-71.6,19.6297],[-71.6016,19.6309],[-71.5991,19.6335],[-71.6004,19.6347],[-71.6005,19.638],[-71.6021,19.6405],[-71.6019,19.6424],[-71.6043,19.645],[-71.609,19.6421],[-71.6129,19.6392],[-71.6225,19.6277],[-71.6294,19.6218],[-71.6395,19.6159],[-71.6403,19.6124],[-71.6413,19.612],[-71.6385,19.6078],[-71.6404,19.6075],[-71.6415,19.6073],[-71.6442,19.6066],[-71.6443,19.6065],[-71.6487,19.6054],[-71.6499,19.6051],[-71.655,19.6033],[-71.6555,19.606],[-71.6568,19.607],[-71.6604,19.6079],[-71.6622,19.6078],[-71.6692,19.6065],[-71.6726,19.6072],[-71.6769,19.6098],[-71.6788,19.6116],[-71.6823,19.6165],[-71.6844,19.6206],[-71.6899,19.6225],[-71.6904,19.6237],[-71.6907,19.6242],[-71.6916,19.6258],[-71.6942,19.6256],[-71.6946,19.6273],[-71.6941,19.6291],[-71.6921,19.6293],[-71.6919,19.6316],[-71.6959,19.6335],[-71.6988,19.6324],[-71.7004,19.6326],[-71.7025,19.634],[-71.7081,19.6349],[-71.7195,19.6358],[-71.7257,19.6361],[-71.7286,19.6357],[-71.7294,19.6312],[-71.7307,19.6301],[-71.7325,19.6311],[-71.7362,19.6347],[-71.7395,19.6398],[-71.746,19.6337],[-71.7442,19.5951],[-71.7439,19.5847],[-71.7314,19.5734],[-71.7239,19.5662],[-71.7245,19.5649],[-71.7244,19.5618],[-71.7213,19.5604],[-71.7232,19.5584],[-71.7207,19.5578],[-71.7172,19.5548],[-71.7138,19.5525],[-71.7121,19.5492],[-71.7128,19.5463],[-71.7124,19.5416],[-71.713,19.5357],[-71.7126,19.5335],[-71.711,19.532],[-71.7074,19.5314],[-71.7054,19.5342],[-71.7041,19.5344],[-71.7022,19.5318],[-71.7035,19.5267],[-71.7035,19.5236],[-71.7027,19.5207],[-71.7004,19.5201],[-71.7001,19.5187],[-71.7007,19.5147],[-71.6981,19.5117],[-71.6959,19.5118],[-71.6929,19.5107],[-71.6903,19.5135],[-71.6892,19.5138],[-71.6879,19.5103],[-71.6894,19.5074],[-71.6894,19.5058],[-71.688,19.503],[-71.6903,19.4996],[-71.6921,19.4948],[-71.6914,19.4921],[-71.6942,19.49],[-71.6935,19.4874],[-71.6933,19.4837],[-71.6922,19.4825],[-71.6943,19.4776],[-71.6933,19.4751],[-71.6907,19.4743],[-71.6889,19.4721],[-71.6908,19.4689],[-71.6904,19.4675],[-71.6872,19.467],[-71.6881,19.4632],[-71.6852,19.461],[-71.6872,19.4595],[-71.6857,19.456],[-71.6803,19.4519],[-71.6799,19.4464],[-71.6784,19.445],[-71.6806,19.4428],[-71.6811,19.4392],[-71.6797,19.4341],[-71.6808,19.4335],[-71.6837,19.4336],[-71.6829,19.4316],[-71.6858,19.4266],[-71.6863,19.4234],[-71.6888,19.4228],[-71.6892,19.4206],[-71.6907,19.4173],[-71.6909,19.415],[-71.6888,19.4142],[-71.6904,19.4111],[-71.6906,19.4072],[-71.6922,19.4045],[-71.6938,19.4035],[-71.6946,19.4018],[-71.6974,19.399],[-71.6987,19.3916],[-71.6971,19.3912],[-71.696,19.3891],[-71.6965,19.3878],[-71.6951,19.3862],[-71.695,19.3814],[-71.6939,19.379],[-71.694,19.3773],[-71.6928,19.3739],[-71.6904,19.3723],[-71.6937,19.368],[-71.6937,19.3649],[-71.6921,19.3625],[-71.6949,19.3596],[-71.7033,19.36],[-71.7051,19.3648],[-71.7076,19.3676],[-71.712,19.3714],[-71.7152,19.3708],[-71.717,19.369],[-71.7172,19.367],[-71.7187,19.3653],[-71.7212,19.3659],[-71.726,19.366],[-71.7312,19.3614],[-71.7406,19.3568],[-71.7422,19.3565],[-71.7459,19.3546],[-71.7468,19.3533],[-71.7458,19.3502],[-71.7486,19.3502],[-71.7508,19.349],[-71.752,19.347],[-71.7536,19.3462],[-71.7547,19.3445],[-71.7567,19.3436],[-71.757,19.3453],[-71.7587,19.3457],[-71.7607,19.3439],[-71.7627,19.3448],[-71.7667,19.342],[-71.7679,19.3395],[-71.7719,19.3378],[-71.7781,19.3343],[-71.7802,19.3321],[-71.7822,19.332],[-71.7821,19.3293],[-71.7802,19.3294],[-71.7773,19.327],[-71.777,19.3232],[-71.7751,19.3226],[-71.7748,19.3205],[-71.7736,19.3198],[-71.7702,19.3209],[-71.7698,19.3174],[-71.7683,19.317],[-71.7669,19.3146],[-71.7669,19.3119],[-71.7657,19.3114],[-71.765,19.3081],[-71.7629,19.3075],[-71.7647,19.3041],[-71.7633,19.3034],[-71.7592,19.3032],[-71.7601,19.3018],[-71.7571,19.301],[-71.7561,19.2988],[-71.7605,19.2958],[-71.7614,19.2931],[-71.7613,19.2913],[-71.759,19.2908],[-71.7568,19.2917],[-71.7562,19.2902],[-71.7542,19.2891],[-71.7535,19.2839],[-71.7552,19.2825],[-71.7556,19.281],[-71.7539,19.2797],[-71.7512,19.2792],[-71.7489,19.2776],[-71.7481,19.2742],[-71.7466,19.2742],[-71.7451,19.2758],[-71.7434,19.2765],[-71.7404,19.2768],[-71.7384,19.2779],[-71.7398,19.2729],[-71.7385,19.2688],[-71.7369,19.2677],[-71.7363,19.2658],[-71.7341,19.2651],[-71.7327,19.2628],[-71.7314,19.2627],[-71.7322,19.2672],[-71.7298,19.2708],[-71.7278,19.275],[-71.7278,19.2771],[-71.7254,19.2783],[-71.7239,19.2758],[-71.7223,19.2702],[-71.7242,19.2688],[-71.7235,19.2673],[-71.7202,19.2662],[-71.717,19.2672],[-71.7158,19.2649],[-71.7132,19.2635],[-71.7125,19.2614],[-71.7089,19.2597],[-71.7067,19.2567],[-71.7087,19.2533],[-71.7085,19.2518],[-71.7062,19.2508],[-71.7054,19.2494],[-71.6979,19.2433],[-71.6978,19.2415],[-71.6955,19.2404],[-71.6943,19.2415],[-71.6923,19.2414],[-71.6909,19.2388],[-71.6859,19.239],[-71.6841,19.2383],[-71.6805,19.239],[-71.6793,19.2405],[-71.6737,19.2364],[-71.6715,19.237],[-71.6698,19.236],[-71.6664,19.2366],[-71.6609,19.2359],[-71.6573,19.2348],[-71.6539,19.2325],[-71.6527,19.235],[-71.6492,19.2343],[-71.6458,19.2354],[-71.644,19.2322],[-71.6389,19.2317],[-71.6377,19.2327],[-71.6362,19.2314],[-71.634,19.2354],[-71.6338,19.2375],[-71.6307,19.2399],[-71.6309,19.242],[-71.6288,19.243],[-71.6258,19.2459],[-71.6234,19.246],[-71.6218,19.2449],[-71.6191,19.2476],[-71.6189,19.2505],[-71.6158,19.2507],[-71.6151,19.2527],[-71.6109,19.2511],[-71.6095,19.247],[-71.6076,19.249],[-71.6046,19.2479],[-71.6031,19.2505],[-71.6012,19.2502],[-71.6018,19.2525],[-71.6003,19.2544],[-71.5974,19.2544],[-71.5991,19.2583],[-71.5988,19.2592],[-71.5963,19.2602],[-71.5972,19.2641],[-71.5972,19.2665],[-71.5952,19.2683],[-71.5965,19.2718],[-71.5939,19.2753],[-71.5946,19.2763],[-71.5924,19.2776],[-71.5914,19.2798],[-71.5914,19.2836],[-71.5904,19.284],[-71.5862,19.2826],[-71.5836,19.2829],[-71.5838,19.2807],[-71.5831,19.2781],[-71.5788,19.2783],[-71.575,19.2794],[-71.5722,19.2773],[-71.5714,19.2749],[-71.5698,19.2745],[-71.5678,19.2719],[-71.5638,19.2712],[-71.5621,19.2729],[-71.5614,19.275],[-71.5572,19.2755],[-71.5558,19.278],[-71.5569,19.2794],[-71.5541,19.2798],[-71.5513,19.277],[-71.5479,19.2766],[-71.547,19.2755],[-71.5475,19.2735],[-71.5444,19.2719],[-71.5422,19.2742],[-71.5408,19.2728],[-71.539,19.2733],[-71.5374,19.2718],[-71.5377,19.2699],[-71.5369,19.2674],[-71.5321,19.2681],[-71.5315,19.2653],[-71.5283,19.2662],[-71.5247,19.2653],[-71.5222,19.2635],[-71.522,19.2661],[-71.5205,19.2687],[-71.518,19.2699],[-71.5174,19.2718],[-71.5153,19.2728],[-71.5154,19.2747],[-71.514,19.2757],[-71.5115,19.2789],[-71.5091,19.2792],[-71.5089,19.2812],[-71.5098,19.2832],[-71.5068,19.2855],[-71.5078,19.2872],[-71.5099,19.2889],[-71.5111,19.2922],[-71.5112,19.2943],[-71.51,19.2961],[-71.5101,19.2996],[-71.5094,19.3007],[-71.5027,19.3057],[-71.5058,19.3088],[-71.5126,19.3114],[-71.5147,19.3116],[-71.5171,19.3134],[-71.5191,19.3172],[-71.5194,19.3216],[-71.5159,19.3271],[-71.5105,19.3287],[-71.5081,19.3312],[-71.5058,19.3311],[-71.5047,19.3321],[-71.5004,19.3315],[-71.4944,19.334],[-71.4942,19.3347],[-71.4891,19.3349],[-71.4881,19.3371],[-71.4857,19.3375],[-71.4859,19.3425],[-71.4827,19.3429],[-71.4826,19.3455],[-71.4811,19.3474],[-71.4819,19.3487],[-71.4794,19.3499],[-71.4777,19.3521],[-71.4787,19.3549],[-71.4805,19.3569],[-71.4831,19.3574],[-71.4846,19.3589],[-71.4839,19.3602],[-71.4849,19.3634],[-71.4827,19.366],[-71.4846,19.3666],[-71.4844,19.3693],[-71.4814,19.3708],[-71.4817,19.373],[-71.4779,19.3738],[-71.476,19.3718],[-71.4743,19.3718],[-71.4737,19.3738],[-71.4711,19.3738],[-71.4707,19.3771],[-71.4715,19.3799],[-71.4695,19.3807],[-71.4671,19.3832],[-71.4682,19.3858],[-71.4696,19.3837],[-71.471,19.3863],[-71.4692,19.3907],[-71.4705,19.3966],[-71.4699,19.3985],[-71.472,19.3991],[-71.473,19.4005],[-71.4729,19.4054],[-71.4736,19.4078],[-71.469,19.4118],[-71.467,19.4114],[-71.4663,19.4142],[-71.4608,19.4161],[-71.4616,19.4183],[-71.4643,19.4202],[-71.467,19.4205],[-71.4683,19.4222],[-71.4667,19.4235],[-71.4677,19.4255],[-71.4649,19.4253],[-71.4623,19.4275],[-71.4617,19.4304],[-71.4587,19.4308],[-71.4608,19.4342],[-71.4605,19.4368],[-71.4626,19.4381],[-71.4661,19.4389],[-71.4678,19.4413],[-71.4679,19.4428],[-71.4658,19.4442],[-71.4647,19.4462],[-71.4675,19.4484],[-71.4681,19.4496],[-71.4667,19.453],[-71.4672,19.4603],[-71.463,19.4638],[-71.4626,19.4667],[-71.4634,19.4699],[-71.4644,19.4715],[-71.4651,19.475],[-71.4647,19.4775],[-71.4623,19.4802],[-71.4614,19.4861],[-71.4658,19.4882],[-71.4657,19.4941],[-71.4639,19.4967],[-71.4617,19.497],[-71.4601,19.5016],[-71.4557,19.5052],[-71.452,19.5063],[-71.4489,19.5091],[-71.4441,19.5095],[-71.4433,19.5106],[-71.4413,19.5103],[-71.4371,19.5108],[-71.4333,19.5139],[-71.4316,19.5161],[-71.4323,19.5215],[-71.4309,19.5229],[-71.4278,19.5233],[-71.4273,19.5243],[-71.4286,19.5309],[-71.4256,19.5315],[-71.426,19.5351],[-71.4285,19.5361],[-71.4315,19.5385],[-71.4337,19.5427],[-71.4368,19.5464],[-71.4393,19.5483],[-71.4429,19.5488],[-71.4481,19.5482],[-71.4519,19.5493],[-71.4533,19.5501],[-71.4574,19.5596],[-71.458,19.5602],[-71.4619,19.562],[-71.467,19.5623],[-71.47,19.5628],[-71.4738,19.5647],[-71.4781,19.5631],[-71.48,19.5621],[-71.4832,19.5623],[-71.4858,19.5637],[-71.4875,19.5654],[-71.4896,19.5662],[-71.4955,19.5666],[-71.5021,19.5699],[-71.5037,19.5716],[-71.505,19.577],[-71.507,19.5794],[-71.5088,19.5801],[-71.5129,19.583],[-71.5139,19.5846],[-71.5135,19.588],[-71.5115,19.5904],[-71.5128,19.5948],[-71.5124,19.596],[-71.5095,19.5969],[-71.5091,19.5979],[-71.5105,19.601],[-71.5103,19.6026],[-71.509,19.6043],[-71.5068,19.6052],[-71.5065,19.6077],[-71.505,19.6088],[-71.506,19.6113],[-71.5097,19.612],[-71.5099,19.6128],[-71.5114,19.6156],[-71.5164,19.6187],[-71.5191,19.6198],[-71.5202,19.6219],[-71.5203,19.6229],[-71.5261,19.6235],[-71.5306,19.6234],[-71.5448,19.6224],[-71.5457,19.6209],[-71.5489,19.6194],[-71.5519,19.6198],[-71.5529,19.6181],[-71.5529,19.6149],[-71.5545,19.6115],[-71.5554,19.6106],[-71.5597,19.6083],[-71.5627,19.6078],[-71.5649,19.61],[-71.5666,19.6107],[-71.5694,19.6132],[-71.5714,19.6131],[-71.5747,19.6122],[-71.5766,19.612],[-71.5785,19.6128],[-71.5803,19.6179],[-71.5836,19.6213],[-71.5867,19.6223],[-71.5884,19.6217],[-71.5926,19.6173],[-71.5934,19.6156],[-71.5965,19.6161],[-71.5989,19.6177],[-71.5992,19.6218],[-71.6015,19.6212],[-71.6017,19.6225],[-71.6001,19.6237],[-71.6002,19.626],[-71.5991,19.6267]]]},"properties":{"province_name":"DAJABÓN","municipalities":5}},
{"type":"Feature","geometry":{"type":"Polygon","coordinates":[[[-70.1967,19.5171],[-70.2086,19.5147],[-70.2129,19.5144],[-70.225,19.5159],[-70.2281,19.516],[-70.2306,19.5175],[-70.2344,19.5179],[-70.2417,19.5195],[-70.2454,19.5217],[-70.2539,19.5227],[-70.2534,19.5205],[-70.2516,19.5185],[-70.2482,19.5161],[-70.2479,19.5139],[-70.2493,19.5128],[-70.25,19.5107],[-70.2488,19.507],[-70.2511,19.5032],[-70.2497,19.5],[-70.2505,19.4968],[-70.2531,19.4955],[-70.255,19.4902],[-70.2579,19.4868],[-70.2603,19.4864],[-70.2632,19.4868],[-70.2668,19.4861],[-70.2696,19.4861],[-70.2714,19.4853],[-70.2734,19.486],[-70.2759,19.4889],[-70.2811,19.4907],[-70.2864,19.4888],[-70.2907,19.4862],[-70.2936,19.4832],[-70.2952,19.4823],[-70.2954,19.4779],[-70.2925,19.4739],[-70.293,19.4723],[-70.2923,19.469],[-70.2894,19.4684],[-70.2881,19.4665],[-70.2893,19.465],[-70.2914,19.4644],[-70.2927,19.4627],[-70.2948,19.4616],[-70.2936,19.4595],[-70.2882,19.4579],[-70.2835,19.4588],[-70.2823,19.457],[-70.2832,19.4526],[-70.2805,19.4517],[-70.2784,19.4498],[-70.2738,19.4507],[-70.2719,19.4553],[-70.2688,19.4551],[-70.2668,19.4557],[-70.2657,19.4577],[-70.2633,19.4551],[-70.2603,19.4547],[-70.261,19.4533],[-70.2584,19.4487],[-70.2604,19.4463],[-70.2625,19.4454],[-70.2645,19.4458],[-70.266,19.448],[-70.2683,19.4465],[-70.2718,19.4472],[-70.2756,19.4464],[-70.2773,19.4444],[-70.2802,19.443],[-70.2805,19.4406],[-70.2799,19.4379],[-70.28,19.4351],[-70.2791,19.4335],[-70.2799,19.4317],[-70.2819,19.4325],[-70.2843,19.431],[-70.2841,19.4286],[-70.2859,19.4286],[-70.2894,19.4267],[-70.2917,19.4267],[-70.2937,19.4238],[-70.2941,19.4201],[-70.2956,19.4183],[-70.3011,19.416],[-70.3016,19.4135],[-70.3036,19.414],[-70.3056,19.4114],[-70.3075,19.4103],[-70.3081,19.4084],[-70.308,19.4057],[-70.312,19.3996],[-70.3146,19.3967],[-70.3163,19.396],[-70.3196,19.3963],[-70.3225,19.3959],[-70.3247,19.3917],[-70.3223,19.3864],[-70.3241,19.3782],[-70.3263,19.3762],[-70.3281,19.3756],[-70.3292,19.3743],[-70.3281,19.3731],[-70.3284,19.3702],[-70.3261,19.3659],[-70.3281,19.3627],[-70.3318,19.359],[-70.3333,19.3556],[-70.3362,19.351],[-70.3366,19.3486],[-70.3392,19.344],[-70.3399,19.3404],[-70.3386,19.3373],[-70.3396,19.3354],[-70.341,19.3381],[-70.3433,19.3405],[-70.3446,19.3426],[-70.347,19.3438],[-70.3494,19.3434],[-70.351,19.3416],[-70.3533,19.3409],[-70.3524,19.3383],[-70.353,19.3348],[-70.351,19.3331],[-70.3463,19.3319],[-70.3454,19.3304],[-70.3479,19.3254],[-70.3478,19.3233],[-70.349,19.3202],[-70.3483,19.319],[-70.3484,19.3162],[-70.3466,19.3114],[-70.3437,19.3111],[-70.3445,19.3094],[-70.3464,19.3088],[-70.3466,19.3064],[-70.3444,19.3048],[-70.3438,19.3018],[-70.3465,19.3013],[-70.3435,19.2986],[-70.3441,19.297],[-70.3461,19.2956],[-70.348,19.292],[-70.3509,19.291],[-70.3517,19.2891],[-70.3522,19.2854],[-70.3534,19.2853],[-70.3557,19.2823],[-70.3577,19.2835],[-70.3617,19.281],[-70.3624,19.2779],[-70.365,19.2774],[-70.367,19.2754],[-70.3664,19.2736],[-70.3681,19.2714],[-70.3672,19.2656],[-70.3694,19.2627],[-70.3683,19.2603],[-70.3707,19.2588],[-70.3688,19.2563],[-70.371,19.2545],[-70.3709,19.2533],[-70.3677,19.2516],[-70.3682,19.248],[-70.3637,19.2457],[-70.3614,19.2418],[-70.3616,19.239],[-70.3598,19.2395],[-70.3604,19.237],[-70.3598,19.2342],[-70.3616,19.2336],[-70.3604,19.2317],[-70.3578,19.2282],[-70.359,19.226],[-70.3568,19.2208],[-70.3581,19.2197],[-70.3576,19.217],[-70.3544,19.2124],[-70.3518,19.2113],[-70.352,19.2092],[-70.3486,19.2066],[-70.3446,19.2062],[-70.3429,19.2052],[-70.343,19.2038],[-70.3404,19.2021],[-70.3356,19.2008],[-70.334,19.2013],[-70.3315,19.197],[-70.329,19.1961],[-70.3291,19.1936],[-70.3275,19.1895],[-70.3254,19.1887],[-70.3232,19.1864],[-70.3225,19.182],[-70.3201,19.1812],[-70.3149,19.1774],[-70.309,19.1753],[-70.3045,19.1756],[-70.3032,19.1738],[-70.3009,19.1729],[-70.3006,19.1704],[-70.2973,19.1682],[-70.2968,19.1659],[-70.295,19.1662],[-70.2915,19.1647],[-70.2889,19.1642],[-70.2897,19.1614],[-70.2859,19.1584],[-70.2824,19.1564],[-70.2819,19.1577],[-70.2805,19.1593],[-70.2793,19.1602],[-70.279,19.1604],[-70.2789,19.1604],[-70.2785,19.1605],[-70.2771,19.16],[-70.2765,19.1598],[-70.2757,19.1603],[-70.2757,19.1604],[-70.2755,19.1621],[-70.2755,19.163],[-70.2754,19.1632],[-70.2749,19.1632],[-70.2748,19.163],[-70.2742,19.1622],[-70.2737,19.1606],[-70.2737,19.1602],[-70.2737,19.16],[-70.2736,19.1595],[-70.273,19.1592],[-70.2723,19.1594],[-70.2716,19.1598],[-70.2715,19.16],[-70.2713,19.1605],[-70.2712,19.1608],[-70.2716,19.1617],[-70.2718,19.163],[-70.2717,19.1631],[-70.2713,19.1636],[-70.2713,19.1646],[-70.2711,19.1657],[-70.2711,19.1658],[-70.2698,19.166],[-70.2692,19.1659],[-70.2689,19.1655],[-70.2689,19.1654],[-70.2685,19.1641],[-70.2685,19.164],[-70.2685,19.1639],[-70.2678,19.1631],[-70.2676,19.163],[-70.2662,19.1628],[-70.2662,19.1627],[-70.2662,19.1626],[-70.2662,19.1623],[-70.2662,19.1618],[-70.2662,19.1614],[-70.2662,19.1613],[-70.2672,19.1599],[-70.2672,19.1598],[-70.2668,19.1593],[-70.2648,19.1596],[-70.2647,19.1597],[-70.2643,19.1598],[-70.2637,19.1602],[-70.2635,19.1604],[-70.2632,19.1605],[-70.2621,19.1607],[-70.2614,19.1608],[-70.2611,19.1608],[-70.2606,19.1607],[-70.2604,19.1606],[-70.2587,19.1606],[-70.2584,19.1607],[-70.2581,19.1614],[-70.2581,19.1624],[-70.257,19.1626],[-70.2556,19.1633],[-70.2555,19.1634],[-70.2539,19.1643],[-70.2539,19.1641],[-70.254,19.1638],[-70.2547,19.1619],[-70.2548,19.1619],[-70.2548,19.1618],[-70.2549,19.1616],[-70.2552,19.1613],[-70.256,19.1604],[-70.256,19.1603],[-70.2549,19.1585],[-70.2531,19.1584],[-70.2525,19.1589],[-70.2518,19.1593],[-70.2508,19.1597],[-70.2503,19.1598],[-70.2502,19.1598],[-70.2499,19.16],[-70.2495,19.1601],[-70.2492,19.1602],[-70.2483,19.1608],[-70.2482,19.161],[-70.2463,19.1619],[-70.2462,19.162],[-70.2461,19.162],[-70.2453,19.1621],[-70.2448,19.1619],[-70.2444,19.1617],[-70.2441,19.161],[-70.2443,19.1583],[-70.2447,19.1579],[-70.2454,19.1578],[-70.2455,19.1578],[-70.246,19.1578],[-70.2466,19.1577],[-70.248,19.1579],[-70.2481,19.1578],[-70.2485,19.1576],[-70.2489,19.1574],[-70.2494,19.1569],[-70.2472,19.1561],[-70.2463,19.156],[-70.245,19.1559],[-70.2448,19.1558],[-70.2432,19.1552],[-70.2421,19.1543],[-70.2419,19.1541],[-70.2412,19.1538],[-70.2402,19.154],[-70.2401,19.154],[-70.24,19.1541],[-70.2396,19.1543],[-70.2392,19.1545],[-70.2389,19.1547],[-70.2387,19.1548],[-70.2378,19.1554],[-70.2377,19.1555],[-70.2375,19.1556],[-70.2372,19.1559],[-70.2369,19.1561],[-70.2363,19.1566],[-70.2351,19.1573],[-70.2346,19.1576],[-70.2341,19.1577],[-70.2338,19.1578],[-70.2323,19.1582],[-70.2299,19.158],[-70.2298,19.1576],[-70.2298,19.1571],[-70.2298,19.157],[-70.2297,19.1564],[-70.2298,19.1561],[-70.2287,19.1533],[-70.2282,19.1526],[-70.2276,19.1513],[-70.2281,19.1505],[-70.2277,19.1496],[-70.2221,19.147],[-70.2215,19.1467],[-70.22,19.1464],[-70.2199,19.1464],[-70.2197,19.1463],[-70.2192,19.1462],[-70.2189,19.1461],[-70.2172,19.1455],[-70.217,19.1453],[-70.2163,19.1451],[-70.216,19.145],[-70.2153,19.1449],[-70.2139,19.1445],[-70.2117,19.143],[-70.2095,19.1422],[-70.2081,19.1418],[-70.2078,19.142],[-70.2076,19.1423],[-70.2069,19.1432],[-70.2064,19.144],[-70.2064,19.1441],[-70.2062,19.1445],[-70.2062,19.1452],[-70.2061,19.1459],[-70.206,19.1464],[-70.2059,19.1472],[-70.2058,19.1477],[-70.2056,19.1485],[-70.2055,19.1499],[-70.2056,19.1511],[-70.2055,19.1521],[-70.2051,19.1534],[-70.2047,19.1558],[-70.2036,19.1563],[-70.2032,19.1558],[-70.2031,19.1557],[-70.203,19.1556],[-70.2018,19.1537],[-70.2019,19.1515],[-70.2003,19.1512],[-70.198,19.1525],[-70.1977,19.1526],[-70.1969,19.1533],[-70.1966,19.1536],[-70.1936,19.1566],[-70.1925,19.1576],[-70.1915,19.1581],[-70.1884,19.1602],[-70.1874,19.1608],[-70.1866,19.1611],[-70.1859,19.1615],[-70.1848,19.1625],[-70.1837,19.1648],[-70.1814,19.1636],[-70.1812,19.1632],[-70.1796,19.1637],[-70.1778,19.1657],[-70.1766,19.1649],[-70.1747,19.1647],[-70.1723,19.1646],[-70.1718,19.1643],[-70.1712,19.1636],[-70.1705,19.1612],[-70.1713,19.1589],[-70.1692,19.1576],[-70.1707,19.1565],[-70.1708,19.1563],[-70.1712,19.1556],[-70.1716,19.1543],[-70.1729,19.153],[-70.1727,19.152],[-70.1722,19.1519],[-70.1699,19.1519],[-70.1683,19.1528],[-70.1659,19.1551],[-70.1657,19.1556],[-70.1655,19.156],[-70.1652,19.1561],[-70.1644,19.156],[-70.1637,19.1555],[-70.1618,19.1552],[-70.1605,19.1569],[-70.1603,19.1564],[-70.1602,19.156],[-70.1601,19.1536],[-70.1585,19.1517],[-70.1582,19.1519],[-70.1566,19.1527],[-70.1555,19.1536],[-70.1558,19.1539],[-70.1572,19.1546],[-70.1561,19.1562],[-70.1548,19.1564],[-70.1537,19.1546],[-70.1537,19.1542],[-70.1536,19.1541],[-70.1517,19.153],[-70.1515,19.1535],[-70.1512,19.1546],[-70.1495,19.1548],[-70.1472,19.1542],[-70.1461,19.1561],[-70.1462,19.1562],[-70.1481,19.1577],[-70.1476,19.159],[-70.1472,19.1592],[-70.1471,19.1593],[-70.1461,19.1604],[-70.1438,19.1598],[-70.1414,19.16],[-70.1409,19.1598],[-70.1407,19.1596],[-70.1404,19.1593],[-70.1402,19.159],[-70.1402,19.1589],[-70.1395,19.1574],[-70.1387,19.1581],[-70.1386,19.1584],[-70.1378,19.1591],[-70.1354,19.1615],[-70.1376,19.1624],[-70.1372,19.1633],[-70.1356,19.1632],[-70.1355,19.1631],[-70.1347,19.1625],[-70.1343,19.1617],[-70.1343,19.1616],[-70.1342,19.1614],[-70.1342,19.161],[-70.1341,19.1602],[-70.1339,19.159],[-70.1337,19.1588],[-70.1331,19.1588],[-70.133,19.1588],[-70.1312,19.1594],[-70.1312,19.1593],[-70.1321,19.1579],[-70.1344,19.1565],[-70.1338,19.1544],[-70.1348,19.154],[-70.1371,19.1533],[-70.1369,19.1526],[-70.137,19.1521],[-70.1371,19.1518],[-70.1371,19.151],[-70.1368,19.1506],[-70.1344,19.1503],[-70.1343,19.1503],[-70.1337,19.1504],[-70.1321,19.1507],[-70.1317,19.1508],[-70.131,19.1502],[-70.1304,19.1494],[-70.128,19.151],[-70.1269,19.1533],[-70.1269,19.1534],[-70.1292,19.1548],[-70.1292,19.1551],[-70.1294,19.1571],[-70.1294,19.1572],[-70.1289,19.1582],[-70.1276,19.1584],[-70.1251,19.1582],[-70.1247,19.1582],[-70.1199,19.157],[-70.121,19.1554],[-70.1216,19.155],[-70.1215,19.1547],[-70.1196,19.154],[-70.1192,19.1541],[-70.1189,19.1542],[-70.1187,19.1543],[-70.1183,19.1564],[-70.118,19.1578],[-70.118,19.1579],[-70.118,19.158],[-70.1181,19.1583],[-70.119,19.1593],[-70.1177,19.1613],[-70.117,19.1613],[-70.1167,19.1612],[-70.116,19.1608],[-70.1159,19.1605],[-70.1162,19.1587],[-70.1143,19.1586],[-70.1137,19.159],[-70.1136,19.159],[-70.113,19.1593],[-70.1127,19.1595],[-70.1125,19.1595],[-70.1113,19.1599],[-70.1085,19.159],[-70.1085,19.1588],[-70.1068,19.158],[-70.1066,19.1586],[-70.1063,19.1596],[-70.1049,19.1597],[-70.1043,19.1583],[-70.1042,19.158],[-70.1035,19.1572],[-70.1041,19.1553],[-70.1057,19.1559],[-70.1066,19.1563],[-70.107,19.1564],[-70.108,19.1564],[-70.1084,19.1549],[-70.1084,19.1545],[-70.1083,19.1542],[-70.1078,19.154],[-70.1074,19.154],[-70.1059,19.1539],[-70.1035,19.1539],[-70.1017,19.1524],[-70.1014,19.1511],[-70.1,19.1501],[-70.0996,19.1502],[-70.0994,19.1504],[-70.0985,19.1514],[-70.0979,19.1523],[-70.0976,19.1525],[-70.0953,19.1538],[-70.0945,19.1538],[-70.0913,19.1545],[-70.0882,19.1547],[-70.0863,19.1542],[-70.0857,19.1539],[-70.0854,19.1536],[-70.0853,19.1536],[-70.0837,19.153],[-70.0825,19.1529],[-70.0817,19.1527],[-70.0805,19.1525],[-70.0764,19.1515],[-70.0745,19.1502],[-70.0744,19.1501],[-70.0737,19.1496],[-70.0735,19.1495],[-70.0728,19.1492],[-70.0727,19.1492],[-70.0722,19.149],[-70.0721,19.149],[-70.0706,19.1486],[-70.0703,19.1485],[-70.0698,19.1481],[-70.0697,19.1479],[-70.0697,19.1477],[-70.0695,19.147],[-70.066,19.1467],[-70.0647,19.1458],[-70.0643,19.1452],[-70.0636,19.1448],[-70.0614,19.1434],[-70.0612,19.1423],[-70.0607,19.1416],[-70.0601,19.1415],[-70.0598,19.1416],[-70.0594,19.1417],[-70.0588,19.142],[-70.0584,19.1424],[-70.0579,19.1428],[-70.0565,19.1438],[-70.0554,19.144],[-70.0536,19.1416],[-70.0534,19.1402],[-70.0533,19.14],[-70.0524,19.1392],[-70.0507,19.1381],[-70.0505,19.1378],[-70.0503,19.1375],[-70.0502,19.1373],[-70.05,19.1371],[-70.0475,19.1365],[-70.0467,19.1365],[-70.0457,19.1362],[-70.0454,19.1359],[-70.0453,19.1358],[-70.0451,19.1357],[-70.0441,19.1352],[-70.0414,19.1327],[-70.0414,19.1303],[-70.0434,19.129],[-70.043,19.1241],[-70.0427,19.1227],[-70.0444,19.1205],[-70.0455,19.1168],[-70.0442,19.1159],[-70.044,19.114],[-70.0409,19.1123],[-70.0417,19.1107],[-70.0438,19.1112],[-70.0438,19.1094],[-70.0419,19.1055],[-70.0396,19.1018],[-70.0345,19.0965],[-70.0277,19.0912],[-70.0217,19.087],[-70.0187,19.0854],[-70.0151,19.0848],[-70.0109,19.085],[-70.0071,19.0833],[-70.0042,19.0814],[-70.0008,19.0803],[-69.9991,19.0761],[-69.9966,19.0753],[-69.9964,19.0743],[-69.9954,19.0748],[-69.9957,19.0754],[-69.9953,19.0758],[-69.995,19.0758],[-69.9945,19.0759],[-69.9942,19.0759],[-69.9938,19.0759],[-69.9934,19.0767],[-69.9926,19.078],[-69.9922,19.0782],[-69.9911,19.0783],[-69.9898,19.0809],[-69.9898,19.081],[-69.9887,19.0806],[-69.9866,19.0812],[-69.9864,19.0813],[-69.9849,19.0823],[-69.9865,19.0841],[-69.9866,19.0854],[-69.9872,19.087],[-69.9891,19.088],[-69.9878,19.0912],[-69.9872,19.0945],[-69.9884,19.0997],[-69.9722,19.0992],[-69.9558,19.0978],[-69.946,19.098],[-69.9458,19.1051],[-69.9472,19.1087],[-69.9475,19.1108],[-69.9495,19.1153],[-69.9501,19.1166],[-69.9499,19.119],[-69.952,19.1238],[-69.9521,19.1264],[-69.9501,19.1263],[-69.9475,19.1245],[-69.9455,19.1242],[-69.9421,19.1257],[-69.9364,19.1244],[-69.9294,19.122],[-69.9297,19.1213],[-69.9298,19.1206],[-69.9305,19.1171],[-69.9297,19.1165],[-69.9304,19.1129],[-69.9299,19.1105],[-69.928,19.1081],[-69.9272,19.1076],[-69.9271,19.1074],[-69.9246,19.1062],[-69.9203,19.1057],[-69.9194,19.1051],[-69.9183,19.1053],[-69.918,19.1056],[-69.9123,19.1049],[-69.9068,19.1019],[-69.904,19.1015],[-69.9019,19.1002],[-69.9003,19.0998],[-69.8988,19.0999],[-69.8968,19.0994],[-69.8954,19.0984],[-69.8946,19.0962],[-69.895,19.0928],[-69.8952,19.0918],[-69.8972,19.0881],[-69.8998,19.0813],[-69.9007,19.0806],[-69.9015,19.08],[-69.9019,19.0795],[-69.9021,19.0793],[-69.9025,19.079],[-69.9026,19.0787],[-69.9026,19.0786],[-69.9026,19.0783],[-69.9029,19.078],[-69.9028,19.0777],[-69.9037,19.0759],[-69.9046,19.075],[-69.9047,19.0748],[-69.905,19.0739],[-69.9052,19.0737],[-69.9053,19.0735],[-69.9056,19.073],[-69.9061,19.0719],[-69.9061,19.0718],[-69.9066,19.0697],[-69.9052,19.0668],[-69.9053,19.0667],[-69.9053,19.0666],[-69.9055,19.0662],[-69.9056,19.0662],[-69.9058,19.0659],[-69.9058,19.0656],[-69.9057,19.0653],[-69.9053,19.0646],[-69.9051,19.0641],[-69.9051,19.0637],[-69.9058,19.0628],[-69.9059,19.0624],[-69.9058,19.0622],[-69.9059,19.0618],[-69.9059,19.0616],[-69.906,19.0614],[-69.907,19.0616],[-69.9071,19.0607],[-69.9072,19.0606],[-69.9078,19.0607],[-69.9079,19.0607],[-69.9081,19.0604],[-69.908,19.0599],[-69.9079,19.0597],[-69.9078,19.0597],[-69.9073,19.0592],[-69.9072,19.0585],[-69.9077,19.0587],[-69.9077,19.0588],[-69.9081,19.0589],[-69.9082,19.0587],[-69.9081,19.0585],[-69.908,19.0584],[-69.908,19.0583],[-69.9077,19.0573],[-69.9081,19.0567],[-69.9084,19.0566],[-69.9085,19.0563],[-69.9081,19.056],[-69.908,19.056],[-69.9073,19.0559],[-69.9069,19.0561],[-69.9067,19.0564],[-69.9066,19.0564],[-69.9065,19.0565],[-69.9064,19.0563],[-69.9064,19.0562],[-69.9065,19.0561],[-69.9065,19.0559],[-69.9066,19.0556],[-69.9066,19.0555],[-69.9065,19.0553],[-69.9064,19.0551],[-69.9063,19.055],[-69.9063,19.0547],[-69.907,19.0543],[-69.9075,19.0547],[-69.9076,19.0548],[-69.9077,19.0548],[-69.9078,19.0549],[-69.9081,19.0547],[-69.9081,19.0546],[-69.9081,19.0545],[-69.9082,19.054],[-69.9084,19.0538],[-69.9088,19.0539],[-69.9089,19.0542],[-69.9091,19.0544],[-69.9094,19.0543],[-69.9095,19.0542],[-69.9096,19.0541],[-69.9097,19.0541],[-69.9101,19.0541],[-69.9105,19.0539],[-69.9105,19.0538],[-69.9104,19.0536],[-69.9102,19.0534],[-69.91,19.0533],[-69.9097,19.053],[-69.9096,19.0531],[-69.9095,19.0531],[-69.9094,19.0532],[-69.9089,19.0533],[-69.9085,19.0532],[-69.9084,19.053],[-69.9087,19.0528],[-69.9088,19.0527],[-69.9089,19.0525],[-69.909,19.0524],[-69.9091,19.0523],[-69.9091,19.0522],[-69.9088,19.052],[-69.9079,19.0521],[-69.9073,19.052],[-69.9064,19.0504],[-69.9057,19.0499],[-69.9056,19.0495],[-69.9045,19.0495],[-69.9037,19.0493],[-69.8986,19.0496],[-69.8965,19.0486],[-69.8917,19.049],[-69.887,19.0491],[-69.8843,19.0478],[-69.8811,19.0469],[-69.8766,19.0473],[-69.8748,19.0444],[-69.8699,19.0444],[-69.8694,19.0473],[-69.8681,19.0497],[-69.8678,19.0534],[-69.8714,19.0618],[-69.8727,19.0637],[-69.8754,19.0665],[-69.8753,19.0682],[-69.8726,19.0695],[-69.8721,19.0707],[-69.8715,19.0762],[-69.872,19.0791],[-69.8754,19.0829],[-69.8765,19.085],[-69.8752,19.0864],[-69.8699,19.0831],[-69.869,19.0833],[-69.8667,19.0893],[-69.8637,19.0895],[-69.8619,19.088],[-69.8586,19.0864],[-69.8562,19.0818],[-69.8543,19.0776],[-69.852,19.0781],[-69.8506,19.0806],[-69.847,19.0803],[-69.8452,19.0806],[-69.8413,19.0837],[-69.8383,19.0836],[-69.8347,19.0849],[-69.8306,19.0823],[-69.8256,19.0857],[-69.824,19.0833],[-69.8213,19.0814],[-69.8179,19.0812],[-69.8161,19.0826],[-69.8124,19.0819],[-69.8091,19.0795],[-69.8045,19.0796],[-69.8014,19.0812],[-69.7982,19.0836],[-69.7957,19.0864],[-69.795,19.0897],[-69.7907,19.0952],[-69.7856,19.098],[-69.7841,19.095],[-69.7821,19.0939],[-69.7804,19.0943],[-69.7784,19.0964],[-69.7776,19.0997],[-69.7759,19.1011],[-69.7743,19.1014],[-69.7674,19.0993],[-69.7588,19.0978],[-69.7559,19.0976],[-69.7501,19.0959],[-69.7439,19.0962],[-69.7336,19.0952],[-69.7329,19.0963],[-69.7324,19.0967],[-69.7321,19.0974],[-69.731,19.0987],[-69.7277,19.1],[-69.724,19.1001],[-69.7233,19.1016],[-69.7202,19.1031],[-69.7211,19.1051],[-69.7205,19.1067],[-69.7213,19.1116],[-69.7224,19.1126],[-69.723,19.1129],[-69.724,19.1122],[-69.7254,19.1125],[-69.7298,19.1158],[-69.7329,19.1235],[-69.7356,19.1276],[-69.7371,19.1283],[-69.7372,19.1303],[-69.7392,19.1324],[-69.7423,19.1334],[-69.7459,19.1421],[-69.7489,19.1469],[-69.7484,19.1504],[-69.7447,19.1508],[-69.7429,19.1533],[-69.738,19.1563],[-69.7356,19.155],[-69.736,19.1479],[-69.7333,19.1428],[-69.7297,19.1415],[-69.7274,19.1414],[-69.7251,19.1391],[-69.7232,19.139],[-69.7193,19.1413],[-69.7187,19.1435],[-69.7167,19.1461],[-69.7125,19.1458],[-69.7108,19.1465],[-69.7067,19.1493],[-69.7053,19.1509],[-69.7045,19.154],[-69.7066,19.1565],[-69.7089,19.1568],[-69.71,19.159],[-69.7088,19.1596],[-69.7051,19.1598],[-69.7033,19.1582],[-69.7024,19.1571],[-69.7006,19.1581],[-69.6995,19.162],[-69.6975,19.1616],[-69.6962,19.1629],[-69.696,19.165],[-69.6969,19.1676],[-69.6918,19.1647],[-69.6911,19.1653],[-69.6912,19.1681],[-69.6891,19.1677],[-69.6892,19.1642],[-69.6868,19.164],[-69.6854,19.166],[-69.685,19.1694],[-69.6827,19.1697],[-69.6797,19.1689],[-69.6788,19.1711],[-69.677,19.1711],[-69.6754,19.1712],[-69.6745,19.1737],[-69.6747,19.1743],[-69.6758,19.1746],[-69.6763,19.1761],[-69.6743,19.1769],[-69.675,19.1782],[-69.6756,19.1816],[-69.6736,19.1824],[-69.6754,19.1836],[-69.6727,19.1846],[-69.671,19.1886],[-69.673,19.1886],[-69.6734,19.19],[-69.6705,19.1907],[-69.6699,19.193],[-69.6685,19.1936],[-69.666,19.1963],[-69.6645,19.1986],[-69.6612,19.2005],[-69.659,19.2005],[-69.6553,19.1999],[-69.6524,19.2003],[-69.6518,19.2017],[-69.6533,19.2017],[-69.654,19.2032],[-69.6537,19.2055],[-69.6559,19.2078],[-69.6595,19.2076],[-69.6633,19.2056],[-69.6649,19.2029],[-69.666,19.203],[-69.6725,19.2093],[-69.6826,19.2176],[-69.6836,19.2192],[-69.6933,19.2201],[-69.7041,19.2216],[-69.7106,19.2227],[-69.7208,19.2242],[-69.731,19.2255],[-69.7429,19.2257],[-69.7502,19.2235],[-69.7567,19.2229],[-69.7614,19.2235],[-69.7637,19.2222],[-69.765,19.2214],[-69.7719,19.2189],[-69.7745,19.2141],[-69.7759,19.21],[-69.7786,19.208],[-69.7791,19.2056],[-69.778,19.2039],[-69.7792,19.2021],[-69.7813,19.2022],[-69.7836,19.2037],[-69.7859,19.2037],[-69.7869,19.2047],[-69.788,19.208],[-69.7913,19.207],[-69.7945,19.2057],[-69.797,19.2077],[-69.7996,19.211],[-69.8065,19.2173],[-69.8106,19.2196],[-69.8198,19.2263],[-69.8236,19.2296],[-69.8344,19.2304],[-69.8408,19.2291],[-69.845,19.2304],[-69.8483,19.2309],[-69.8506,19.2321],[-69.8557,19.2361],[-69.8586,19.2388],[-69.8619,19.2388],[-69.8651,19.2385],[-69.8689,19.2374],[-69.8722,19.2356],[-69.8786,19.2357],[-69.8805,19.2355],[-69.8845,19.233],[-69.8876,19.2329],[-69.8902,19.2336],[-69.8929,19.2369],[-69.8972,19.2437],[-69.8991,19.2451],[-69.9019,19.2437],[-69.9035,19.244],[-69.9079,19.2432],[-69.9112,19.2445],[-69.9133,19.2449],[-69.9151,19.2463],[-69.9171,19.2493],[-69.9139,19.2509],[-69.9144,19.2532],[-69.9154,19.2534],[-69.9161,19.2538],[-69.9166,19.2563],[-69.9167,19.2563],[-69.9172,19.2568],[-69.9174,19.2572],[-69.9181,19.2583],[-69.9197,19.2583],[-69.9242,19.2588],[-69.9267,19.2568],[-69.9292,19.2562],[-69.9308,19.2547],[-69.9326,19.2523],[-69.937,19.2524],[-69.9406,19.2515],[-69.9416,19.253],[-69.9446,19.2537],[-69.9474,19.2553],[-69.9501,19.2553],[-69.9547,19.2581],[-69.9556,19.2596],[-69.9599,19.2629],[-69.9621,19.2657],[-69.9639,19.2678],[-69.9643,19.2708],[-69.9656,19.2717],[-69.9699,19.2715],[-69.9727,19.2716],[-69.9736,19.27],[-69.9761,19.2693],[-69.9786,19.2694],[-69.9811,19.2706],[-69.9843,19.2702],[-69.9876,19.273],[-69.9885,19.2731],[-69.9895,19.2731],[-69.9917,19.2722],[-69.9935,19.2723],[-69.9973,19.2727],[-69.9991,19.272],[-70.001,19.2696],[-70.0025,19.2697],[-70.0029,19.2709],[-70.0013,19.2736],[-70.0023,19.275],[-70.0048,19.2744],[-70.0063,19.2759],[-70.0089,19.2762],[-70.0119,19.2746],[-70.0144,19.2748],[-70.0165,19.2742],[-70.0172,19.2746],[-70.0191,19.279],[-70.022,19.2801],[-70.0216,19.2834],[-70.0198,19.2883],[-70.0159,19.2923],[-70.0154,19.2936],[-70.0153,19.2969],[-70.0145,19.2996],[-70.0147,19.3011],[-70.0178,19.3066],[-70.0184,19.3109],[-70.0174,19.3137],[-70.0176,19.3156],[-70.015,19.3192],[-70.0157,19.3212],[-70.0192,19.3225],[-70.0257,19.323],[-70.0281,19.3223],[-70.0325,19.3228],[-70.0345,19.3242],[-70.0411,19.3253],[-70.0465,19.3291],[-70.0524,19.3322],[-70.0544,19.3323],[-70.0612,19.3346],[-70.0634,19.3346],[-70.0689,19.3365],[-70.0746,19.3395],[-70.0804,19.3418],[-70.0882,19.3438],[-70.0918,19.3441],[-70.0974,19.3458],[-70.1018,19.3508],[-70.1036,19.3525],[-70.1023,19.3559],[-70.097,19.3631],[-70.0957,19.3674],[-70.0935,19.3701],[-70.0913,19.3713],[-70.0901,19.3727],[-70.0893,19.3745],[-70.0909,19.377],[-70.0902,19.3812],[-70.0905,19.3824],[-70.0889,19.3855],[-70.0865,19.3866],[-70.0856,19.3885],[-70.0856,19.3907],[-70.0838,19.3937],[-70.0802,19.3962],[-70.0795,19.3981],[-70.0804,19.3999],[-70.0792,19.401],[-70.0808,19.4022],[-70.0804,19.404],[-70.0786,19.4072],[-70.0768,19.4082],[-70.0759,19.4103],[-70.0768,19.4118],[-70.0792,19.4135],[-70.0797,19.4162],[-70.0792,19.4211],[-70.0795,19.4229],[-70.0789,19.4245],[-70.0798,19.4274],[-70.0787,19.4297],[-70.08,19.432],[-70.0824,19.4326],[-70.0832,19.432],[-70.087,19.4304],[-70.0903,19.4308],[-70.0953,19.4338],[-70.0997,19.4341],[-70.1016,19.4333],[-70.1027,19.4341],[-70.1046,19.4362],[-70.1078,19.4366],[-70.1139,19.4364],[-70.1144,19.4356],[-70.1131,19.4332],[-70.114,19.4326],[-70.1171,19.4324],[-70.1182,19.4311],[-70.1179,19.428],[-70.1195,19.4283],[-70.1229,19.4295],[-70.1249,19.4293],[-70.1261,19.431],[-70.1253,19.4328],[-70.1258,19.4353],[-70.1261,19.4377],[-70.1242,19.4405],[-70.1252,19.4429],[-70.1238,19.4466],[-70.1268,19.4497],[-70.1269,19.451],[-70.1299,19.4538],[-70.1325,19.4598],[-70.1315,19.4624],[-70.1285,19.4645],[-70.128,19.4672],[-70.1291,19.469],[-70.1288,19.4723],[-70.1283,19.4734],[-70.1315,19.4768],[-70.1319,19.4793],[-70.1302,19.482],[-70.1304,19.4837],[-70.1363,19.4869],[-70.1371,19.4881],[-70.1371,19.4926],[-70.1361,19.4993],[-70.1366,19.5026],[-70.1375,19.5068],[-70.1398,19.5094],[-70.1422,19.5101],[-70.147,19.5096],[-70.1511,19.5113],[-70.1519,19.5108],[-70.1552,19.5098],[-70.1586,19.5097],[-70.1636,19.5127],[-70.1706,19.5143],[-70.1796,19.5155],[-70.1845,19.5155],[-70.1899,19.5167],[-70.1967,19.5171]]]},"properties":{"province_name":"DUARTE","municipalities":7}},
{"type":"Feature","geometry":{"type":"Polygon","coordinates":[[[-71.5153,19.2728],[-71.5174,19.2718],[-71.518,19.2699],[-71.5205,19.2687],[-71.522,19.2661],[-71.5222,19.2635],[-71.5247,19.2653],[-71.5283,19.2662],[-71.5315,19.2653],[-71.5321,19.2681],[-71.5369,19.2674],[-71.5377,19.2699],[-71.5374,19.2718],[-71.539,19.2733],[-71.5408,19.2728],[-71.5422,19.2742],[-71.5444,19.2719],[-71.5475,19.2735],[-71.547,19.2755],[-71.5479,19.2766],[-71.5513,19.277],[-71.5541,19.2798],[-71.5569,19.2794],[-71.5558,19.278],[-71.5572,19.2755],[-71.5614,19.275],[-71.5621,19.2729],[-71.5638,19.2712],[-71.5678,19.2719],[-71.5698,19.2745],[-71.5714,19.2749],[-71.5722,19.2773],[-71.575,19.2794],[-71.5788,19.2783],[-71.5831,19.2781],[-71.5838,19.2807],[-71.5836,19.2829],[-71.5862,19.2826],[-71.5904,19.284],[-71.5914,19.2836],[-71.5914,19.2798],[-71.5924,19.2776],[-71.5946,19.2763],[-71.5939,19.2753],[-71.5965,19.2718],[-71.5952,19.2683],[-71.5972,19.2665],[-71.5972,19.2641],[-71.5963,19.2602],[-71.5988,19.2592],[-71.5991,19.2583],[-71.5974,19.2544],[-71.6003,19.2544],[-71.6018,19.2525],[-71.6012,19.2502],[-71.6031,19.2505],[-71.6046,19.2479],[-71.6076,19.249],[-71.6095,19.247],[-71.6109,19.2511],[-71.6151,19.2527],[-71.6158,19.2507],[-71.6189,19.2505],[-71.6191,19.2476],[-71.6218,19.2449],[-71.6234,19.246],[-71.6258,19.2459],[-71.6288,19.243],[-71.6309,19.242],[-71.6307,19.2399],[-71.6338,19.2375],[-71.634,19.2354],[-71.6362,19.2314],[-71.6377,19.2327],[-71.6389,19.2317],[-71.6389,19.2268],[-71.6378,19.2243],[-71.6362,19.2233],[-71.6346,19.2212],[-71.634,19.2176],[-71.6315,19.2156],[-71.6284,19.2115],[-71.631,19.2076],[-71.6249,19.2084],[-71.6225,19.2077],[-71.624,19.2063],[-71.6236,19.2043],[-71.625,19.203],[-71.6274,19.206],[-71.6299,19.205],[-71.631,19.2058],[-71.6341,19.2048],[-71.6349,19.2018],[-71.6381,19.1986],[-71.6384,19.1961],[-71.6368,19.194],[-71.6388,19.1926],[-71.6367,19.1917],[-71.6331,19.1883],[-71.6305,19.1894],[-71.629,19.1883],[-71.6293,19.1867],[-71.6267,19.1867],[-71.6281,19.1839],[-71.6273,19.1816],[-71.6302,19.1819],[-71.6309,19.1834],[-71.6361,19.1808],[-71.6378,19.1784],[-71.6392,19.179],[-71.6454,19.1777],[-71.6447,19.1761],[-71.6428,19.1748],[-71.64,19.1749],[-71.6361,19.1708],[-71.6344,19.1695],[-71.637,19.1663],[-71.6384,19.1676],[-71.6412,19.1685],[-71.6422,19.1669],[-71.6443,19.1684],[-71.6461,19.1687],[-71.6453,19.1655],[-71.6476,19.1638],[-71.647,19.1629],[-71.6447,19.1631],[-71.6435,19.1589],[-71.6424,19.1572],[-71.6437,19.1545],[-71.6454,19.1524],[-71.64,19.1467],[-71.6422,19.1449],[-71.6454,19.1452],[-71.6469,19.1443],[-71.6488,19.1448],[-71.6497,19.1428],[-71.6525,19.1427],[-71.6559,19.1437],[-71.6565,19.1432],[-71.6526,19.139],[-71.6512,19.1389],[-71.6488,19.1374],[-71.646,19.135],[-71.6462,19.1331],[-71.648,19.1307],[-71.6476,19.1287],[-71.6491,19.1265],[-71.6493,19.1248],[-71.6507,19.1231],[-71.6514,19.1206],[-71.654,19.118],[-71.6556,19.1177],[-71.6582,19.115],[-71.6627,19.1132],[-71.6647,19.1144],[-71.6674,19.115],[-71.6704,19.1171],[-71.6722,19.1153],[-71.6727,19.1129],[-71.6753,19.1135],[-71.6766,19.1147],[-71.6768,19.1163],[-71.6788,19.1163],[-71.6819,19.1173],[-71.6819,19.1141],[-71.6796,19.1126],[-71.6819,19.1075],[-71.6826,19.1049],[-71.6844,19.103],[-71.6858,19.103],[-71.6887,19.1051],[-71.6921,19.1052],[-71.6927,19.1063],[-71.6955,19.108],[-71.6987,19.1081],[-71.7019,19.1063],[-71.7048,19.103],[-71.7066,19.0995],[-71.7037,19.0967],[-71.6992,19.0957],[-71.699,19.0934],[-71.697,19.0902],[-71.6969,19.0875],[-71.6997,19.0864],[-71.7017,19.0846],[-71.7033,19.0845],[-71.7096,19.0852],[-71.7115,19.0838],[-71.7122,19.0823],[-71.7122,19.0783],[-71.7072,19.0762],[-71.7032,19.0759],[-71.7011,19.0732],[-71.7048,19.0698],[-71.7094,19.067],[-71.7109,19.0704],[-71.7153,19.0709],[-71.7183,19.0687],[-71.7205,19.0654],[-71.72,19.0638],[-71.7158,19.0629],[-71.7159,19.0604],[-71.7172,19.0583],[-71.7201,19.0595],[-71.7223,19.057],[-71.7229,19.0535],[-71.7289,19.0509],[-71.7324,19.0501],[-71.7373,19.0498],[-71.7382,19.0452],[-71.7403,19.0437],[-71.7425,19.0437],[-71.7459,19.0464],[-71.7487,19.0472],[-71.751,19.0471],[-71.7532,19.0451],[-71.7551,19.0411],[-71.7578,19.0402],[-71.7602,19.0385],[-71.7633,19.0353],[-71.7635,19.0343],[-71.7604,19.0296],[-71.7616,19.0271],[-71.7649,19.0263],[-71.7658,19.027],[-71.7673,19.0309],[-71.7686,19.0319],[-71.7707,19.0317],[-71.7777,19.0231],[-71.7797,19.0214],[-71.7824,19.0179],[-71.7809,19.016],[-71.7786,19.0163],[-71.7769,19.0155],[-71.7761,19.0128],[-71.7775,19.0117],[-71.7815,19.0108],[-71.7852,19.0124],[-71.7871,19.0104],[-71.7909,19.0077],[-71.7914,19.0048],[-71.7913,19.0013],[-71.7879,18.999],[-71.787,18.997],[-71.7883,18.9938],[-71.79,18.993],[-71.792,18.9932],[-71.7942,18.9943],[-71.7966,18.9946],[-71.7985,18.9958],[-71.7969,18.9985],[-71.7965,19.0008],[-71.797,19.0039],[-71.7987,19.0048],[-71.801,19.0049],[-71.804,19.0038],[-71.8049,19.0024],[-71.8056,18.9986],[-71.8091,18.998],[-71.8138,18.9961],[-71.8185,18.9968],[-71.8264,18.9939],[-71.828,18.9943],[-71.83,18.9994],[-71.8299,19.0033],[-71.8327,19.0052],[-71.8345,19.0035],[-71.8352,19.0002],[-71.8402,19],[-71.8419,18.9994],[-71.843,18.996],[-71.8432,18.9926],[-71.8451,18.9913],[-71.8488,18.9922],[-71.852,18.9923],[-71.8522,18.9905],[-71.8512,18.9867],[-71.8562,18.983],[-71.8567,18.982],[-71.8556,18.979],[-71.8563,18.9775],[-71.8581,18.9766],[-71.8624,18.9781],[-71.8633,18.9798],[-71.8627,18.9817],[-71.8639,18.9839],[-71.8679,18.9821],[-71.8683,18.9789],[-71.8671,18.9758],[-71.8723,18.9733],[-71.876,18.9718],[-71.8769,18.9707],[-71.8764,18.9682],[-71.8742,18.9643],[-71.8741,18.9619],[-71.8753,18.9579],[-71.8781,18.9568],[-71.8812,18.957],[-71.8836,18.9597],[-71.8859,18.9602],[-71.886,18.9553],[-71.8835,18.9514],[-71.8844,18.9485],[-71.8833,18.9424],[-71.8819,18.9415],[-71.8793,18.9416],[-71.8777,18.9428],[-71.8777,18.9442],[-71.8749,18.9465],[-71.8757,18.9484],[-71.8707,18.9472],[-71.8678,18.9457],[-71.8629,18.9478],[-71.8602,18.9481],[-71.8605,18.9524],[-71.862,18.9553],[-71.8614,18.959],[-71.8599,18.9598],[-71.8606,18.9625],[-71.8591,18.9629],[-71.8573,18.9602],[-71.855,18.9577],[-71.8552,18.9547],[-71.8531,18.9551],[-71.849,18.9608],[-71.849,18.9633],[-71.8476,18.9632],[-71.8453,18.9577],[-71.8436,18.9566],[-71.8421,18.9578],[-71.8401,18.9581],[-71.8404,18.9599],[-71.8442,18.9626],[-71.8428,18.9662],[-71.8409,18.9661],[-71.8398,18.9682],[-71.8379,18.9698],[-71.8358,18.9703],[-71.8349,18.9685],[-71.8345,18.9649],[-71.8325,18.9631],[-71.829,18.966],[-71.8269,18.9684],[-71.8237,18.9681],[-71.8232,18.9661],[-71.8261,18.9647],[-71.8258,18.9638],[-71.8183,18.9627],[-71.8167,18.9643],[-71.8144,18.9644],[-71.813,18.9632],[-71.8123,18.96],[-71.8087,18.9597],[-71.8047,18.9586],[-71.8035,18.9571],[-71.8033,18.9549],[-71.8022,18.9543],[-71.7997,18.9563],[-71.797,18.9565],[-71.7958,18.9531],[-71.7943,18.9526],[-71.7924,18.9571],[-71.7907,18.9573],[-71.7881,18.9556],[-71.7825,18.9545],[-71.7821,18.9528],[-71.7835,18.9494],[-71.7821,18.9472],[-71.7828,18.9459],[-71.775,18.924],[-71.7719,18.9103],[-71.7722,18.9094],[-71.7713,18.9065],[-71.7695,18.9044],[-71.7653,18.9042],[-71.7586,18.9018],[-71.7573,18.9011],[-71.7526,18.8972],[-71.7489,18.8933],[-71.7436,18.8886],[-71.7427,18.8868],[-71.7431,18.88],[-71.7425,18.8776],[-71.7404,18.8763],[-71.7298,18.8751],[-71.729,18.8734],[-71.7293,18.8714],[-71.7284,18.867],[-71.7283,18.8629],[-71.7269,18.8598],[-71.7267,18.8579],[-71.7279,18.8524],[-71.7274,18.8487],[-71.7264,18.8466],[-71.7256,18.8434],[-71.7268,18.8381],[-71.7261,18.8359],[-71.7225,18.8309],[-71.7233,18.8266],[-71.7233,18.807],[-71.7392,18.7238],[-71.7844,18.7045],[-71.7859,18.6987],[-71.7856,18.6939],[-71.7859,18.6915],[-71.7902,18.6887],[-71.7892,18.6878],[-71.785,18.6805],[-71.7788,18.6797],[-71.7779,18.68],[-71.7728,18.6771],[-71.767,18.6765],[-71.7608,18.6778],[-71.7584,18.6788],[-71.754,18.6818],[-71.7511,18.6818],[-71.749,18.6798],[-71.7448,18.6775],[-71.7405,18.6782],[-71.7345,18.6781],[-71.7276,18.6742],[-71.7254,18.6748],[-71.721,18.675],[-71.7133,18.6711],[-71.7113,18.6705],[-71.7027,18.669],[-71.697,18.6674],[-71.6929,18.6651],[-71.6832,18.6638],[-71.679,18.664],[-71.6751,18.6649],[-71.6682,18.6637],[-71.6649,18.6636],[-71.6616,18.6644],[-71.6573,18.664],[-71.6547,18.6625],[-71.6481,18.6622],[-71.6429,18.6624],[-71.64,18.6648],[-71.639,18.6662],[-71.6367,18.6676],[-71.6321,18.6686],[-71.6286,18.668],[-71.6255,18.6669],[-71.6238,18.6666],[-71.621,18.6672],[-71.6144,18.6676],[-71.6107,18.6669],[-71.606,18.6627],[-71.6026,18.6629],[-71.5984,18.6625],[-71.5944,18.6615],[-71.5922,18.6601],[-71.5796,18.6536],[-71.5785,18.653],[-71.5758,18.6547],[-71.5729,18.6615],[-71.572,18.6636],[-71.5714,18.6678],[-71.5723,18.6693],[-71.572,18.6721],[-71.5731,18.6749],[-71.5743,18.6804],[-71.5726,18.6845],[-71.5725,18.6872],[-71.5717,18.6942],[-71.5725,18.7],[-71.5718,18.7017],[-71.5696,18.7045],[-71.569,18.7065],[-71.5698,18.709],[-71.5692,18.7103],[-71.57,18.7116],[-71.5699,18.7178],[-71.5703,18.721],[-71.5718,18.7229],[-71.5722,18.7254],[-71.574,18.7266],[-71.5762,18.7278],[-71.5783,18.7282],[-71.5799,18.7288],[-71.5798,18.7305],[-71.5799,18.7306],[-71.5802,18.7309],[-71.5802,18.7316],[-71.5794,18.733],[-71.5805,18.736],[-71.5807,18.7363],[-71.5815,18.7385],[-71.5837,18.7406],[-71.584,18.741],[-71.5853,18.7428],[-71.583,18.7433],[-71.5797,18.7442],[-71.5785,18.7463],[-71.5786,18.7487],[-71.5775,18.7506],[-71.5758,18.7531],[-71.5733,18.7558],[-71.5746,18.7576],[-71.5737,18.759],[-71.571,18.7587],[-71.5708,18.7614],[-71.5715,18.7632],[-71.5715,18.7656],[-71.5725,18.767],[-71.5731,18.7674],[-71.5773,18.7697],[-71.5774,18.7708],[-71.5801,18.7708],[-71.5808,18.77],[-71.5809,18.7696],[-71.5822,18.7691],[-71.584,18.77],[-71.5845,18.7725],[-71.5826,18.7743],[-71.5797,18.7739],[-71.5773,18.7753],[-71.5746,18.7767],[-71.5722,18.7772],[-71.5685,18.7807],[-71.5711,18.7827],[-71.5744,18.7843],[-71.5768,18.7847],[-71.5873,18.7903],[-71.5904,18.7943],[-71.5915,18.7964],[-71.5976,18.7999],[-71.6103,18.8033],[-71.6228,18.8041],[-71.6285,18.804],[-71.6303,18.8059],[-71.6271,18.8075],[-71.626,18.8093],[-71.624,18.8091],[-71.6223,18.815],[-71.6206,18.8172],[-71.6238,18.8214],[-71.6221,18.8227],[-71.6214,18.8248],[-71.6153,18.8265],[-71.618,18.829],[-71.6207,18.8293],[-71.6222,18.8342],[-71.6246,18.8401],[-71.626,18.8427],[-71.6256,18.8446],[-71.6234,18.8508],[-71.6239,18.8541],[-71.6213,18.8569],[-71.6212,18.8586],[-71.62,18.8625],[-71.6192,18.8642],[-71.6193,18.8714],[-71.6188,18.8816],[-71.6173,18.8844],[-71.6203,18.885],[-71.6216,18.8848],[-71.6217,18.8848],[-71.6233,18.8837],[-71.6244,18.881],[-71.6246,18.8806],[-71.6247,18.8804],[-71.6251,18.8799],[-71.6254,18.8797],[-71.6256,18.8796],[-71.6262,18.8796],[-71.627,18.8799],[-71.6278,18.8798],[-71.6286,18.8793],[-71.6307,18.8773],[-71.6342,18.8754],[-71.6387,18.8763],[-71.6405,18.8762],[-71.6417,18.8774],[-71.6441,18.8784],[-71.6483,18.8808],[-71.6526,18.8824],[-71.6483,18.8884],[-71.6442,18.8893],[-71.6381,18.8919],[-71.6345,18.8954],[-71.633,18.898],[-71.6323,18.8994],[-71.629,18.9023],[-71.6253,18.9074],[-71.6248,18.9093],[-71.6218,18.9114],[-71.6198,18.9145],[-71.6185,18.9174],[-71.617,18.921],[-71.6186,18.9216],[-71.6194,18.9234],[-71.6177,18.9251],[-71.6197,18.9267],[-71.6196,18.9289],[-71.6176,18.9301],[-71.6181,18.9342],[-71.618,18.9352],[-71.6168,18.9388],[-71.6186,18.9389],[-71.6197,18.937],[-71.6223,18.9377],[-71.6261,18.9396],[-71.6286,18.9382],[-71.6306,18.9386],[-71.6336,18.9372],[-71.6341,18.9405],[-71.6359,18.9406],[-71.6358,18.9387],[-71.637,18.9373],[-71.6392,18.9383],[-71.6432,18.9432],[-71.6438,18.945],[-71.6403,18.9464],[-71.6385,18.946],[-71.6381,18.9471],[-71.635,18.9477],[-71.6328,18.9479],[-71.6316,18.9482],[-71.6303,18.9497],[-71.6307,18.95],[-71.6293,18.9533],[-71.6286,18.9535],[-71.6271,18.9533],[-71.6248,18.9535],[-71.6237,18.9566],[-71.6221,18.9557],[-71.6197,18.9578],[-71.62,18.9622],[-71.6188,18.9639],[-71.6168,18.9665],[-71.6152,18.9675],[-71.6143,18.97],[-71.6116,18.9708],[-71.6098,18.9737],[-71.6058,18.976],[-71.6042,18.9766],[-71.6038,18.977],[-71.603,18.9783],[-71.603,18.9784],[-71.6021,18.9796],[-71.6013,18.9799],[-71.5987,18.9811],[-71.5987,18.9812],[-71.5982,18.9815],[-71.5981,18.9815],[-71.5978,18.9816],[-71.5972,18.982],[-71.5965,18.983],[-71.5941,18.9864],[-71.5916,18.9859],[-71.591,18.9855],[-71.5906,18.9853],[-71.5904,18.9853],[-71.5903,18.9852],[-71.5902,18.9852],[-71.59,18.9852],[-71.5898,18.9852],[-71.5892,18.9852],[-71.589,18.9852],[-71.5888,18.9852],[-71.5887,18.9852],[-71.5886,18.9852],[-71.5885,18.9853],[-71.5884,18.9853],[-71.5881,18.9855],[-71.588,18.9855],[-71.5879,18.9855],[-71.5878,18.9856],[-71.5876,18.9855],[-71.5874,18.9855],[-71.5873,18.9854],[-71.5836,18.9839],[-71.5831,18.9836],[-71.5792,18.9869],[-71.5783,18.9884],[-71.5771,18.99],[-71.577,18.9902],[-71.5766,18.9906],[-71.5743,18.9921],[-71.5726,18.994],[-71.5734,18.9961],[-71.5739,18.9995],[-71.5718,19.0011],[-71.5659,19.0032],[-71.5645,19.0033],[-71.5602,19.0023],[-71.558,19.0023],[-71.5544,19.0014],[-71.5517,18.9993],[-71.5491,18.9986],[-71.5432,19.0003],[-71.5399,19.001],[-71.5375,19.0011],[-71.5342,18.9998],[-71.5308,18.9998],[-71.5251,18.9979],[-71.5227,18.9979],[-71.5211,19.0003],[-71.5195,19.0014],[-71.5171,19.0022],[-71.5159,19.0051],[-71.5138,19.0067],[-71.5127,19.0088],[-71.5072,19.0097],[-71.5065,19.015],[-71.5068,19.0172],[-71.5071,19.0175],[-71.5075,19.0189],[-71.5076,19.019],[-71.5078,19.0193],[-71.5085,19.0201],[-71.5093,19.021],[-71.5105,19.0243],[-71.5113,19.027],[-71.5116,19.0274],[-71.5117,19.0276],[-71.5116,19.0299],[-71.5121,19.0306],[-71.5111,19.0339],[-71.5109,19.0349],[-71.5083,19.0367],[-71.5072,19.037],[-71.5052,19.0409],[-71.5039,19.046],[-71.5036,19.0518],[-71.504,19.0595],[-71.5033,19.0629],[-71.4999,19.0643],[-71.4939,19.0684],[-71.4867,19.0768],[-71.4845,19.0805],[-71.483,19.0828],[-71.4832,19.0853],[-71.4817,19.0903],[-71.4819,19.0946],[-71.4829,19.0963],[-71.4788,19.0985],[-71.4771,19.1007],[-71.4751,19.1019],[-71.4703,19.1056],[-71.4649,19.1083],[-71.4638,19.1104],[-71.4635,19.1127],[-71.4641,19.1164],[-71.4683,19.1212],[-71.4673,19.1254],[-71.4658,19.1261],[-71.4616,19.127],[-71.4595,19.1265],[-71.4551,19.1265],[-71.4541,19.1272],[-71.4456,19.1271],[-71.4434,19.1263],[-71.4384,19.1266],[-71.435,19.1279],[-71.4344,19.1301],[-71.4301,19.1323],[-71.4284,19.1296],[-71.4241,19.1274],[-71.4221,19.1246],[-71.4212,19.1216],[-71.4167,19.1206],[-71.4151,19.1168],[-71.4138,19.1159],[-71.4108,19.1156],[-71.4081,19.1139],[-71.4063,19.1133],[-71.4004,19.1132],[-71.3992,19.1126],[-71.3963,19.1156],[-71.3919,19.1175],[-71.3877,19.1206],[-71.3858,19.1202],[-71.3825,19.1214],[-71.3803,19.1237],[-71.3756,19.1238],[-71.376,19.1208],[-71.375,19.1202],[-71.3737,19.1162],[-71.3721,19.1135],[-71.3706,19.1134],[-71.366,19.1095],[-71.365,19.1077],[-71.3605,19.1068],[-71.3595,19.107],[-71.3587,19.1075],[-71.3585,19.1079],[-71.3582,19.1083],[-71.3573,19.1095],[-71.3563,19.1105],[-71.3535,19.1106],[-71.3524,19.1096],[-71.3515,19.1088],[-71.3501,19.1079],[-71.3485,19.1089],[-71.3483,19.1092],[-71.3481,19.1095],[-71.3466,19.1099],[-71.3451,19.1114],[-71.3442,19.1119],[-71.3417,19.1128],[-71.3437,19.1146],[-71.3436,19.1169],[-71.3416,19.1177],[-71.3411,19.1207],[-71.3414,19.1215],[-71.3414,19.1221],[-71.3408,19.1229],[-71.34,19.1235],[-71.3384,19.1254],[-71.339,19.1271],[-71.3393,19.1288],[-71.3418,19.131],[-71.3442,19.1363],[-71.3453,19.137],[-71.3453,19.1398],[-71.3447,19.1427],[-71.3453,19.1435],[-71.3454,19.1439],[-71.3453,19.1442],[-71.3436,19.148],[-71.3434,19.1498],[-71.3428,19.1512],[-71.3428,19.1528],[-71.3437,19.1551],[-71.3454,19.157],[-71.3461,19.16],[-71.3425,19.1616],[-71.344,19.1642],[-71.3433,19.167],[-71.3424,19.1708],[-71.34,19.1717],[-71.3358,19.1717],[-71.3326,19.171],[-71.3307,19.1711],[-71.328,19.1727],[-71.3255,19.1731],[-71.3232,19.1715],[-71.3204,19.1708],[-71.3178,19.1721],[-71.3187,19.1748],[-71.3193,19.1761],[-71.3239,19.1807],[-71.3249,19.1842],[-71.3265,19.1859],[-71.3322,19.1878],[-71.3338,19.1895],[-71.3398,19.1929],[-71.3416,19.1929],[-71.3457,19.1902],[-71.3475,19.1901],[-71.352,19.1925],[-71.3534,19.1923],[-71.3569,19.1904],[-71.36,19.1897],[-71.3621,19.19],[-71.3624,19.1932],[-71.3648,19.2006],[-71.3679,19.2037],[-71.3704,19.2054],[-71.378,19.2081],[-71.3835,19.2153],[-71.3873,19.2164],[-71.3913,19.2157],[-71.3937,19.2177],[-71.3955,19.2181],[-71.3973,19.2175],[-71.4019,19.2178],[-71.4032,19.2183],[-71.4066,19.2215],[-71.4115,19.2271],[-71.4129,19.2296],[-71.4157,19.2316],[-71.4172,19.235],[-71.4209,19.2372],[-71.4269,19.2377],[-71.429,19.2384],[-71.4329,19.2434],[-71.4338,19.2433],[-71.4377,19.24],[-71.4395,19.2397],[-71.4409,19.242],[-71.4423,19.2422],[-71.4443,19.2406],[-71.4469,19.241],[-71.4489,19.2435],[-71.4509,19.2446],[-71.4531,19.2473],[-71.4551,19.248],[-71.4564,19.2499],[-71.4581,19.2502],[-71.4613,19.2488],[-71.4632,19.2495],[-71.4647,19.252],[-71.4665,19.2536],[-71.4684,19.2535],[-71.4703,19.2556],[-71.4716,19.2544],[-71.475,19.2551],[-71.4769,19.254],[-71.4809,19.2538],[-71.4821,19.2551],[-71.4842,19.2534],[-71.4854,19.2552],[-71.4874,19.2564],[-71.4915,19.255],[-71.4936,19.2525],[-71.4969,19.2514],[-71.4983,19.2519],[-71.4964,19.2549],[-71.4982,19.257],[-71.4994,19.2571],[-71.4988,19.2619],[-71.497,19.2638],[-71.4979,19.2656],[-71.4969,19.2678],[-71.4987,19.2718],[-71.5006,19.2721],[-71.5016,19.2739],[-71.5031,19.2723],[-71.5057,19.2738],[-71.5096,19.275],[-71.5107,19.2738],[-71.5135,19.274],[-71.5153,19.2728]]]},"properties":{"province_name":"ELÍAS PIÑA","municipalities":6}},
{"type":"Feature","geometry":{"type":"MultiPolygon","coordinates":[[[[-69.171,19.0159],[-69.1728,19.0159],[-69.1745,19.014],[-69.1685,19.0141],[-69.171,19.0159]]],[[[-68.7774,18.9725],[-68.7802,18.9733],[-68.7872,18.9767],[-68.7889,18.9772],[-68.7952,18.9811],[-68.7986,18.9811],[-68.8007,18.9821],[-68.8041,18.9815],[-68.8068,18.9826],[-68.8119,18.9812],[-68.8139,18.9813],[-68.817,18.9826],[-68.8232,18.9857],[-68.8315,18.9916],[-68.8349,18.995],[-68.8426,18.9958],[-68.8482,18.9959],[-68.8506,18.9966],[-68.8527,18.9933],[-68.8557,18.9921],[-68.861,18.9916],[-68.8636,18.9917],[-68.8671,18.9928],[-68.8757,18.998],[-68.8778,19.0003],[-68.8812,19.0031],[-68.8905,19.0091],[-68.8921,19.0106],[-68.8959,19.0122],[-68.8983,19.0146],[-68.9007,19.0154],[-68.9127,19.0234],[-68.9153,19.0259],[-68.9208,19.0282],[-68.9231,19.0269],[-68.9252,19.0275],[-68.9284,19.0272],[-68.9297,19.028],[-68.9353,19.0294],[-68.9391,19.0311],[-68.9424,19.0315],[-68.946,19.0311],[-68.9484,19.0314],[-68.9496,19.0297],[-68.9537,19.0263],[-68.9576,19.0262],[-68.9612,19.0276],[-68.9637,19.0304],[-68.9675,19.0308],[-68.9689,19.0315],[-68.9718,19.0285],[-68.9761,19.0276],[-68.9793,19.0247],[-68.9774,19.023],[-68.9778,19.0201],[-68.979,19.0178],[-68.9851,19.0146],[-68.9891,19.0139],[-68.9922,19.0141],[-68.996,19.0148],[-69.0009,19.0167],[-69.0028,19.019],[-69.0038,19.0191],[-69.0072,19.0174],[-69.0091,19.0172],[-69.012,19.0151],[-69.015,19.0148],[-69.0152,19.0131],[-69.0133,19.0087],[-69.0075,19.0057],[-69.0062,19.0046],[-69.0028,19.0002],[-69.0041,18.9949],[-69.0076,18.9907],[-69.0133,18.9881],[-69.0227,18.986],[-69.0283,18.9856],[-69.0375,18.986],[-69.0403,18.9877],[-69.042,18.9874],[-69.0446,18.9859],[-69.0477,18.986],[-69.0513,18.9855],[-69.053,18.9858],[-69.0557,18.9851],[-69.0578,18.9857],[-69.0629,18.9846],[-69.0643,18.9847],[-69.0691,18.9876],[-69.0704,18.9865],[-69.0743,18.9869],[-69.0796,18.9914],[-69.0819,18.994],[-69.0824,18.9955],[-69.0845,18.996],[-69.0861,18.9946],[-69.091,18.9966],[-69.0928,18.9982],[-69.0951,18.999],[-69.0966,19.0009],[-69.0967,19.0032],[-69.0984,19.0059],[-69.0978,19.0077],[-69.0991,19.0106],[-69.1016,19.0112],[-69.1049,19.0107],[-69.1082,19.0095],[-69.1106,19.0109],[-69.1128,19.0106],[-69.1156,19.0118],[-69.1188,19.0152],[-69.1216,19.0193],[-69.1248,19.0265],[-69.1249,19.0279],[-69.1273,19.0318],[-69.1311,19.036],[-69.1341,19.0411],[-69.1359,19.0425],[-69.1461,19.0438],[-69.1514,19.0413],[-69.1554,19.0376],[-69.154,19.0364],[-69.1523,19.0384],[-69.149,19.0396],[-69.1442,19.0402],[-69.1419,19.0392],[-69.138,19.0338],[-69.1367,19.0277],[-69.1368,19.024],[-69.1363,19.0192],[-69.1357,19.0163],[-69.1353,19.012],[-69.136,19.0067],[-69.1369,19.0059],[-69.1382,19.0022],[-69.1418,18.998],[-69.1433,18.9971],[-69.148,18.9975],[-69.1515,19.0003],[-69.1523,19.0026],[-69.1495,19.0053],[-69.1496,19.0076],[-69.1533,19.0072],[-69.1547,19.0099],[-69.1539,19.0121],[-69.1555,19.0129],[-69.1582,19.0108],[-69.1608,19.0124],[-69.1641,19.0125],[-69.1677,19.0092],[-69.1691,19.0096],[-69.1781,19.0069],[-69.1811,19.0063],[-69.1808,19.0045],[-69.1822,19.0006],[-69.1809,18.9966],[-69.1835,18.9908],[-69.1855,18.9874],[-69.1857,18.9819],[-69.1863,18.9805],[-69.1842,18.9787],[-69.1845,18.9777],[-69.1828,18.9761],[-69.1841,18.9736],[-69.1836,18.9708],[-69.1816,18.9679],[-69.1774,18.964],[-69.1761,18.962],[-69.1735,18.9607],[-69.1719,18.9578],[-69.1694,18.955],[-69.168,18.9524],[-69.1612,18.946],[-69.1521,18.9404],[-69.1401,18.934],[-69.1357,18.9311],[-69.1292,18.9264],[-69.1267,18.9234],[-69.1221,18.9204],[-69.1277,18.9167],[-69.1333,18.912],[-69.1372,18.9131],[-69.1389,18.9128],[-69.1416,18.9135],[-69.1461,18.9136],[-69.1499,18.9145],[-69.1611,18.9147],[-69.1632,18.9164],[-69.1672,18.9159],[-69.1682,18.9171],[-69.1711,18.9171],[-69.1744,18.9179],[-69.1759,18.919],[-69.1796,18.9195],[-69.1858,18.9214],[-69.1883,18.9215],[-69.1902,18.9232],[-69.1937,18.9251],[-69.1984,18.9283],[-69.2018,18.9334],[-69.2032,18.9341],[-69.2072,18.9346],[-69.2142,18.9347],[-69.2197,18.9358],[-69.2223,18.9342],[-69.226,18.9338],[-69.2284,18.9315],[-69.2349,18.9333],[-69.2395,18.9356],[-69.2407,18.939],[-69.2421,18.9405],[-69.2433,18.9441],[-69.2453,18.9477],[-69.2468,18.9492],[-69.2499,18.9494],[-69.2519,18.9516],[-69.2553,18.9526],[-69.2558,18.9512],[-69.2581,18.9516],[-69.2632,18.9497],[-69.2655,18.9523],[-69.2689,18.955],[-69.2718,18.9548],[-69.2719,18.953],[-69.2731,18.9524],[-69.2732,18.9506],[-69.2751,18.9505],[-69.2764,18.9526],[-69.2792,18.952],[-69.2835,18.9548],[-69.2849,18.9536],[-69.2905,18.9562],[-69.2926,18.9556],[-69.2964,18.9512],[-69.2966,18.9476],[-69.2994,18.9463],[-69.3029,18.9436],[-69.3047,18.9436],[-69.3072,18.9452],[-69.3076,18.9465],[-69.3099,18.947],[-69.311,18.945],[-69.3147,18.9404],[-69.3213,18.9374],[-69.3226,18.9353],[-69.3235,18.9289],[-69.3234,18.9241],[-69.3245,18.9204],[-69.3231,18.915],[-69.3232,18.9134],[-69.3251,18.9079],[-69.3252,18.906],[-69.3233,18.9031],[-69.3204,18.9013],[-69.3201,18.8989],[-69.3232,18.8967],[-69.3238,18.8931],[-69.3245,18.8919],[-69.3284,18.8893],[-69.3284,18.8884],[-69.326,18.8866],[-69.3249,18.8841],[-69.3179,18.8769],[-69.3151,18.8762],[-69.3116,18.8747],[-69.3044,18.8725],[-69.3016,18.8727],[-69.2934,18.872],[-69.292,18.8713],[-69.2895,18.8686],[-69.2888,18.8667],[-69.2887,18.8639],[-69.2897,18.8598],[-69.2864,18.8527],[-69.2846,18.8458],[-69.2834,18.8434],[-69.2827,18.8399],[-69.2809,18.8386],[-69.2752,18.8409],[-69.2733,18.8427],[-69.2716,18.8452],[-69.27,18.8489],[-69.2683,18.8493],[-69.2641,18.8475],[-69.2633,18.8444],[-69.2609,18.8405],[-69.2601,18.8354],[-69.2581,18.8344],[-69.2568,18.8319],[-69.2576,18.8286],[-69.255,18.8254],[-69.2547,18.8232],[-69.2556,18.8189],[-69.2565,18.8175],[-69.2546,18.8159],[-69.2518,18.8145],[-69.2501,18.8131],[-69.2467,18.8114],[-69.2442,18.8109],[-69.2425,18.8094],[-69.2401,18.8085],[-69.2329,18.8092],[-69.2311,18.8087],[-69.2286,18.8051],[-69.2261,18.8026],[-69.2218,18.8004],[-69.2219,18.7979],[-69.2194,18.7948],[-69.2131,18.7907],[-69.213,18.7893],[-69.2141,18.7865],[-69.2127,18.7844],[-69.2122,18.7806],[-69.2099,18.7786],[-69.2103,18.7769],[-69.209,18.7749],[-69.2089,18.773],[-69.2072,18.7708],[-69.2068,18.7688],[-69.2046,18.7677],[-69.2045,18.7641],[-69.2017,18.7623],[-69.201,18.7605],[-69.2021,18.7574],[-69.2039,18.7541],[-69.2082,18.7508],[-69.2078,18.7483],[-69.206,18.7471],[-69.2052,18.7452],[-69.2056,18.7426],[-69.2074,18.7411],[-69.2094,18.7413],[-69.2103,18.7382],[-69.2121,18.7379],[-69.2117,18.7355],[-69.2133,18.7352],[-69.2138,18.7327],[-69.2118,18.7318],[-69.2132,18.7291],[-69.2121,18.7252],[-69.2135,18.7248],[-69.2159,18.7214],[-69.2186,18.7193],[-69.2156,18.7165],[-69.2171,18.7145],[-69.2205,18.7125],[-69.2202,18.7107],[-69.2215,18.71],[-69.2233,18.7062],[-69.2216,18.7022],[-69.224,18.6999],[-69.2244,18.6979],[-69.2256,18.6964],[-69.2252,18.6925],[-69.2234,18.6919],[-69.223,18.6898],[-69.2211,18.6891],[-69.224,18.685],[-69.2237,18.6832],[-69.2257,18.6831],[-69.2251,18.68],[-69.2275,18.6796],[-69.2272,18.6781],[-69.2285,18.6755],[-69.2275,18.6723],[-69.2296,18.6723],[-69.2274,18.6686],[-69.229,18.6675],[-69.232,18.6685],[-69.2331,18.6681],[-69.232,18.6664],[-69.2318,18.6622],[-69.2293,18.6624],[-69.2263,18.6623],[-69.2225,18.662],[-69.2201,18.6604],[-69.22,18.6563],[-69.2193,18.6542],[-69.2171,18.6511],[-69.2172,18.6471],[-69.2186,18.6394],[-69.2183,18.6366],[-69.215,18.6387],[-69.2136,18.639],[-69.2101,18.6391],[-69.2065,18.6386],[-69.2029,18.6375],[-69.2013,18.6358],[-69.1982,18.6338],[-69.1966,18.6292],[-69.1956,18.6283],[-69.1917,18.6282],[-69.1893,18.6279],[-69.1865,18.6274],[-69.1826,18.6254],[-69.1806,18.6236],[-69.1792,18.6222],[-69.1779,18.6211],[-69.1744,18.6193],[-69.1739,18.618],[-69.173,18.6174],[-69.1722,18.6142],[-69.1719,18.6138],[-69.1717,18.613],[-69.1691,18.6139],[-69.1655,18.6132],[-69.1653,18.613],[-69.1639,18.6124],[-69.1646,18.6112],[-69.1633,18.6092],[-69.1608,18.6088],[-69.1606,18.6085],[-69.1603,18.6059],[-69.1616,18.6044],[-69.1612,18.6025],[-69.157,18.6009],[-69.1564,18.6001],[-69.1563,18.5985],[-69.1579,18.597],[-69.1567,18.5946],[-69.1553,18.5943],[-69.1541,18.595],[-69.1516,18.5937],[-69.1519,18.5925],[-69.1541,18.5898],[-69.1562,18.5881],[-69.1565,18.5869],[-69.1574,18.5844],[-69.1552,18.584],[-69.1526,18.5845],[-69.1498,18.588],[-69.1493,18.5882],[-69.1475,18.5891],[-69.144,18.5883],[-69.1436,18.5874],[-69.1404,18.5871],[-69.1381,18.5903],[-69.1374,18.5922],[-69.1354,18.5928],[-69.132,18.5962],[-69.1277,18.5962],[-69.1217,18.5953],[-69.1133,18.5946],[-69.0968,18.5945],[-69.0894,18.5941],[-69.0671,18.5929],[-69.0671,18.5911],[-69.0702,18.5861],[-69.0713,18.5838],[-69.072,18.582],[-69.0741,18.5795],[-69.0738,18.5776],[-69.0723,18.5756],[-69.0721,18.5732],[-69.0747,18.5719],[-69.0778,18.5709],[-69.0784,18.5701],[-69.0841,18.5675],[-69.0847,18.5666],[-69.0849,18.5648],[-69.0824,18.5604],[-69.0828,18.5587],[-69.0849,18.5564],[-69.085,18.5552],[-69.0859,18.5508],[-69.0843,18.5473],[-69.0821,18.5456],[-69.0823,18.544],[-69.0824,18.5413],[-69.0836,18.539],[-69.0837,18.5339],[-69.0842,18.5325],[-69.0847,18.5266],[-69.0797,18.5289],[-69.0772,18.5276],[-69.0753,18.5282],[-69.0746,18.5297],[-69.0703,18.5287],[-69.0676,18.5295],[-69.067,18.5318],[-69.0655,18.5335],[-69.0598,18.5365],[-69.0597,18.5381],[-69.0578,18.5393],[-69.0531,18.5401],[-69.0533,18.5438],[-69.0521,18.5448],[-69.0526,18.5465],[-69.0509,18.5468],[-69.05,18.5499],[-69.0472,18.5508],[-69.0473,18.5525],[-69.0427,18.5543],[-69.0416,18.5567],[-69.0422,18.5575],[-69.041,18.562],[-69.0418,18.5649],[-69.0387,18.5685],[-69.0361,18.5687],[-69.0354,18.5701],[-69.0329,18.5702],[-69.0315,18.5725],[-69.029,18.5725],[-69.028,18.5739],[-69.0245,18.5757],[-69.0227,18.5775],[-69.0207,18.5776],[-69.0192,18.5762],[-69.0163,18.5766],[-69.0145,18.5782],[-69.0132,18.5824],[-69.0108,18.5835],[-69.0097,18.5857],[-69.0094,18.5899],[-69.0077,18.5915],[-69.0039,18.5924],[-69.0023,18.5942],[-69.0005,18.5993],[-68.9987,18.601],[-68.9987,18.6031],[-68.9959,18.6087],[-68.9938,18.61],[-68.9916,18.6123],[-68.9897,18.6162],[-68.9886,18.6169],[-68.9882,18.619],[-68.9857,18.6237],[-68.9845,18.6305],[-68.9829,18.6324],[-68.982,18.6356],[-68.9822,18.6377],[-68.98,18.6404],[-68.9742,18.6424],[-68.9725,18.6452],[-68.9696,18.6467],[-68.967,18.6472],[-68.9637,18.6485],[-68.9603,18.6512],[-68.9582,18.6535],[-68.958,18.655],[-68.9559,18.6565],[-68.9544,18.6589],[-68.9515,18.6584],[-68.9502,18.657],[-68.9458,18.6567],[-68.9434,18.6586],[-68.9409,18.6585],[-68.9386,18.6564],[-68.9363,18.6575],[-68.9351,18.6564],[-68.9326,18.6585],[-68.9299,18.6584],[-68.9283,18.6567],[-68.9271,18.6574],[-68.927,18.6627],[-68.926,18.6648],[-68.9237,18.6665],[-68.9238,18.6681],[-68.926,18.6701],[-68.9276,18.6725],[-68.9324,18.6759],[-68.9356,18.6774],[-68.9377,18.6802],[-68.9373,18.6822],[-68.9352,18.6875],[-68.9335,18.6872],[-68.9317,18.6879],[-68.9288,18.6903],[-68.9284,18.6918],[-68.9248,18.6981],[-68.9274,18.6974],[-68.929,18.698],[-68.9309,18.7001],[-68.93,18.7024],[-68.9327,18.7046],[-68.9318,18.7079],[-68.9294,18.7088],[-68.9288,18.7099],[-68.9301,18.7149],[-68.9289,18.717],[-68.9265,18.7195],[-68.9264,18.7211],[-68.9251,18.7226],[-68.9183,18.7224],[-68.9163,18.7231],[-68.915,18.722],[-68.9112,18.7219],[-68.9093,18.723],[-68.9052,18.7233],[-68.902,18.722],[-68.8989,18.7217],[-68.8943,18.7236],[-68.8918,18.7261],[-68.89,18.7242],[-68.8878,18.7233],[-68.8865,18.7217],[-68.8847,18.7184],[-68.8818,18.7197],[-68.8792,18.7191],[-68.8771,18.7211],[-68.875,18.7207],[-68.8724,18.7233],[-68.8703,18.723],[-68.8684,18.7246],[-68.8683,18.726],[-68.8666,18.729],[-68.8645,18.7299],[-68.862,18.7342],[-68.8595,18.7376],[-68.8557,18.7405],[-68.8542,18.7444],[-68.856,18.7482],[-68.8588,18.7498],[-68.8595,18.7514],[-68.8581,18.7559],[-68.857,18.7574],[-68.8517,18.762],[-68.8509,18.7642],[-68.8521,18.7692],[-68.8517,18.7724],[-68.8503,18.7734],[-68.8456,18.7727],[-68.8395,18.7762],[-68.835,18.7793],[-68.8263,18.785],[-68.8242,18.7878],[-68.8195,18.7881],[-68.8119,18.7869],[-68.8096,18.7878],[-68.8068,18.7945],[-68.8049,18.8003],[-68.8052,18.804],[-68.8101,18.8119],[-68.8099,18.8131],[-68.8115,18.8146],[-68.8117,18.8184],[-68.813,18.8211],[-68.8136,18.8256],[-68.8122,18.8293],[-68.8087,18.8311],[-68.8117,18.8388],[-68.8131,18.8405],[-68.8161,18.8427],[-68.8166,18.846],[-68.8203,18.8535],[-68.8216,18.8551],[-68.8217,18.8592],[-68.8238,18.864],[-68.8266,18.8669],[-68.8264,18.8701],[-68.8247,18.8747],[-68.829,18.8763],[-68.8311,18.8784],[-68.8319,18.8832],[-68.8312,18.8869],[-68.8318,18.8889],[-68.8345,18.891],[-68.8406,18.8911],[-68.8416,18.8922],[-68.842,18.8945],[-68.8407,18.8968],[-68.8385,18.8954],[-68.8376,18.8963],[-68.8398,18.8984],[-68.8398,18.9013],[-68.8372,18.9038],[-68.8366,18.9054],[-68.8343,18.9059],[-68.8325,18.9054],[-68.8303,18.9065],[-68.8306,18.909],[-68.8281,18.9101],[-68.8294,18.9117],[-68.8286,18.9127],[-68.8259,18.9117],[-68.8256,18.9139],[-68.8236,18.9133],[-68.8219,18.9139],[-68.8193,18.9137],[-68.819,18.9157],[-68.8169,18.9151],[-68.8158,18.9188],[-68.8172,18.9205],[-68.8179,18.9229],[-68.817,18.9266],[-68.8187,18.9286],[-68.821,18.9303],[-68.8209,18.9326],[-68.819,18.9337],[-68.8179,18.9376],[-68.8184,18.9392],[-68.8157,18.9403],[-68.812,18.9409],[-68.8091,18.9434],[-68.8065,18.9444],[-68.8069,18.946],[-68.803,18.9486],[-68.8008,18.9492],[-68.8009,18.9512],[-68.7994,18.9536],[-68.7973,18.9534],[-68.7954,18.9517],[-68.7904,18.9509],[-68.7882,18.9512],[-68.788,18.9488],[-68.7853,18.9495],[-68.7846,18.9517],[-68.7812,18.9528],[-68.7815,18.9555],[-68.7855,18.9588],[-68.787,18.9593],[-68.7868,18.9618],[-68.7846,18.9643],[-68.7834,18.9645],[-68.781,18.9604],[-68.778,18.957],[-68.7765,18.9575],[-68.7759,18.9594],[-68.7762,18.968],[-68.7774,18.9725]]]]},"properties":{"province_name":"EL SEIBO","municipalities":2}},
{"type":"Feature","geometry":{"type":"Polygon","coordinates":[[[-70.0825,19.6341],[-70.0842,19.6357],[-70.0858,19.6341],[-70.0873,19.6355],[-70.0947,19.6304],[-70.0986,19.6287],[-70.1024,19.6296],[-70.1049,19.629],[-70.1088,19.6266],[-70.1113,19.6261],[-70.1193,19.6257],[-70.1227,19.6247],[-70.1255,19.6246],[-70.1283,19.6234],[-70.1351,19.6238],[-70.137,19.6233],[-70.1427,19.623],[-70.1454,19.6209],[-70.1478,19.6204],[-70.1563,19.6201],[-70.1606,19.6212],[-70.1635,19.6227],[-70.1655,19.6226],[-70.1678,19.6217],[-70.1727,19.6217],[-70.1763,19.6232],[-70.1791,19.6251],[-70.1815,19.6277],[-70.1842,19.6282],[-70.1869,19.6268],[-70.1918,19.6296],[-70.1948,19.6293],[-70.1966,19.6307],[-70.1987,19.6302],[-70.2034,19.6329],[-70.2086,19.6333],[-70.2112,19.6347],[-70.217,19.6361],[-70.2191,19.6361],[-70.224,19.6386],[-70.229,19.6401],[-70.2312,19.6414],[-70.2341,19.6418],[-70.2396,19.6416],[-70.2427,19.6428],[-70.2448,19.642],[-70.2515,19.6409],[-70.2601,19.6412],[-70.267,19.6409],[-70.2727,19.6432],[-70.2811,19.6454],[-70.2928,19.6491],[-70.3004,19.6527],[-70.3031,19.6533],[-70.3104,19.6577],[-70.315,19.6611],[-70.3187,19.6645],[-70.3244,19.6689],[-70.3299,19.6737],[-70.3325,19.6762],[-70.3397,19.6817],[-70.3426,19.6835],[-70.3504,19.689],[-70.3548,19.6917],[-70.3616,19.6981],[-70.3669,19.7065],[-70.3688,19.7085],[-70.3695,19.7104],[-70.3751,19.714],[-70.3765,19.7132],[-70.3764,19.7116],[-70.3723,19.7084],[-70.3721,19.706],[-70.3703,19.7023],[-70.3713,19.7006],[-70.373,19.701],[-70.3746,19.7026],[-70.3771,19.7025],[-70.381,19.6976],[-70.3809,19.6966],[-70.3766,19.6962],[-70.3755,19.6953],[-70.3755,19.6911],[-70.3743,19.6881],[-70.3735,19.6848],[-70.3709,19.683],[-70.3674,19.6771],[-70.3679,19.6759],[-70.3703,19.675],[-70.3741,19.6719],[-70.3782,19.6706],[-70.3838,19.6715],[-70.3884,19.6713],[-70.3962,19.6679],[-70.398,19.665],[-70.3954,19.6639],[-70.3932,19.6599],[-70.3896,19.6607],[-70.3884,19.66],[-70.3892,19.6571],[-70.3918,19.6572],[-70.395,19.6563],[-70.3965,19.6569],[-70.3992,19.6635],[-70.402,19.666],[-70.4043,19.6643],[-70.4007,19.6594],[-70.4014,19.6579],[-70.4033,19.6583],[-70.4052,19.6603],[-70.4077,19.6602],[-70.4105,19.6636],[-70.4136,19.6621],[-70.4143,19.6601],[-70.4095,19.6571],[-70.4098,19.6562],[-70.4141,19.6547],[-70.4158,19.6536],[-70.4174,19.6544],[-70.4219,19.6542],[-70.4257,19.6565],[-70.4254,19.6576],[-70.4297,19.663],[-70.4315,19.6647],[-70.4346,19.6649],[-70.4354,19.6662],[-70.4329,19.6683],[-70.4354,19.6686],[-70.4369,19.6675],[-70.4386,19.6645],[-70.4412,19.6636],[-70.4439,19.6645],[-70.4466,19.663],[-70.4466,19.6615],[-70.4485,19.6596],[-70.4502,19.6612],[-70.454,19.663],[-70.4562,19.6646],[-70.4609,19.6621],[-70.4576,19.6583],[-70.4579,19.6544],[-70.4601,19.6533],[-70.4623,19.6531],[-70.4643,19.654],[-70.4628,19.6582],[-70.4655,19.6606],[-70.4679,19.6604],[-70.4669,19.6585],[-70.47,19.6559],[-70.4735,19.6552],[-70.4752,19.6576],[-70.4729,19.6595],[-70.4758,19.6609],[-70.4774,19.6601],[-70.4799,19.6575],[-70.4827,19.6576],[-70.4843,19.66],[-70.486,19.6603],[-70.4872,19.6581],[-70.4893,19.6588],[-70.4923,19.6588],[-70.494,19.6595],[-70.4944,19.6622],[-70.4974,19.6601],[-70.5003,19.661],[-70.5021,19.6591],[-70.5023,19.6532],[-70.5002,19.6481],[-70.4996,19.6456],[-70.5002,19.6393],[-70.4997,19.6336],[-70.5005,19.6218],[-70.502,19.6187],[-70.5062,19.6161],[-70.5075,19.6136],[-70.5074,19.6098],[-70.5067,19.6072],[-70.5048,19.605],[-70.4991,19.5996],[-70.4963,19.5961],[-70.4956,19.5938],[-70.4952,19.5889],[-70.4939,19.5844],[-70.4907,19.5787],[-70.4889,19.5734],[-70.4891,19.5691],[-70.4897,19.5668],[-70.4955,19.5537],[-70.4965,19.5497],[-70.4992,19.5482],[-70.5037,19.5493],[-70.5068,19.5519],[-70.5065,19.5541],[-70.5047,19.5571],[-70.505,19.5607],[-70.5059,19.5616],[-70.5055,19.5643],[-70.5062,19.5652],[-70.5048,19.5674],[-70.5063,19.5684],[-70.5089,19.5681],[-70.5133,19.571],[-70.5166,19.5741],[-70.5152,19.5753],[-70.5148,19.578],[-70.5156,19.5797],[-70.5206,19.5775],[-70.5239,19.5734],[-70.5287,19.5719],[-70.5341,19.5686],[-70.5366,19.5625],[-70.5364,19.5598],[-70.5347,19.5524],[-70.5345,19.5483],[-70.5349,19.5465],[-70.5367,19.5438],[-70.5339,19.5379],[-70.5336,19.5356],[-70.5349,19.5311],[-70.5342,19.5281],[-70.5361,19.5262],[-70.539,19.5254],[-70.5399,19.5245],[-70.5397,19.521],[-70.5371,19.5163],[-70.536,19.5124],[-70.537,19.5122],[-70.5456,19.5171],[-70.5466,19.5124],[-70.5466,19.5102],[-70.5476,19.5085],[-70.5474,19.5067],[-70.5492,19.5054],[-70.5484,19.4997],[-70.5492,19.4969],[-70.5508,19.4938],[-70.5529,19.4944],[-70.5582,19.4945],[-70.5589,19.493],[-70.5609,19.4927],[-70.5629,19.4934],[-70.564,19.4903],[-70.5682,19.4898],[-70.5695,19.4876],[-70.5735,19.4873],[-70.573,19.4852],[-70.5757,19.4849],[-70.5773,19.4836],[-70.5777,19.4867],[-70.5796,19.4841],[-70.5811,19.485],[-70.5825,19.4842],[-70.5835,19.477],[-70.5829,19.4736],[-70.5805,19.4709],[-70.5795,19.4686],[-70.5788,19.4634],[-70.58,19.4553],[-70.5819,19.4547],[-70.5816,19.4514],[-70.5819,19.4471],[-70.5825,19.4454],[-70.5856,19.4446],[-70.5894,19.4412],[-70.5893,19.4393],[-70.5914,19.4378],[-70.5926,19.4341],[-70.5923,19.4318],[-70.5936,19.4289],[-70.5902,19.4272],[-70.5925,19.4235],[-70.5908,19.422],[-70.5917,19.4201],[-70.594,19.4201],[-70.5912,19.4171],[-70.5914,19.4156],[-70.5901,19.4137],[-70.5905,19.4114],[-70.5883,19.4092],[-70.5874,19.4073],[-70.5886,19.4052],[-70.586,19.4027],[-70.586,19.4],[-70.5884,19.3989],[-70.5865,19.3972],[-70.5856,19.3941],[-70.5869,19.3933],[-70.5858,19.3913],[-70.5836,19.3934],[-70.5836,19.3893],[-70.5807,19.3907],[-70.5799,19.386],[-70.5818,19.3855],[-70.5854,19.3856],[-70.5867,19.3844],[-70.5888,19.3861],[-70.5909,19.3862],[-70.5925,19.3887],[-70.5947,19.3895],[-70.6004,19.388],[-70.6014,19.3897],[-70.604,19.3889],[-70.6058,19.3875],[-70.6082,19.3816],[-70.6094,19.3805],[-70.6096,19.3786],[-70.6107,19.3773],[-70.6104,19.3755],[-70.6085,19.3752],[-70.6078,19.3715],[-70.6066,19.3681],[-70.6051,19.3665],[-70.6049,19.3627],[-70.602,19.36],[-70.5937,19.3587],[-70.5913,19.3574],[-70.5904,19.3553],[-70.5887,19.3539],[-70.5862,19.3531],[-70.5832,19.3513],[-70.5758,19.3519],[-70.5732,19.3509],[-70.5703,19.3521],[-70.565,19.3514],[-70.5617,19.3517],[-70.5568,19.3503],[-70.5519,19.3495],[-70.546,19.3497],[-70.5403,19.3519],[-70.5364,19.3519],[-70.5348,19.3498],[-70.532,19.3499],[-70.5296,19.3531],[-70.5273,19.3548],[-70.5252,19.355],[-70.5229,19.3542],[-70.5202,19.3542],[-70.5175,19.3548],[-70.5147,19.3573],[-70.512,19.3549],[-70.5031,19.3488],[-70.5013,19.3468],[-70.4984,19.3451],[-70.4961,19.3446],[-70.4939,19.3449],[-70.487,19.3447],[-70.4881,19.3402],[-70.4905,19.3399],[-70.4928,19.3375],[-70.4937,19.3323],[-70.4962,19.329],[-70.4966,19.3248],[-70.4984,19.3222],[-70.4978,19.3198],[-70.5011,19.3181],[-70.5009,19.3164],[-70.4991,19.3156],[-70.4992,19.314],[-70.5005,19.3121],[-70.4994,19.3112],[-70.4921,19.3105],[-70.4877,19.3114],[-70.4841,19.313],[-70.4836,19.3101],[-70.4824,19.3101],[-70.4764,19.3078],[-70.4739,19.3115],[-70.4742,19.314],[-70.4755,19.3164],[-70.4749,19.3189],[-70.4767,19.3225],[-70.4766,19.3245],[-70.4753,19.3276],[-70.4743,19.3284],[-70.4733,19.3309],[-70.4743,19.3318],[-70.4728,19.335],[-70.4725,19.3393],[-70.4666,19.3383],[-70.4638,19.3367],[-70.4623,19.3391],[-70.46,19.3413],[-70.459,19.3434],[-70.4572,19.3448],[-70.4564,19.348],[-70.4545,19.3479],[-70.456,19.3517],[-70.4561,19.3568],[-70.4569,19.3589],[-70.4563,19.3626],[-70.4535,19.3643],[-70.4524,19.3675],[-70.4529,19.3704],[-70.4502,19.3703],[-70.449,19.3725],[-70.4495,19.3757],[-70.4479,19.38],[-70.4459,19.3825],[-70.4434,19.3876],[-70.4438,19.3905],[-70.4459,19.3927],[-70.4462,19.3948],[-70.4431,19.3999],[-70.4429,19.4041],[-70.4413,19.405],[-70.4386,19.408],[-70.4395,19.4104],[-70.4379,19.4124],[-70.4333,19.4151],[-70.4321,19.4226],[-70.4307,19.4243],[-70.4307,19.4259],[-70.4334,19.4287],[-70.4331,19.4302],[-70.434,19.4324],[-70.4322,19.4344],[-70.4334,19.4362],[-70.4323,19.438],[-70.4291,19.4398],[-70.4256,19.4452],[-70.4238,19.4471],[-70.4239,19.4527],[-70.4248,19.4544],[-70.4244,19.4593],[-70.425,19.4612],[-70.4282,19.4663],[-70.4291,19.4669],[-70.4306,19.4712],[-70.4292,19.4753],[-70.4276,19.4763],[-70.427,19.4797],[-70.4249,19.4795],[-70.4265,19.483],[-70.432,19.484],[-70.4344,19.4858],[-70.4356,19.4877],[-70.4352,19.4903],[-70.4378,19.492],[-70.4373,19.4962],[-70.4389,19.4997],[-70.4418,19.501],[-70.4427,19.5061],[-70.44,19.5086],[-70.4375,19.5099],[-70.4363,19.5135],[-70.4344,19.5154],[-70.4325,19.5201],[-70.4319,19.523],[-70.4307,19.5337],[-70.4287,19.5344],[-70.4273,19.5364],[-70.425,19.5371],[-70.4208,19.5372],[-70.421,19.5404],[-70.4182,19.5421],[-70.4182,19.5457],[-70.4193,19.5475],[-70.4187,19.5489],[-70.4197,19.5539],[-70.4178,19.5531],[-70.4133,19.5575],[-70.4119,19.5575],[-70.4065,19.5506],[-70.4039,19.5487],[-70.4036,19.5466],[-70.4024,19.5449],[-70.4007,19.5441],[-70.3994,19.5411],[-70.3925,19.5405],[-70.3891,19.5379],[-70.3882,19.5362],[-70.3864,19.535],[-70.3854,19.5361],[-70.3828,19.5365],[-70.3756,19.5359],[-70.3731,19.5373],[-70.3727,19.534],[-70.3716,19.533],[-70.3665,19.5335],[-70.364,19.5324],[-70.364,19.5284],[-70.3612,19.5289],[-70.3613,19.5252],[-70.3578,19.5232],[-70.3561,19.5227],[-70.3565,19.5204],[-70.3545,19.5194],[-70.3489,19.5194],[-70.3456,19.519],[-70.3419,19.5222],[-70.3414,19.5267],[-70.3409,19.534],[-70.3397,19.5387],[-70.339,19.5494],[-70.3359,19.5525],[-70.3308,19.5536],[-70.3285,19.5538],[-70.3256,19.5552],[-70.3238,19.5551],[-70.3199,19.5564],[-70.3152,19.5584],[-70.3165,19.5597],[-70.3123,19.5622],[-70.3087,19.5605],[-70.3052,19.5592],[-70.301,19.5561],[-70.2987,19.5548],[-70.2963,19.5488],[-70.2936,19.5471],[-70.292,19.544],[-70.2905,19.5364],[-70.2863,19.5322],[-70.2833,19.5309],[-70.279,19.5311],[-70.2712,19.5303],[-70.2639,19.5262],[-70.2564,19.524],[-70.2544,19.5239],[-70.2539,19.5227],[-70.2454,19.5217],[-70.2417,19.5195],[-70.2344,19.5179],[-70.2306,19.5175],[-70.2281,19.516],[-70.225,19.5159],[-70.2129,19.5144],[-70.2086,19.5147],[-70.1967,19.5171],[-70.1975,19.5199],[-70.1977,19.5273],[-70.1969,19.5296],[-70.1971,19.5347],[-70.1982,19.5381],[-70.1982,19.5437],[-70.1986,19.5465],[-70.2008,19.5496],[-70.2017,19.5521],[-70.2014,19.5532],[-70.1989,19.5547],[-70.1977,19.5576],[-70.196,19.5564],[-70.1917,19.5545],[-70.1879,19.5539],[-70.1854,19.5542],[-70.1806,19.5533],[-70.1788,19.5524],[-70.1783,19.5516],[-70.1722,19.5522],[-70.17,19.5547],[-70.168,19.5556],[-70.1642,19.5549],[-70.1635,19.5565],[-70.1617,19.5551],[-70.1621,19.5533],[-70.1563,19.5512],[-70.155,19.5529],[-70.1542,19.5551],[-70.1515,19.5551],[-70.1503,19.5561],[-70.1465,19.5562],[-70.1428,19.5568],[-70.141,19.5557],[-70.1375,19.5565],[-70.1352,19.5601],[-70.1341,19.5604],[-70.1317,19.5626],[-70.1277,19.5619],[-70.1251,19.5655],[-70.1265,19.5667],[-70.1264,19.5682],[-70.1227,19.5683],[-70.1215,19.5699],[-70.1223,19.5714],[-70.1171,19.5736],[-70.1154,19.5737],[-70.1139,19.5778],[-70.1108,19.5767],[-70.1096,19.5787],[-70.1069,19.5783],[-70.105,19.5795],[-70.1042,19.58],[-70.1041,19.5795],[-70.1029,19.5794],[-70.101,19.5831],[-70.0999,19.5817],[-70.0987,19.5811],[-70.0955,19.5822],[-70.0922,19.5857],[-70.091,19.5846],[-70.0895,19.5853],[-70.087,19.5873],[-70.0891,19.589],[-70.0879,19.5908],[-70.0864,19.5906],[-70.086,19.5943],[-70.0885,19.594],[-70.0883,19.5971],[-70.0872,19.5978],[-70.0873,19.6006],[-70.0851,19.6011],[-70.0836,19.6026],[-70.0844,19.6064],[-70.0878,19.6109],[-70.0841,19.6107],[-70.083,19.6116],[-70.086,19.6137],[-70.0857,19.6157],[-70.0864,19.6179],[-70.0876,19.6189],[-70.0835,19.626],[-70.082,19.6269],[-70.083,19.6312],[-70.0827,19.6331],[-70.0825,19.6341]]]},"properties":{"province_name":"ESPAILLAT","municipalities":4}},
{"type":"Feature","geometry":{"type":"Polygon","coordinates":[[[-71.7788,18.6797],[-71.785,18.6805],[-71.7892,18.6878],[-71.7975,18.6883],[-71.8012,18.6901],[-71.8073,18.683],[-71.8044,18.6783],[-71.8051,18.6707],[-71.8122,18.659],[-71.8095,18.6438],[-71.8096,18.6336],[-71.8157,18.6301],[-71.8196,18.6313],[-71.8276,18.6329],[-71.8301,18.6314],[-71.8348,18.6294],[-71.8443,18.6292],[-71.847,18.6307],[-71.8522,18.6355],[-71.8538,18.636],[-71.8567,18.6353],[-71.8594,18.6366],[-71.864,18.6363],[-71.8689,18.6376],[-71.8712,18.6316],[-71.8736,18.6276],[-71.8761,18.6281],[-71.8801,18.627],[-71.8809,18.6279],[-71.8826,18.6333],[-71.8846,18.6362],[-71.8866,18.6379],[-71.8959,18.6432],[-71.9013,18.6468],[-71.9036,18.6479],[-71.9078,18.6485],[-71.909,18.648],[-71.9129,18.6481],[-71.9145,18.646],[-71.9182,18.6426],[-71.9237,18.6347],[-71.9258,18.6346],[-71.9314,18.6373],[-71.9348,18.64],[-71.941,18.6437],[-71.9426,18.646],[-71.9445,18.6474],[-71.9493,18.6499],[-71.9526,18.6511],[-71.9553,18.6505],[-71.9578,18.6518],[-71.9616,18.6525],[-71.9657,18.6565],[-71.9685,18.6544],[-71.9705,18.6522],[-71.9756,18.6496],[-71.9783,18.6477],[-71.9798,18.6457],[-71.9819,18.6441],[-71.9843,18.6409],[-71.9865,18.6395],[-71.9857,18.636],[-71.9878,18.6341],[-71.9923,18.6323],[-71.9977,18.6313],[-71.9995,18.6295],[-72.0038,18.6261],[-72.0075,18.6253],[-72.0115,18.6215],[-72.0088,18.6196],[-72.0069,18.6171],[-72.0058,18.6168],[-72.0038,18.6136],[-71.9986,18.616],[-71.9978,18.6169],[-71.9926,18.6154],[-71.9895,18.6161],[-71.9874,18.6145],[-71.9853,18.6147],[-71.9814,18.612],[-71.9817,18.6103],[-71.9831,18.6083],[-71.9803,18.6072],[-71.9777,18.6037],[-71.975,18.6027],[-71.9723,18.6043],[-71.9692,18.6034],[-71.9665,18.6007],[-71.963,18.5925],[-71.9609,18.5907],[-71.9589,18.5881],[-71.9542,18.5837],[-71.9529,18.5811],[-71.9534,18.5741],[-71.9123,18.5335],[-71.8811,18.5028],[-71.8812,18.4889],[-71.9136,18.484],[-71.904,18.456],[-71.8761,18.4452],[-71.8669,18.4389],[-71.8453,18.4293],[-71.8366,18.4153],[-71.8293,18.3975],[-71.8195,18.3976],[-71.8036,18.392],[-71.8063,18.3888],[-71.7948,18.3768],[-71.7089,18.3455],[-71.696,18.3406],[-71.7253,18.2905],[-71.7198,18.2899],[-71.7129,18.2878],[-71.71,18.285],[-71.7069,18.2838],[-71.7029,18.2845],[-71.7015,18.2832],[-71.6997,18.2794],[-71.6962,18.2775],[-71.6903,18.2752],[-71.6878,18.2722],[-71.6864,18.2686],[-71.6826,18.2656],[-71.6789,18.2652],[-71.675,18.2627],[-71.6732,18.2603],[-71.6703,18.2571],[-71.6581,18.2494],[-71.6536,18.2472],[-71.6491,18.2458],[-71.6473,18.2456],[-71.6448,18.2441],[-71.6429,18.2407],[-71.6416,18.2395],[-71.6387,18.2382],[-71.6345,18.2375],[-71.6328,18.2363],[-71.6319,18.2334],[-71.6293,18.2303],[-71.6268,18.2281],[-71.6241,18.2265],[-71.621,18.2258],[-71.6113,18.2281],[-71.606,18.2264],[-71.6029,18.2263],[-71.6003,18.2272],[-71.5971,18.2289],[-71.5955,18.2288],[-71.5931,18.2275],[-71.5886,18.2237],[-71.5869,18.2218],[-71.584,18.2208],[-71.5814,18.2195],[-71.578,18.215],[-71.5731,18.2092],[-71.5684,18.2052],[-71.5662,18.2045],[-71.5592,18.2049],[-71.5535,18.2062],[-71.5512,18.2071],[-71.5469,18.2072],[-71.5449,18.2065],[-71.5344,18.2003],[-71.5318,18.1982],[-71.5275,18.1965],[-71.523,18.1953],[-71.5211,18.1957],[-71.5163,18.1977],[-71.512,18.2009],[-71.5087,18.2022],[-71.5042,18.202],[-71.5029,18.2016],[-71.4992,18.1972],[-71.4964,18.195],[-71.493,18.1931],[-71.488,18.1918],[-71.4861,18.1905],[-71.4811,18.1844],[-71.4761,18.1786],[-71.472,18.1747],[-71.4666,18.171],[-71.4641,18.1673],[-71.4627,18.163],[-71.4597,18.1595],[-71.4574,18.1575],[-71.4527,18.155],[-71.4517,18.1539],[-71.4487,18.1537],[-71.4448,18.1524],[-71.4408,18.1503],[-71.4353,18.1438],[-71.4314,18.1403],[-71.4294,18.1391],[-71.4255,18.1379],[-71.4231,18.1451],[-71.4238,18.1477],[-71.4252,18.1498],[-71.4247,18.1532],[-71.4251,18.1558],[-71.4252,18.1626],[-71.4278,18.1699],[-71.4273,18.1707],[-71.4275,18.1738],[-71.426,18.1776],[-71.4287,18.1797],[-71.4272,18.1813],[-71.4238,18.1866],[-71.4247,18.1907],[-71.4243,18.1947],[-71.425,18.1964],[-71.4217,18.1973],[-71.4171,18.1973],[-71.4146,18.1954],[-71.4121,18.1945],[-71.4117,18.1933],[-71.4097,18.1932],[-71.4046,18.1909],[-71.3993,18.1897],[-71.3964,18.1898],[-71.3967,18.1879],[-71.3937,18.1873],[-71.3909,18.1862],[-71.3889,18.1841],[-71.3867,18.1853],[-71.3851,18.1875],[-71.3835,18.1886],[-71.3858,18.1901],[-71.385,18.1941],[-71.3862,18.1951],[-71.3857,18.1982],[-71.3873,18.2023],[-71.3899,18.2042],[-71.3877,18.2096],[-71.3858,18.2091],[-71.3848,18.2105],[-71.3853,18.2125],[-71.3865,18.2137],[-71.3849,18.2154],[-71.3854,18.2165],[-71.3819,18.2199],[-71.3811,18.2217],[-71.3783,18.2246],[-71.3791,18.2272],[-71.3767,18.2307],[-71.3769,18.2322],[-71.3799,18.239],[-71.3791,18.2409],[-71.3778,18.2472],[-71.3766,18.2479],[-71.3777,18.2504],[-71.3777,18.2534],[-71.376,18.2563],[-71.3764,18.2581],[-71.3731,18.262],[-71.375,18.2628],[-71.3792,18.2656],[-71.3836,18.2673],[-71.3864,18.2693],[-71.3846,18.2716],[-71.388,18.2744],[-71.3931,18.2763],[-71.3918,18.2819],[-71.3872,18.2865],[-71.3857,18.2873],[-71.3842,18.2923],[-71.3821,18.2932],[-71.3795,18.2953],[-71.3727,18.2991],[-71.3693,18.3015],[-71.3663,18.3069],[-71.3641,18.3076],[-71.3589,18.3051],[-71.3553,18.3016],[-71.347,18.2949],[-71.3418,18.291],[-71.3365,18.2878],[-71.328,18.2835],[-71.3229,18.2819],[-71.3167,18.2811],[-71.3041,18.2781],[-71.2974,18.2751],[-71.2889,18.2716],[-71.286,18.27],[-71.2788,18.2665],[-71.2737,18.2653],[-71.2704,18.2658],[-71.2671,18.267],[-71.2591,18.2718],[-71.251,18.2752],[-71.2481,18.2745],[-71.2475,18.2777],[-71.2425,18.2897],[-71.2407,18.295],[-71.2372,18.3015],[-71.2363,18.3046],[-71.2365,18.3095],[-71.236,18.3137],[-71.233,18.3171],[-71.2289,18.3205],[-71.2225,18.3232],[-71.2114,18.3255],[-71.2187,18.3313],[-71.2202,18.3322],[-71.2228,18.3321],[-71.2258,18.3352],[-71.2287,18.3369],[-71.2328,18.3364],[-71.2347,18.3374],[-71.239,18.3373],[-71.2444,18.3398],[-71.2458,18.3412],[-71.2482,18.345],[-71.2479,18.3474],[-71.2464,18.3494],[-71.2497,18.3498],[-71.2513,18.3515],[-71.254,18.3512],[-71.2563,18.3521],[-71.2569,18.3548],[-71.2604,18.3575],[-71.2599,18.3592],[-71.2604,18.3613],[-71.2596,18.3641],[-71.2602,18.3654],[-71.2628,18.3649],[-71.2668,18.3656],[-71.2691,18.3683],[-71.268,18.3743],[-71.2697,18.3757],[-71.2683,18.3789],[-71.2678,18.3829],[-71.2695,18.3838],[-71.2712,18.3863],[-71.2723,18.3855],[-71.2739,18.387],[-71.2766,18.3871],[-71.277,18.3931],[-71.2977,18.4192],[-71.3209,18.4189],[-71.3227,18.4148],[-71.356,18.3996],[-71.3715,18.392],[-71.3758,18.3845],[-71.3858,18.3822],[-71.4037,18.3775],[-71.4062,18.3773],[-71.4106,18.375],[-71.4141,18.3754],[-71.4162,18.3791],[-71.4162,18.3815],[-71.4176,18.3826],[-71.4171,18.3931],[-71.4198,18.3955],[-71.4209,18.3995],[-71.4237,18.3996],[-71.4253,18.4021],[-71.427,18.402],[-71.4289,18.4042],[-71.4292,18.406],[-71.4316,18.4116],[-71.4342,18.4136],[-71.4348,18.415],[-71.4371,18.417],[-71.4388,18.4193],[-71.4425,18.4215],[-71.4449,18.4213],[-71.4463,18.4223],[-71.4508,18.423],[-71.4573,18.4257],[-71.4605,18.4265],[-71.4623,18.425],[-71.4656,18.4234],[-71.4686,18.4242],[-71.4735,18.4262],[-71.475,18.4273],[-71.4768,18.4299],[-71.4796,18.4359],[-71.4858,18.4448],[-71.4871,18.4472],[-71.4909,18.4487],[-71.4927,18.4503],[-71.4943,18.4539],[-71.4988,18.4569],[-71.5,18.4583],[-71.5064,18.4592],[-71.5072,18.4603],[-71.5097,18.4587],[-71.5114,18.4587],[-71.5167,18.4601],[-71.5164,18.4584],[-71.5151,18.4563],[-71.5143,18.4532],[-71.515,18.4512],[-71.5179,18.4482],[-71.5245,18.4434],[-71.5277,18.4416],[-71.5322,18.4395],[-71.5344,18.4391],[-71.54,18.4358],[-71.5467,18.4334],[-71.5504,18.4315],[-71.558,18.4303],[-71.5605,18.4288],[-71.5689,18.4264],[-71.5811,18.4236],[-71.5929,18.4218],[-71.5962,18.4217],[-71.6007,18.4175],[-71.6032,18.4158],[-71.6117,18.4108],[-71.6156,18.4096],[-71.6181,18.4094],[-71.6219,18.4101],[-71.6253,18.4138],[-71.6277,18.4177],[-71.6299,18.42],[-71.6392,18.4213],[-71.6472,18.4246],[-71.65,18.4268],[-71.6541,18.4277],[-71.6582,18.4301],[-71.6628,18.4317],[-71.6641,18.433],[-71.6679,18.4344],[-71.6712,18.4348],[-71.6746,18.4373],[-71.6765,18.438],[-71.6809,18.4383],[-71.6824,18.4392],[-71.687,18.44],[-71.6974,18.4441],[-71.7018,18.4468],[-71.7034,18.4485],[-71.7086,18.4509],[-71.7117,18.4534],[-71.7161,18.4589],[-71.7236,18.4639],[-71.7277,18.4657],[-71.7309,18.4665],[-71.7341,18.4681],[-71.7386,18.4716],[-71.7418,18.4749],[-71.7471,18.4787],[-71.7484,18.4804],[-71.7489,18.4826],[-71.7515,18.4848],[-71.7551,18.4859],[-71.7573,18.4875],[-71.7604,18.4877],[-71.765,18.4861],[-71.7683,18.4861],[-71.7717,18.4871],[-71.7731,18.4883],[-71.7767,18.489],[-71.7791,18.4918],[-71.7817,18.4938],[-71.7864,18.4939],[-71.7927,18.4938],[-71.7949,18.4949],[-71.8026,18.4974],[-71.8054,18.4996],[-71.8137,18.5119],[-71.8175,18.514],[-71.8209,18.5144],[-71.8241,18.5161],[-71.825,18.5195],[-71.8303,18.5262],[-71.8308,18.5295],[-71.8278,18.5321],[-71.8255,18.5323],[-71.8252,18.5369],[-71.8231,18.5379],[-71.8176,18.5389],[-71.8161,18.538],[-71.8139,18.5383],[-71.8113,18.5368],[-71.8088,18.5363],[-71.8061,18.5373],[-71.8036,18.537],[-71.8014,18.5349],[-71.8013,18.5335],[-71.7988,18.5296],[-71.7938,18.5242],[-71.7928,18.5182],[-71.7949,18.517],[-71.7964,18.5146],[-71.7918,18.5124],[-71.7891,18.5119],[-71.7869,18.5095],[-71.7837,18.5079],[-71.7814,18.5074],[-71.7765,18.5096],[-71.7742,18.5092],[-71.7731,18.5081],[-71.7694,18.5063],[-71.7661,18.5063],[-71.7607,18.5081],[-71.7542,18.5086],[-71.7509,18.5117],[-71.7482,18.5126],[-71.7461,18.5155],[-71.7421,18.5177],[-71.7371,18.5227],[-71.7349,18.5261],[-71.7326,18.5285],[-71.7319,18.5309],[-71.7305,18.5324],[-71.7276,18.5391],[-71.727,18.5415],[-71.7237,18.5471],[-71.7215,18.5523],[-71.7185,18.5562],[-71.7173,18.5571],[-71.7138,18.5615],[-71.7109,18.5636],[-71.7104,18.5646],[-71.704,18.5649],[-71.7022,18.5663],[-71.6982,18.5649],[-71.6994,18.5634],[-71.6987,18.5621],[-71.6964,18.5611],[-71.6904,18.5601],[-71.6888,18.5591],[-71.6862,18.5592],[-71.6804,18.558],[-71.6758,18.5542],[-71.6688,18.5525],[-71.6612,18.5476],[-71.6587,18.5466],[-71.6524,18.541],[-71.6512,18.5361],[-71.6496,18.5344],[-71.6443,18.5319],[-71.6345,18.5303],[-71.6313,18.5293],[-71.6301,18.5314],[-71.6262,18.5337],[-71.6235,18.536],[-71.6212,18.5404],[-71.6197,18.5468],[-71.6182,18.5513],[-71.6185,18.5526],[-71.617,18.558],[-71.6175,18.5603],[-71.616,18.5661],[-71.6146,18.5687],[-71.6129,18.5757],[-71.6109,18.5766],[-71.6097,18.5805],[-71.6087,18.5855],[-71.6064,18.5897],[-71.6041,18.5922],[-71.5993,18.5953],[-71.5967,18.5995],[-71.5936,18.6025],[-71.5932,18.6045],[-71.5942,18.6095],[-71.6004,18.6128],[-71.6036,18.6141],[-71.6096,18.6173],[-71.6108,18.6199],[-71.6092,18.6236],[-71.6092,18.6287],[-71.6088,18.6318],[-71.6058,18.6339],[-71.604,18.6347],[-71.5891,18.6369],[-71.5879,18.6366],[-71.5828,18.6377],[-71.5806,18.64],[-71.5775,18.642],[-71.5765,18.645],[-71.5746,18.6484],[-71.5739,18.6534],[-71.576,18.6526],[-71.5785,18.653],[-71.5796,18.6536],[-71.5922,18.6601],[-71.5944,18.6615],[-71.5984,18.6625],[-71.6026,18.6629],[-71.606,18.6627],[-71.6107,18.6669],[-71.6144,18.6676],[-71.621,18.6672],[-71.6238,18.6666],[-71.6255,18.6669],[-71.6286,18.668],[-71.6321,18.6686],[-71.6367,18.6676],[-71.639,18.6662],[-71.64,18.6648],[-71.6429,18.6624],[-71.6481,18.6622],[-71.6547,18.6625],[-71.6573,18.664],[-71.6616,18.6644],[-71.6649,18.6636],[-71.6682,18.6637],[-71.6751,18.6649],[-71.679,18.664],[-71.6832,18.6638],[-71.6929,18.6651],[-71.697,18.6674],[-71.7027,18.669],[-71.7113,18.6705],[-71.7133,18.6711],[-71.721,18.675],[-71.7254,18.6748],[-71.7276,18.6742],[-71.7345,18.6781],[-71.7405,18.6782],[-71.7448,18.6775],[-71.749,18.6798],[-71.7511,18.6818],[-71.754,18.6818],[-71.7584,18.6788],[-71.7608,18.6778],[-71.767,18.6765],[-71.7728,18.6771],[-71.7779,18.68],[-71.7788,18.6797]]]},"properties":{"province_name":"INDEPENDENCIA","municipalities":6}},
{"type":"Feature","geometry":{"type":"MultiPolygon","coordinates":[[[[-68.6341,18.1985],[-68.6371,18.1978],[-68.6397,18.195],[-68.639,18.1931],[-68.6367,18.1937],[-68.6372,18.1952],[-68.6341,18.1985]]],[[[-68.8976,18.4058],[-68.8977,18.4031],[-68.8971,18.399],[-68.895,18.3967],[-68.8888,18.3949],[-68.8879,18.394],[-68.8852,18.3938],[-68.8836,18.3918],[-68.8812,18.3914],[-68.8794,18.3892],[-68.8764,18.3892],[-68.873,18.3873],[-68.8699,18.3845],[-68.8678,18.3842],[-68.8661,18.383],[-68.864,18.383],[-68.8625,18.3821],[-68.8586,18.3815],[-68.8512,18.3781],[-68.8475,18.3757],[-68.8425,18.373],[-68.8408,18.3712],[-68.8405,18.3686],[-68.841,18.3663],[-68.8434,18.3655],[-68.8423,18.3635],[-68.8408,18.3636],[-68.8401,18.3609],[-68.8384,18.3596],[-68.8378,18.3568],[-68.8367,18.3554],[-68.8361,18.3517],[-68.8323,18.3487],[-68.8295,18.3479],[-68.8279,18.3459],[-68.8247,18.3436],[-68.8218,18.3422],[-68.8193,18.34],[-68.8167,18.3385],[-68.8145,18.3366],[-68.8124,18.3336],[-68.8105,18.3293],[-68.8088,18.3243],[-68.8049,18.3173],[-68.8043,18.315],[-68.8013,18.3093],[-68.799,18.306],[-68.796,18.3028],[-68.7943,18.3002],[-68.7917,18.2975],[-68.7892,18.2933],[-68.7858,18.2899],[-68.781,18.281],[-68.7789,18.2752],[-68.7778,18.2737],[-68.7756,18.2681],[-68.7732,18.2629],[-68.7729,18.2603],[-68.7666,18.2474],[-68.7639,18.2428],[-68.7623,18.2422],[-68.7591,18.2396],[-68.7581,18.236],[-68.7546,18.2319],[-68.7541,18.2279],[-68.7525,18.2221],[-68.7516,18.2144],[-68.7523,18.2086],[-68.7531,18.2064],[-68.7545,18.2053],[-68.7549,18.2025],[-68.7539,18.2023],[-68.751,18.2035],[-68.7504,18.2057],[-68.7488,18.2068],[-68.7444,18.2077],[-68.7427,18.2067],[-68.7408,18.208],[-68.7415,18.2102],[-68.7456,18.2102],[-68.7478,18.2127],[-68.7482,18.2168],[-68.7489,18.2183],[-68.7484,18.2207],[-68.7469,18.2225],[-68.7438,18.2233],[-68.7428,18.2227],[-68.738,18.2224],[-68.7367,18.2207],[-68.735,18.2206],[-68.7322,18.2193],[-68.7306,18.2173],[-68.7316,18.2129],[-68.7285,18.2106],[-68.7335,18.2083],[-68.7368,18.209],[-68.7396,18.209],[-68.7405,18.2063],[-68.7401,18.2045],[-68.7378,18.2037],[-68.7347,18.2041],[-68.7324,18.2061],[-68.7305,18.2092],[-68.728,18.2099],[-68.726,18.2093],[-68.7222,18.2099],[-68.7225,18.2137],[-68.7201,18.214],[-68.7141,18.2131],[-68.7113,18.2124],[-68.7081,18.2101],[-68.7051,18.2091],[-68.6997,18.2093],[-68.6963,18.2105],[-68.6935,18.2099],[-68.6883,18.2103],[-68.6844,18.2115],[-68.6817,18.2135],[-68.6802,18.2153],[-68.6746,18.2156],[-68.6717,18.2152],[-68.6689,18.2162],[-68.6634,18.2156],[-68.6617,18.2178],[-68.6551,18.217],[-68.6502,18.2143],[-68.6504,18.2126],[-68.6466,18.2103],[-68.6429,18.2098],[-68.6427,18.2127],[-68.6432,18.2162],[-68.641,18.2178],[-68.6406,18.2197],[-68.6417,18.2261],[-68.6431,18.2265],[-68.644,18.2294],[-68.642,18.2305],[-68.6426,18.2334],[-68.6419,18.2354],[-68.6415,18.2417],[-68.6419,18.2434],[-68.6407,18.2489],[-68.6413,18.2501],[-68.6399,18.2539],[-68.6412,18.2548],[-68.6408,18.2573],[-68.6384,18.2584],[-68.6381,18.2604],[-68.639,18.2619],[-68.6373,18.2643],[-68.6354,18.27],[-68.6346,18.276],[-68.6334,18.2796],[-68.6312,18.2835],[-68.6311,18.285],[-68.6273,18.2922],[-68.6228,18.2972],[-68.6204,18.2983],[-68.6165,18.3021],[-68.6153,18.3064],[-68.6107,18.3146],[-68.6068,18.3203],[-68.6051,18.3253],[-68.6033,18.3282],[-68.6021,18.3319],[-68.6017,18.3352],[-68.602,18.3403],[-68.6029,18.3427],[-68.6049,18.3459],[-68.6088,18.35],[-68.6116,18.3538],[-68.6147,18.3561],[-68.614,18.3591],[-68.6152,18.3627],[-68.6174,18.3649],[-68.6173,18.3672],[-68.6148,18.3674],[-68.6143,18.3685],[-68.6116,18.3703],[-68.6109,18.3724],[-68.6087,18.3739],[-68.6081,18.3755],[-68.6051,18.3781],[-68.5986,18.3796],[-68.5973,18.3805],[-68.5924,18.3801],[-68.5912,18.3778],[-68.5888,18.3767],[-68.5855,18.3744],[-68.5832,18.3722],[-68.5787,18.3695],[-68.577,18.369],[-68.5737,18.3663],[-68.57,18.3668],[-68.566,18.365],[-68.5637,18.363],[-68.5614,18.3603],[-68.5556,18.3572],[-68.5514,18.3556],[-68.5422,18.353],[-68.5367,18.351],[-68.5328,18.3504],[-68.5237,18.3481],[-68.5226,18.3485],[-68.5164,18.3466],[-68.5097,18.3451],[-68.4997,18.342],[-68.4944,18.3397],[-68.4921,18.3378],[-68.4902,18.3373],[-68.4851,18.3372],[-68.4767,18.3412],[-68.4756,18.3432],[-68.4711,18.3428],[-68.4669,18.3435],[-68.4645,18.3447],[-68.4583,18.351],[-68.4574,18.3525],[-68.4514,18.3595],[-68.4504,18.3639],[-68.4495,18.3649],[-68.4503,18.3735],[-68.4492,18.378],[-68.4495,18.3808],[-68.4483,18.3843],[-68.4486,18.3965],[-68.4482,18.3988],[-68.4483,18.4051],[-68.4487,18.4067],[-68.446,18.4195],[-68.4447,18.4229],[-68.4446,18.4251],[-68.4404,18.4303],[-68.4366,18.4321],[-68.4335,18.4355],[-68.4339,18.4367],[-68.431,18.4375],[-68.4293,18.4397],[-68.4294,18.4411],[-68.4274,18.4428],[-68.4246,18.4434],[-68.4237,18.4469],[-68.4225,18.4471],[-68.4231,18.4497],[-68.4198,18.451],[-68.4165,18.4515],[-68.4148,18.4529],[-68.4136,18.4561],[-68.4121,18.4554],[-68.4079,18.4574],[-68.4019,18.463],[-68.4,18.4701],[-68.3969,18.4742],[-68.3967,18.4759],[-68.395,18.4791],[-68.3937,18.4829],[-68.3918,18.4847],[-68.3912,18.4906],[-68.3915,18.4949],[-68.3901,18.4967],[-68.3881,18.498],[-68.3861,18.4964],[-68.3836,18.4957],[-68.3812,18.4979],[-68.3797,18.4977],[-68.3774,18.5003],[-68.3756,18.5015],[-68.3756,18.5037],[-68.3733,18.5081],[-68.3709,18.5091],[-68.3704,18.5129],[-68.3674,18.5181],[-68.365,18.5204],[-68.3632,18.5242],[-68.3631,18.5263],[-68.3611,18.5309],[-68.3573,18.5361],[-68.3545,18.5385],[-68.3533,18.5409],[-68.3536,18.5422],[-68.3488,18.5455],[-68.3481,18.549],[-68.3464,18.5525],[-68.3432,18.5573],[-68.3435,18.5588],[-68.342,18.5596],[-68.3379,18.5653],[-68.3359,18.5658],[-68.3337,18.5687],[-68.3313,18.573],[-68.3302,18.5773],[-68.3286,18.5814],[-68.3252,18.5889],[-68.3259,18.5918],[-68.3244,18.5953],[-68.3239,18.5983],[-68.3249,18.6013],[-68.3235,18.6049],[-68.3239,18.6093],[-68.325,18.6112],[-68.3274,18.6117],[-68.3283,18.6142],[-68.3261,18.615],[-68.3259,18.6184],[-68.3301,18.6247],[-68.3311,18.6252],[-68.3322,18.6289],[-68.3359,18.6327],[-68.3402,18.6378],[-68.3448,18.6437],[-68.3496,18.6452],[-68.3539,18.649],[-68.3595,18.6501],[-68.3616,18.6512],[-68.3642,18.6535],[-68.3658,18.6559],[-68.3679,18.6581],[-68.3735,18.6606],[-68.38,18.6652],[-68.3846,18.6604],[-68.3872,18.6605],[-68.3903,18.6618],[-68.3936,18.6638],[-68.3982,18.6679],[-68.4011,18.6715],[-68.4043,18.6738],[-68.4074,18.675],[-68.4097,18.6769],[-68.4112,18.6797],[-68.4117,18.6822],[-68.4131,18.6854],[-68.4148,18.6865],[-68.4182,18.6907],[-68.4244,18.6936],[-68.4301,18.6973],[-68.4327,18.6994],[-68.4385,18.7022],[-68.4411,18.7064],[-68.4413,18.7091],[-68.4424,18.7121],[-68.4459,18.7136],[-68.4488,18.7168],[-68.4541,18.7216],[-68.4583,18.7259],[-68.4612,18.7299],[-68.4632,18.7318],[-68.465,18.7344],[-68.4669,18.7355],[-68.4692,18.735],[-68.4732,18.7354],[-68.4774,18.7368],[-68.4872,18.7434],[-68.4894,18.7454],[-68.4962,18.7496],[-68.4992,18.7523],[-68.5007,18.753],[-68.5058,18.7581],[-68.5102,18.7614],[-68.515,18.7656],[-68.5215,18.7719],[-68.5218,18.7731],[-68.5207,18.7755],[-68.5243,18.7766],[-68.5259,18.7787],[-68.5277,18.7793],[-68.5302,18.7764],[-68.5294,18.7754],[-68.532,18.7729],[-68.5351,18.773],[-68.5395,18.7758],[-68.5437,18.7798],[-68.5452,18.7807],[-68.5512,18.7828],[-68.5513,18.7852],[-68.5568,18.7894],[-68.5581,18.7911],[-68.5606,18.7927],[-68.5629,18.7959],[-68.5679,18.8001],[-68.571,18.8056],[-68.5742,18.807],[-68.5764,18.8088],[-68.5766,18.8101],[-68.579,18.8117],[-68.5795,18.8128],[-68.5831,18.8154],[-68.5842,18.8173],[-68.5889,18.8209],[-68.5918,18.8238],[-68.5976,18.8275],[-68.6002,18.8279],[-68.6051,18.832],[-68.606,18.8341],[-68.6062,18.8369],[-68.609,18.8393],[-68.6114,18.8397],[-68.6139,18.8409],[-68.6168,18.8415],[-68.6195,18.8442],[-68.6214,18.8474],[-68.6227,18.8509],[-68.6266,18.8554],[-68.6278,18.8576],[-68.6298,18.8584],[-68.6361,18.866],[-68.6409,18.8703],[-68.6426,18.8745],[-68.6458,18.8761],[-68.649,18.8801],[-68.6496,18.8826],[-68.6522,18.8854],[-68.6549,18.8871],[-68.656,18.8889],[-68.6577,18.8895],[-68.66,18.8929],[-68.6614,18.8935],[-68.6629,18.8959],[-68.6656,18.8978],[-68.6685,18.8981],[-68.6703,18.8993],[-68.6717,18.9013],[-68.6773,18.9066],[-68.6819,18.9119],[-68.6857,18.9129],[-68.6895,18.9167],[-68.6909,18.9197],[-68.6944,18.923],[-68.6961,18.9255],[-68.6982,18.9274],[-68.6987,18.9287],[-68.7034,18.9317],[-68.7104,18.9342],[-68.7134,18.9378],[-68.7206,18.9427],[-68.7286,18.9471],[-68.7337,18.9515],[-68.7356,18.9523],[-68.7389,18.9554],[-68.7412,18.9557],[-68.744,18.9572],[-68.7445,18.9585],[-68.7474,18.9601],[-68.7504,18.9597],[-68.7528,18.9613],[-68.7533,18.9627],[-68.7576,18.9621],[-68.7591,18.9623],[-68.7635,18.9645],[-68.7677,18.9661],[-68.7725,18.9705],[-68.775,18.9738],[-68.7774,18.9725],[-68.7762,18.968],[-68.7759,18.9594],[-68.7765,18.9575],[-68.778,18.957],[-68.781,18.9604],[-68.7834,18.9645],[-68.7846,18.9643],[-68.7868,18.9618],[-68.787,18.9593],[-68.7855,18.9588],[-68.7815,18.9555],[-68.7812,18.9528],[-68.7846,18.9517],[-68.7853,18.9495],[-68.788,18.9488],[-68.7882,18.9512],[-68.7904,18.9509],[-68.7954,18.9517],[-68.7973,18.9534],[-68.7994,18.9536],[-68.8009,18.9512],[-68.8008,18.9492],[-68.803,18.9486],[-68.8069,18.946],[-68.8065,18.9444],[-68.8091,18.9434],[-68.812,18.9409],[-68.8157,18.9403],[-68.8184,18.9392],[-68.8179,18.9376],[-68.819,18.9337],[-68.8209,18.9326],[-68.821,18.9303],[-68.8187,18.9286],[-68.817,18.9266],[-68.8179,18.9229],[-68.8172,18.9205],[-68.8158,18.9188],[-68.8169,18.9151],[-68.819,18.9157],[-68.8193,18.9137],[-68.8219,18.9139],[-68.8236,18.9133],[-68.8256,18.9139],[-68.8259,18.9117],[-68.8286,18.9127],[-68.8294,18.9117],[-68.8281,18.9101],[-68.8306,18.909],[-68.8303,18.9065],[-68.8325,18.9054],[-68.8343,18.9059],[-68.8366,18.9054],[-68.8372,18.9038],[-68.8398,18.9013],[-68.8398,18.8984],[-68.8376,18.8963],[-68.8385,18.8954],[-68.8407,18.8968],[-68.842,18.8945],[-68.8416,18.8922],[-68.8406,18.8911],[-68.8345,18.891],[-68.8318,18.8889],[-68.8312,18.8869],[-68.8319,18.8832],[-68.8311,18.8784],[-68.829,18.8763],[-68.8247,18.8747],[-68.8264,18.8701],[-68.8266,18.8669],[-68.8238,18.864],[-68.8217,18.8592],[-68.8216,18.8551],[-68.8203,18.8535],[-68.8166,18.846],[-68.8161,18.8427],[-68.8131,18.8405],[-68.8117,18.8388],[-68.8087,18.8311],[-68.8122,18.8293],[-68.8136,18.8256],[-68.813,18.8211],[-68.8117,18.8184],[-68.8115,18.8146],[-68.8099,18.8131],[-68.8101,18.8119],[-68.8052,18.804],[-68.8049,18.8003],[-68.8068,18.7945],[-68.8096,18.7878],[-68.8119,18.7869],[-68.8195,18.7881],[-68.8242,18.7878],[-68.8263,18.785],[-68.835,18.7793],[-68.8395,18.7762],[-68.8456,18.7727],[-68.8503,18.7734],[-68.8517,18.7724],[-68.8521,18.7692],[-68.8509,18.7642],[-68.8517,18.762],[-68.857,18.7574],[-68.8581,18.7559],[-68.8595,18.7514],[-68.8588,18.7498],[-68.856,18.7482],[-68.8542,18.7444],[-68.8557,18.7405],[-68.8595,18.7376],[-68.862,18.7342],[-68.8645,18.7299],[-68.8666,18.729],[-68.8683,18.726],[-68.8684,18.7246],[-68.8703,18.723],[-68.8724,18.7233],[-68.875,18.7207],[-68.8771,18.7211],[-68.8792,18.7191],[-68.8818,18.7197],[-68.8847,18.7184],[-68.8865,18.7217],[-68.8878,18.7233],[-68.89,18.7242],[-68.8918,18.7261],[-68.8943,18.7236],[-68.8989,18.7217],[-68.902,18.722],[-68.9052,18.7233],[-68.9093,18.723],[-68.9112,18.7219],[-68.915,18.722],[-68.9163,18.7231],[-68.9183,18.7224],[-68.9251,18.7226],[-68.9264,18.7211],[-68.9265,18.7195],[-68.9289,18.717],[-68.9301,18.7149],[-68.9288,18.7099],[-68.9294,18.7088],[-68.9318,18.7079],[-68.9327,18.7046],[-68.93,18.7024],[-68.9309,18.7001],[-68.929,18.698],[-68.9274,18.6974],[-68.9248,18.6981],[-68.9284,18.6918],[-68.9288,18.6903],[-68.9317,18.6879],[-68.9335,18.6872],[-68.9352,18.6875],[-68.9373,18.6822],[-68.9377,18.6802],[-68.9356,18.6774],[-68.9324,18.6759],[-68.9276,18.6725],[-68.926,18.6701],[-68.9238,18.6681],[-68.9237,18.6665],[-68.926,18.6648],[-68.927,18.6627],[-68.9271,18.6574],[-68.9266,18.6547],[-68.9248,18.6529],[-68.922,18.6519],[-68.9188,18.6498],[-68.9158,18.6502],[-68.9125,18.649],[-68.9122,18.648],[-68.9157,18.6436],[-68.9162,18.6417],[-68.9153,18.6396],[-68.9119,18.6391],[-68.9095,18.6411],[-68.9075,18.6414],[-68.9057,18.6398],[-68.9048,18.6363],[-68.9028,18.634],[-68.9024,18.6316],[-68.9041,18.628],[-68.9053,18.6237],[-68.9047,18.62],[-68.9047,18.6168],[-68.9058,18.6128],[-68.9061,18.6099],[-68.9053,18.6083],[-68.903,18.6081],[-68.9013,18.6104],[-68.9,18.6101],[-68.8964,18.6074],[-68.8909,18.6057],[-68.8891,18.6044],[-68.8887,18.602],[-68.8863,18.599],[-68.8864,18.5974],[-68.8843,18.5918],[-68.885,18.5883],[-68.8847,18.587],[-68.8823,18.5858],[-68.8808,18.5863],[-68.8756,18.5849],[-68.8749,18.5835],[-68.8753,18.5793],[-68.8758,18.5779],[-68.8747,18.5763],[-68.8734,18.576],[-68.8724,18.5739],[-68.8707,18.5727],[-68.8689,18.5725],[-68.8661,18.5704],[-68.8626,18.5691],[-68.8616,18.5658],[-68.8599,18.5643],[-68.8577,18.5639],[-68.8546,18.5652],[-68.8515,18.5638],[-68.8513,18.5613],[-68.8527,18.5582],[-68.8538,18.5568],[-68.8527,18.5549],[-68.8495,18.5564],[-68.8475,18.5559],[-68.847,18.5528],[-68.8486,18.5508],[-68.8485,18.5488],[-68.8474,18.5465],[-68.8479,18.5444],[-68.8468,18.5422],[-68.8489,18.5383],[-68.8485,18.5362],[-68.8491,18.5338],[-68.8474,18.5311],[-68.8467,18.5276],[-68.8474,18.5256],[-68.8471,18.5229],[-68.8502,18.5209],[-68.8481,18.5199],[-68.8447,18.5203],[-68.8429,18.5194],[-68.8425,18.5176],[-68.8438,18.5157],[-68.8441,18.5116],[-68.847,18.5087],[-68.8511,18.507],[-68.8523,18.5044],[-68.8522,18.5022],[-68.8536,18.4991],[-68.8555,18.4964],[-68.858,18.4949],[-68.8601,18.4948],[-68.861,18.4925],[-68.8588,18.4891],[-68.8603,18.4866],[-68.8618,18.4862],[-68.8645,18.4838],[-68.8662,18.4839],[-68.8697,18.4823],[-68.8719,18.4818],[-68.8715,18.4792],[-68.87,18.4776],[-68.8697,18.4755],[-68.8678,18.4735],[-68.8678,18.4723],[-68.8697,18.4709],[-68.8721,18.4709],[-68.8737,18.4679],[-68.879,18.4669],[-68.8799,18.4661],[-68.8792,18.4633],[-68.8767,18.461],[-68.8763,18.4598],[-68.8738,18.4585],[-68.8745,18.4556],[-68.8817,18.4502],[-68.8841,18.4519],[-68.8868,18.4502],[-68.8865,18.4492],[-68.8831,18.446],[-68.8867,18.4409],[-68.8878,18.4379],[-68.8844,18.4357],[-68.8839,18.4329],[-68.888,18.4283],[-68.8894,18.4237],[-68.8879,18.4217],[-68.8865,18.4166],[-68.888,18.4136],[-68.8913,18.4128],[-68.8945,18.4104],[-68.8974,18.4068],[-68.8976,18.4058]]]]},"properties":{"province_name":"LA ALTAGRACIA","municipalities":2}},
{"type":"Feature","geometry":{"type":"MultiPolygon","coordinates":[[[[-68.6524,18.0962],[-68.6548,18.0972],[-68.6597,18.0987],[-68.6628,18.0987],[-68.6645,18.0974],[-68.6566,18.0964],[-68.6544,18.0957],[-68.6524,18.0962]]],[[[-68.647,18.1598],[-68.6453,18.1617],[-68.6482,18.1635],[-68.6499,18.1609],[-68.647,18.1598]]],[[[-68.7336,18.1862],[-68.7377,18.187],[-68.7378,18.1878],[-68.7442,18.1894],[-68.7474,18.1908],[-68.7497,18.1912],[-68.7527,18.1927],[-68.7566,18.1931],[-68.7605,18.194],[-68.7665,18.1961],[-68.7666,18.1982],[-68.7689,18.1992],[-68.773,18.1964],[-68.7762,18.1958],[-68.7801,18.1925],[-68.7842,18.1884],[-68.7836,18.1838],[-68.7823,18.1791],[-68.7822,18.1773],[-68.7849,18.1733],[-68.7834,18.1734],[-68.7805,18.1722],[-68.7779,18.1703],[-68.7761,18.1664],[-68.7725,18.1656],[-68.7716,18.1637],[-68.7665,18.1577],[-68.7607,18.1522],[-68.7612,18.1502],[-68.7548,18.1449],[-68.7536,18.1416],[-68.7549,18.1395],[-68.7572,18.139],[-68.7571,18.137],[-68.7537,18.1369],[-68.7498,18.1346],[-68.748,18.1348],[-68.7466,18.1338],[-68.7433,18.1331],[-68.7417,18.1318],[-68.7369,18.1305],[-68.7317,18.1268],[-68.7275,18.1272],[-68.7259,18.1261],[-68.7217,18.1254],[-68.7191,18.1241],[-68.7116,18.1227],[-68.6973,18.1163],[-68.6948,18.1162],[-68.6864,18.1139],[-68.6845,18.1156],[-68.6818,18.1158],[-68.6801,18.1153],[-68.6794,18.1172],[-68.6769,18.1202],[-68.672,18.1227],[-68.667,18.1233],[-68.6625,18.1254],[-68.6592,18.1253],[-68.6559,18.1238],[-68.6499,18.128],[-68.6459,18.1296],[-68.6402,18.129],[-68.6374,18.1277],[-68.6312,18.1274],[-68.6231,18.1267],[-68.6185,18.1255],[-68.6142,18.1231],[-68.6115,18.1212],[-68.6094,18.1211],[-68.6061,18.1199],[-68.6044,18.1199],[-68.5941,18.1178],[-68.5891,18.1176],[-68.589,18.1154],[-68.5857,18.1128],[-68.5831,18.113],[-68.5821,18.111],[-68.5783,18.1095],[-68.5748,18.1113],[-68.5726,18.1112],[-68.5701,18.115],[-68.5686,18.1191],[-68.5684,18.1211],[-68.5694,18.1231],[-68.5688,18.1265],[-68.5707,18.129],[-68.5712,18.1311],[-68.5724,18.1322],[-68.5729,18.1345],[-68.5754,18.1382],[-68.5784,18.1415],[-68.5818,18.1467],[-68.5853,18.1497],[-68.5876,18.1525],[-68.5893,18.1537],[-68.5974,18.1586],[-68.5989,18.1598],[-68.6066,18.1632],[-68.6086,18.1635],[-68.612,18.1623],[-68.6178,18.1611],[-68.6216,18.1591],[-68.6243,18.1586],[-68.6282,18.1598],[-68.6315,18.1616],[-68.6344,18.1607],[-68.638,18.1603],[-68.6416,18.1608],[-68.6452,18.1597],[-68.6496,18.1593],[-68.6526,18.1624],[-68.6566,18.1639],[-68.6603,18.1643],[-68.6618,18.1649],[-68.6648,18.1639],[-68.6664,18.1642],[-68.669,18.1669],[-68.6712,18.1715],[-68.6726,18.1738],[-68.6745,18.1749],[-68.6792,18.1749],[-68.6803,18.1755],[-68.685,18.1759],[-68.6881,18.1778],[-68.6905,18.176],[-68.6916,18.1741],[-68.6878,18.1715],[-68.6917,18.1705],[-68.6974,18.1723],[-68.7003,18.172],[-68.71,18.1734],[-68.7152,18.1766],[-68.7182,18.1789],[-68.7209,18.1801],[-68.7223,18.1817],[-68.7248,18.1829],[-68.726,18.1842],[-68.7287,18.1846],[-68.7303,18.1855],[-68.7336,18.1862]]],[[[-69.0015,18.3653],[-69.0015,18.3665],[-69.0045,18.3691],[-69.0066,18.3719],[-69.0091,18.374],[-69.0125,18.3777],[-69.0136,18.3777],[-69.0179,18.376],[-69.0192,18.3733],[-69.0201,18.3698],[-69.0212,18.3678],[-69.0222,18.3635],[-69.0211,18.363],[-69.0208,18.3592],[-69.0213,18.3569],[-69.0227,18.3553],[-69.0263,18.356],[-69.0256,18.3526],[-69.0239,18.3496],[-69.0181,18.3472],[-69.016,18.3457],[-69.0122,18.3449],[-69.0106,18.3436],[-69.0074,18.3422],[-69.0053,18.3419],[-69.0016,18.3401],[-68.9971,18.3389],[-68.9951,18.3388],[-68.9934,18.3398],[-68.9919,18.3426],[-68.9917,18.3456],[-68.9933,18.3464],[-68.9931,18.3507],[-68.9958,18.3579],[-68.9966,18.3609],[-68.9983,18.3616],[-69.0015,18.3653]]],[[[-68.9271,18.6574],[-68.9283,18.6567],[-68.9299,18.6584],[-68.9326,18.6585],[-68.9351,18.6564],[-68.9363,18.6575],[-68.9386,18.6564],[-68.9409,18.6585],[-68.9434,18.6586],[-68.9458,18.6567],[-68.9502,18.657],[-68.9515,18.6584],[-68.9544,18.6589],[-68.9559,18.6565],[-68.958,18.655],[-68.9582,18.6535],[-68.9603,18.6512],[-68.9637,18.6485],[-68.967,18.6472],[-68.9696,18.6467],[-68.9725,18.6452],[-68.9742,18.6424],[-68.98,18.6404],[-68.9822,18.6377],[-68.982,18.6356],[-68.9829,18.6324],[-68.9845,18.6305],[-68.9857,18.6237],[-68.9882,18.619],[-68.9886,18.6169],[-68.9897,18.6162],[-68.9916,18.6123],[-68.9938,18.61],[-68.9959,18.6087],[-68.9987,18.6031],[-68.9987,18.601],[-69.0005,18.5993],[-69.0023,18.5942],[-69.0039,18.5924],[-69.0077,18.5915],[-69.0094,18.5899],[-69.0097,18.5857],[-69.0108,18.5835],[-69.0132,18.5824],[-69.0145,18.5782],[-69.0163,18.5766],[-69.0192,18.5762],[-69.0207,18.5776],[-69.0227,18.5775],[-69.0245,18.5757],[-69.028,18.5739],[-69.029,18.5725],[-69.0315,18.5725],[-69.0329,18.5702],[-69.0354,18.5701],[-69.0361,18.5687],[-69.0387,18.5685],[-69.0418,18.5649],[-69.041,18.562],[-69.0422,18.5575],[-69.0416,18.5567],[-69.0427,18.5543],[-69.0473,18.5525],[-69.0472,18.5508],[-69.05,18.5499],[-69.0509,18.5468],[-69.0526,18.5465],[-69.0521,18.5448],[-69.0533,18.5438],[-69.0531,18.5401],[-69.0578,18.5393],[-69.0597,18.5381],[-69.0598,18.5365],[-69.0655,18.5335],[-69.067,18.5318],[-69.0676,18.5295],[-69.0703,18.5287],[-69.0746,18.5297],[-69.0753,18.5282],[-69.0772,18.5276],[-69.0797,18.5289],[-69.0847,18.5266],[-69.0856,18.5263],[-69.0875,18.5226],[-69.0903,18.5216],[-69.0894,18.5196],[-69.0904,18.517],[-69.0922,18.5168],[-69.0914,18.5129],[-69.0911,18.512],[-69.0914,18.5104],[-69.0931,18.509],[-69.0958,18.508],[-69.097,18.5043],[-69.1007,18.5047],[-69.1017,18.5028],[-69.1032,18.5027],[-69.1052,18.5002],[-69.1061,18.4968],[-69.1091,18.4963],[-69.1117,18.4928],[-69.1116,18.4903],[-69.1109,18.4879],[-69.1113,18.4863],[-69.1147,18.4865],[-69.1157,18.4854],[-69.1155,18.4829],[-69.1179,18.4828],[-69.118,18.4814],[-69.1155,18.4802],[-69.1153,18.4781],[-69.1179,18.4781],[-69.1194,18.4768],[-69.1182,18.4704],[-69.1177,18.469],[-69.1156,18.4701],[-69.1132,18.47],[-69.1131,18.4666],[-69.1139,18.4653],[-69.1139,18.4613],[-69.1134,18.4605],[-69.1132,18.4604],[-69.1129,18.4604],[-69.1107,18.4596],[-69.1083,18.4595],[-69.1067,18.4568],[-69.1041,18.4559],[-69.1035,18.4527],[-69.1006,18.4524],[-69.0978,18.4504],[-69.0969,18.4487],[-69.0948,18.4478],[-69.0953,18.4456],[-69.0963,18.4443],[-69.0954,18.4421],[-69.0943,18.4414],[-69.0927,18.4387],[-69.0906,18.4412],[-69.0893,18.4413],[-69.0879,18.4398],[-69.0878,18.438],[-69.0858,18.4346],[-69.086,18.4329],[-69.0888,18.4318],[-69.0889,18.4297],[-69.0865,18.4275],[-69.0862,18.4263],[-69.0874,18.4229],[-69.0864,18.4218],[-69.0831,18.4199],[-69.0819,18.4181],[-69.0856,18.4156],[-69.0881,18.4147],[-69.089,18.4136],[-69.0886,18.411],[-69.0869,18.4084],[-69.0843,18.4014],[-69.0838,18.3982],[-69.0843,18.393],[-69.0816,18.3921],[-69.0769,18.3925],[-69.0648,18.3915],[-69.0574,18.3919],[-69.0494,18.3931],[-69.0474,18.3931],[-69.0359,18.3944],[-69.0298,18.3948],[-69.0278,18.396],[-69.0213,18.3965],[-69.0184,18.3956],[-69.0137,18.3967],[-69.0083,18.3985],[-69.0019,18.4012],[-68.9991,18.4019],[-68.9956,18.4007],[-68.9913,18.401],[-68.9907,18.4017],[-68.987,18.4018],[-68.9814,18.4002],[-68.9801,18.4002],[-68.976,18.4015],[-68.9739,18.404],[-68.9735,18.4068],[-68.972,18.4087],[-68.9667,18.4118],[-68.9568,18.4144],[-68.9557,18.4135],[-68.9526,18.4135],[-68.9506,18.412],[-68.9483,18.4063],[-68.9473,18.4059],[-68.9437,18.4095],[-68.9426,18.4097],[-68.9407,18.4081],[-68.9372,18.4081],[-68.9326,18.4051],[-68.928,18.404],[-68.923,18.404],[-68.9198,18.4024],[-68.9169,18.4016],[-68.9139,18.4016],[-68.9116,18.4],[-68.9165,18.3995],[-68.9166,18.398],[-68.9086,18.3979],[-68.9077,18.3984],[-68.9042,18.3979],[-68.9045,18.3999],[-68.9025,18.4003],[-68.9015,18.3982],[-68.8977,18.4004],[-68.8984,18.4026],[-68.8976,18.4058],[-68.8974,18.4068],[-68.8945,18.4104],[-68.8913,18.4128],[-68.888,18.4136],[-68.8865,18.4166],[-68.8879,18.4217],[-68.8894,18.4237],[-68.888,18.4283],[-68.8839,18.4329],[-68.8844,18.4357],[-68.8878,18.4379],[-68.8867,18.4409],[-68.8831,18.446],[-68.8865,18.4492],[-68.8868,18.4502],[-68.8841,18.4519],[-68.8817,18.4502],[-68.8745,18.4556],[-68.8738,18.4585],[-68.8763,18.4598],[-68.8767,18.461],[-68.8792,18.4633],[-68.8799,18.4661],[-68.879,18.4669],[-68.8737,18.4679],[-68.8721,18.4709],[-68.8697,18.4709],[-68.8678,18.4723],[-68.8678,18.4735],[-68.8697,18.4755],[-68.87,18.4776],[-68.8715,18.4792],[-68.8719,18.4818],[-68.8697,18.4823],[-68.8662,18.4839],[-68.8645,18.4838],[-68.8618,18.4862],[-68.8603,18.4866],[-68.8588,18.4891],[-68.861,18.4925],[-68.8601,18.4948],[-68.858,18.4949],[-68.8555,18.4964],[-68.8536,18.4991],[-68.8522,18.5022],[-68.8523,18.5044],[-68.8511,18.507],[-68.847,18.5087],[-68.8441,18.5116],[-68.8438,18.5157],[-68.8425,18.5176],[-68.8429,18.5194],[-68.8447,18.5203],[-68.8481,18.5199],[-68.8502,18.5209],[-68.8471,18.5229],[-68.8474,18.5256],[-68.8467,18.5276],[-68.8474,18.5311],[-68.8491,18.5338],[-68.8485,18.5362],[-68.8489,18.5383],[-68.8468,18.5422],[-68.8479,18.5444],[-68.8474,18.5465],[-68.8485,18.5488],[-68.8486,18.5508],[-68.847,18.5528],[-68.8475,18.5559],[-68.8495,18.5564],[-68.8527,18.5549],[-68.8538,18.5568],[-68.8527,18.5582],[-68.8513,18.5613],[-68.8515,18.5638],[-68.8546,18.5652],[-68.8577,18.5639],[-68.8599,18.5643],[-68.8616,18.5658],[-68.8626,18.5691],[-68.8661,18.5704],[-68.8689,18.5725],[-68.8707,18.5727],[-68.8724,18.5739],[-68.8734,18.576],[-68.8747,18.5763],[-68.8758,18.5779],[-68.8753,18.5793],[-68.8749,18.5835],[-68.8756,18.5849],[-68.8808,18.5863],[-68.8823,18.5858],[-68.8847,18.587],[-68.885,18.5883],[-68.8843,18.5918],[-68.8864,18.5974],[-68.8863,18.599],[-68.8887,18.602],[-68.8891,18.6044],[-68.8909,18.6057],[-68.8964,18.6074],[-68.9,18.6101],[-68.9013,18.6104],[-68.903,18.6081],[-68.9053,18.6083],[-68.9061,18.6099],[-68.9058,18.6128],[-68.9047,18.6168],[-68.9047,18.62],[-68.9053,18.6237],[-68.9041,18.628],[-68.9024,18.6316],[-68.9028,18.634],[-68.9048,18.6363],[-68.9057,18.6398],[-68.9075,18.6414],[-68.9095,18.6411],[-68.9119,18.6391],[-68.9153,18.6396],[-68.9162,18.6417],[-68.9157,18.6436],[-68.9122,18.648],[-68.9125,18.649],[-68.9158,18.6502],[-68.9188,18.6498],[-68.922,18.6519],[-68.9248,18.6529],[-68.9266,18.6547],[-68.9271,18.6574]]]]},"properties":{"province_name":"LA ROMANA","municipalities":3}},
{"type":"Feature","geometry":{"type":"Polygon","coordinates":[[[-70.4572,19.3448],[-70.459,19.3434],[-70.46,19.3413],[-70.4623,19.3391],[-70.4638,19.3367],[-70.4666,19.3383],[-70.4725,19.3393],[-70.4728,19.335],[-70.4743,19.3318],[-70.4733,19.3309],[-70.4743,19.3284],[-70.4753,19.3276],[-70.4766,19.3245],[-70.4767,19.3225],[-70.4749,19.3189],[-70.4755,19.3164],[-70.4742,19.314],[-70.4739,19.3115],[-70.4764,19.3078],[-70.4824,19.3101],[-70.4836,19.3101],[-70.4841,19.313],[-70.4877,19.3114],[-70.4921,19.3105],[-70.4994,19.3112],[-70.5005,19.3121],[-70.4992,19.314],[-70.4991,19.3156],[-70.5009,19.3164],[-70.5011,19.3181],[-70.4978,19.3198],[-70.4984,19.3222],[-70.4966,19.3248],[-70.4962,19.329],[-70.4937,19.3323],[-70.4928,19.3375],[-70.4905,19.3399],[-70.4881,19.3402],[-70.487,19.3447],[-70.4939,19.3449],[-70.4961,19.3446],[-70.4984,19.3451],[-70.5013,19.3468],[-70.5031,19.3488],[-70.512,19.3549],[-70.5147,19.3573],[-70.5175,19.3548],[-70.5202,19.3542],[-70.5229,19.3542],[-70.5252,19.355],[-70.5273,19.3548],[-70.5296,19.3531],[-70.532,19.3499],[-70.5348,19.3498],[-70.5364,19.3519],[-70.5403,19.3519],[-70.546,19.3497],[-70.5519,19.3495],[-70.5568,19.3503],[-70.5617,19.3517],[-70.565,19.3514],[-70.5703,19.3521],[-70.5732,19.3509],[-70.5758,19.3519],[-70.5832,19.3513],[-70.5862,19.3531],[-70.5887,19.3539],[-70.5904,19.3553],[-70.5913,19.3574],[-70.5937,19.3587],[-70.602,19.36],[-70.6049,19.3627],[-70.6051,19.3665],[-70.6066,19.3681],[-70.6078,19.3715],[-70.6085,19.3752],[-70.6104,19.3755],[-70.6107,19.3773],[-70.6128,19.3752],[-70.616,19.374],[-70.6184,19.3749],[-70.6199,19.3738],[-70.6234,19.3739],[-70.6263,19.3723],[-70.629,19.3741],[-70.6344,19.3734],[-70.6357,19.3721],[-70.6355,19.3701],[-70.6368,19.369],[-70.6375,19.3639],[-70.6395,19.3615],[-70.6405,19.3582],[-70.6461,19.3541],[-70.6469,19.3526],[-70.6506,19.3504],[-70.6528,19.3487],[-70.6566,19.3446],[-70.657,19.343],[-70.6621,19.339],[-70.6645,19.3379],[-70.6655,19.3357],[-70.6672,19.3344],[-70.6709,19.326],[-70.6747,19.3216],[-70.674,19.318],[-70.6742,19.3148],[-70.6723,19.3127],[-70.6714,19.3108],[-70.6711,19.307],[-70.6679,19.3038],[-70.6673,19.3009],[-70.6683,19.2978],[-70.6677,19.294],[-70.6684,19.2925],[-70.6728,19.2909],[-70.6731,19.2899],[-70.6721,19.2865],[-70.6739,19.2849],[-70.6773,19.2841],[-70.6806,19.2849],[-70.6835,19.2883],[-70.6945,19.294],[-70.7035,19.2947],[-70.7046,19.2961],[-70.7073,19.2974],[-70.7143,19.2993],[-70.7193,19.2967],[-70.7188,19.294],[-70.7167,19.2951],[-70.7156,19.2944],[-70.7145,19.2915],[-70.7154,19.2898],[-70.7171,19.2896],[-70.7182,19.2907],[-70.72,19.2897],[-70.7229,19.2846],[-70.7218,19.2824],[-70.719,19.2807],[-70.7183,19.2786],[-70.7169,19.2772],[-70.7148,19.2765],[-70.7113,19.2764],[-70.7061,19.2755],[-70.7006,19.2736],[-70.6981,19.2733],[-70.6951,19.2715],[-70.6942,19.2693],[-70.6912,19.2673],[-70.6893,19.2672],[-70.6869,19.2685],[-70.6805,19.2664],[-70.6795,19.265],[-70.6795,19.2627],[-70.6813,19.2595],[-70.6852,19.2567],[-70.6857,19.2552],[-70.6843,19.2535],[-70.6828,19.2503],[-70.6818,19.2498],[-70.6794,19.2534],[-70.678,19.2528],[-70.6772,19.2511],[-70.6768,19.245],[-70.68,19.2435],[-70.6807,19.2418],[-70.6839,19.2394],[-70.6831,19.2377],[-70.6817,19.2377],[-70.6789,19.2401],[-70.6762,19.2395],[-70.6762,19.2376],[-70.6781,19.2334],[-70.679,19.2304],[-70.6782,19.2268],[-70.6791,19.2252],[-70.6811,19.2249],[-70.683,19.2229],[-70.6845,19.2224],[-70.6843,19.2206],[-70.6804,19.2226],[-70.6771,19.2219],[-70.6776,19.2184],[-70.68,19.2183],[-70.68,19.2168],[-70.6784,19.2151],[-70.6766,19.2108],[-70.6784,19.2084],[-70.6822,19.2084],[-70.6822,19.2069],[-70.6793,19.2033],[-70.677,19.2012],[-70.6766,19.1994],[-70.6741,19.2003],[-70.6733,19.2019],[-70.6715,19.2016],[-70.6699,19.1979],[-70.6716,19.1959],[-70.6738,19.1954],[-70.6756,19.1934],[-70.6748,19.1907],[-70.6776,19.1899],[-70.6788,19.1875],[-70.6806,19.1877],[-70.6828,19.1854],[-70.682,19.1845],[-70.6836,19.1829],[-70.6878,19.1823],[-70.6904,19.1795],[-70.6919,19.1794],[-70.6945,19.1818],[-70.6965,19.1853],[-70.6967,19.1875],[-70.7014,19.19],[-70.7033,19.1903],[-70.707,19.1928],[-70.7083,19.1929],[-70.7091,19.195],[-70.7159,19.199],[-70.716,19.2002],[-70.7184,19.203],[-70.7217,19.205],[-70.7247,19.2085],[-70.7262,19.2084],[-70.7267,19.2067],[-70.7296,19.205],[-70.7319,19.2049],[-70.7339,19.204],[-70.7343,19.2012],[-70.733,19.2003],[-70.7308,19.1972],[-70.7286,19.1963],[-70.7275,19.1943],[-70.7295,19.1877],[-70.7313,19.1869],[-70.7331,19.1873],[-70.7334,19.1853],[-70.7324,19.1842],[-70.7335,19.1822],[-70.7337,19.1796],[-70.7354,19.1798],[-70.7348,19.1767],[-70.7363,19.173],[-70.7345,19.1716],[-70.7354,19.1688],[-70.7323,19.1676],[-70.733,19.1657],[-70.7351,19.1638],[-70.739,19.1626],[-70.7448,19.162],[-70.7477,19.1606],[-70.7481,19.1589],[-70.7504,19.1569],[-70.7537,19.1553],[-70.7552,19.1568],[-70.7568,19.1564],[-70.7576,19.1546],[-70.761,19.1559],[-70.7649,19.1556],[-70.7659,19.155],[-70.767,19.1497],[-70.7693,19.1468],[-70.7732,19.1472],[-70.7733,19.1458],[-70.776,19.1443],[-70.7771,19.1408],[-70.7827,19.1384],[-70.7849,19.1399],[-70.7867,19.1395],[-70.79,19.1379],[-70.791,19.1367],[-70.7942,19.1366],[-70.7975,19.1373],[-70.8044,19.1401],[-70.8081,19.14],[-70.81,19.1378],[-70.8121,19.1364],[-70.8127,19.1289],[-70.8148,19.1273],[-70.8168,19.1246],[-70.8189,19.1241],[-70.8207,19.121],[-70.8227,19.1205],[-70.8231,19.1191],[-70.8254,19.117],[-70.8296,19.1153],[-70.8343,19.1125],[-70.8361,19.1094],[-70.841,19.1045],[-70.8447,19.1015],[-70.8467,19.0985],[-70.8474,19.0963],[-70.8491,19.0959],[-70.8548,19.0984],[-70.8574,19.098],[-70.8606,19.0963],[-70.865,19.0956],[-70.8765,19.0982],[-70.8781,19.0982],[-70.8795,19.0969],[-70.8821,19.0925],[-70.8861,19.092],[-70.8886,19.0903],[-70.8907,19.0899],[-70.8929,19.0904],[-70.8942,19.0916],[-70.8968,19.0919],[-70.9011,19.0914],[-70.9031,19.0917],[-70.9096,19.0935],[-70.9139,19.0933],[-70.9194,19.0922],[-70.9208,19.0923],[-70.9242,19.0943],[-70.9288,19.0938],[-70.9308,19.094],[-70.935,19.0958],[-70.9387,19.0943],[-70.942,19.0964],[-70.9453,19.0959],[-70.948,19.0947],[-70.9501,19.0926],[-70.9537,19.0872],[-70.954,19.0836],[-70.952,19.0785],[-70.949,19.0757],[-70.9483,19.0742],[-70.9496,19.0721],[-70.9523,19.0698],[-70.9546,19.0668],[-70.9559,19.0643],[-70.9562,19.0598],[-70.9557,19.0551],[-70.9561,19.0526],[-70.958,19.0481],[-70.9602,19.0447],[-70.9545,19.0396],[-70.9489,19.0371],[-70.9428,19.0361],[-70.9403,19.0353],[-70.9365,19.0322],[-70.933,19.0305],[-70.9237,19.0279],[-70.9189,19.0257],[-70.9126,19.0232],[-70.9099,19.0191],[-70.9058,19.0155],[-70.9044,19.0119],[-70.9016,19.0101],[-70.8995,19.0081],[-70.8957,19.0058],[-70.8939,19.0031],[-70.8933,19.0001],[-70.8921,18.9983],[-70.8909,18.9948],[-70.8911,18.9913],[-70.8862,18.9913],[-70.8832,18.9927],[-70.8798,18.995],[-70.8769,18.9976],[-70.8749,19],[-70.8697,19.0025],[-70.8647,19.0025],[-70.8626,19.0013],[-70.8605,19.0017],[-70.8568,19.0011],[-70.8516,18.9992],[-70.8502,18.9945],[-70.8482,18.993],[-70.8444,18.9917],[-70.8419,18.9891],[-70.8377,18.9892],[-70.8403,18.9862],[-70.8408,18.9834],[-70.8454,18.9818],[-70.8461,18.9787],[-70.8437,18.9777],[-70.8444,18.9739],[-70.8459,18.971],[-70.8458,18.9692],[-70.8472,18.9687],[-70.8476,18.9661],[-70.8441,18.9644],[-70.8447,18.9622],[-70.8432,18.96],[-70.8437,18.9577],[-70.8425,18.9563],[-70.8415,18.9537],[-70.8391,18.9532],[-70.838,18.9541],[-70.8328,18.9517],[-70.8329,18.9497],[-70.8316,18.9459],[-70.8319,18.9426],[-70.831,18.9396],[-70.8291,18.9385],[-70.827,18.9389],[-70.8257,18.9365],[-70.8272,18.9324],[-70.8288,18.9335],[-70.8308,18.9283],[-70.8323,18.9301],[-70.8343,18.93],[-70.836,18.9313],[-70.8364,18.929],[-70.8396,18.9289],[-70.8406,18.9264],[-70.8393,18.9252],[-70.8389,18.9216],[-70.8372,18.9194],[-70.8384,18.9142],[-70.8402,18.9117],[-70.8383,18.908],[-70.8382,18.9062],[-70.8405,18.9061],[-70.8381,18.9028],[-70.838,18.8994],[-70.839,18.8989],[-70.8385,18.8965],[-70.8359,18.8945],[-70.8352,18.8914],[-70.8356,18.8854],[-70.8373,18.8825],[-70.8373,18.8812],[-70.834,18.8762],[-70.8296,18.8737],[-70.8266,18.87],[-70.8253,18.8663],[-70.8231,18.8628],[-70.8215,18.8588],[-70.8214,18.8542],[-70.8192,18.8457],[-70.8193,18.8437],[-70.8185,18.8414],[-70.816,18.8378],[-70.8143,18.8373],[-70.8096,18.8346],[-70.8044,18.8328],[-70.7999,18.8326],[-70.7962,18.8295],[-70.7925,18.8277],[-70.7856,18.8275],[-70.7826,18.8242],[-70.7829,18.823],[-70.7817,18.8209],[-70.7797,18.8155],[-70.7749,18.8069],[-70.7724,18.8044],[-70.7705,18.8014],[-70.7686,18.7951],[-70.7672,18.793],[-70.7659,18.7885],[-70.7634,18.7832],[-70.7588,18.7793],[-70.7559,18.7729],[-70.7546,18.7719],[-70.752,18.7715],[-70.7421,18.7718],[-70.7334,18.7714],[-70.7234,18.7698],[-70.7139,18.7666],[-70.7097,18.7666],[-70.7054,18.7699],[-70.7004,18.7751],[-70.6987,18.7746],[-70.6974,18.7724],[-70.6964,18.7675],[-70.6925,18.7656],[-70.6919,18.7612],[-70.6855,18.7586],[-70.684,18.7573],[-70.6833,18.7554],[-70.6826,18.7488],[-70.6838,18.7444],[-70.6849,18.7422],[-70.684,18.7405],[-70.684,18.7387],[-70.6852,18.7373],[-70.6878,18.7357],[-70.6888,18.7326],[-70.6869,18.7292],[-70.6831,18.7248],[-70.6828,18.7203],[-70.6822,18.7186],[-70.6794,18.7153],[-70.6782,18.7128],[-70.6784,18.7112],[-70.682,18.7057],[-70.6875,18.7037],[-70.6873,18.6991],[-70.6893,18.6961],[-70.6893,18.6942],[-70.6909,18.6926],[-70.6916,18.6899],[-70.694,18.6887],[-70.6953,18.6851],[-70.6921,18.6865],[-70.6903,18.6847],[-70.6883,18.6852],[-70.6866,18.6847],[-70.6845,18.6863],[-70.6802,18.6878],[-70.6766,18.6868],[-70.6727,18.6867],[-70.6703,18.6878],[-70.6696,18.6892],[-70.6672,18.6896],[-70.6656,18.6871],[-70.6629,18.6887],[-70.6607,18.6893],[-70.6602,18.691],[-70.6572,18.6905],[-70.657,18.6898],[-70.6526,18.6906],[-70.6504,18.6925],[-70.6476,18.6923],[-70.6456,18.6931],[-70.6429,18.6934],[-70.6407,18.6947],[-70.6392,18.6929],[-70.6363,18.6924],[-70.6351,18.6907],[-70.6311,18.6904],[-70.6297,18.6907],[-70.629,18.6887],[-70.628,18.6866],[-70.6244,18.6865],[-70.6237,18.6873],[-70.6213,18.6868],[-70.6204,18.6872],[-70.6175,18.6872],[-70.616,18.6864],[-70.6137,18.6867],[-70.6092,18.688],[-70.6075,18.6885],[-70.6036,18.687],[-70.6015,18.6869],[-70.6002,18.6867],[-70.5989,18.6873],[-70.5988,18.6873],[-70.5975,18.6875],[-70.5921,18.6864],[-70.5899,18.6899],[-70.5888,18.694],[-70.5909,18.6949],[-70.5904,18.6976],[-70.5914,18.7008],[-70.5947,18.7021],[-70.5989,18.7064],[-70.5997,18.709],[-70.5993,18.7105],[-70.5977,18.7107],[-70.5948,18.7099],[-70.5927,18.7099],[-70.5904,18.7111],[-70.5891,18.7104],[-70.5856,18.7136],[-70.5862,18.7153],[-70.5851,18.7164],[-70.5849,18.7169],[-70.5835,18.7181],[-70.5811,18.7198],[-70.5806,18.7201],[-70.5793,18.723],[-70.5783,18.723],[-70.5751,18.7246],[-70.5747,18.7251],[-70.5712,18.725],[-70.57,18.7235],[-70.5673,18.7222],[-70.5658,18.7236],[-70.5633,18.7242],[-70.5617,18.7232],[-70.5611,18.7254],[-70.5617,18.7289],[-70.5635,18.7316],[-70.5637,18.7347],[-70.5603,18.7398],[-70.5579,18.7424],[-70.5548,18.7469],[-70.5515,18.7487],[-70.5438,18.7505],[-70.5413,18.756],[-70.5399,18.756],[-70.5392,18.7542],[-70.5374,18.7555],[-70.5362,18.7549],[-70.5339,18.7558],[-70.5327,18.7581],[-70.5302,18.7599],[-70.53,18.7607],[-70.5327,18.763],[-70.5304,18.7639],[-70.5291,18.7658],[-70.5281,18.7673],[-70.5304,18.7684],[-70.5325,18.7672],[-70.5334,18.769],[-70.5383,18.7735],[-70.5379,18.7766],[-70.5382,18.7788],[-70.5397,18.78],[-70.5396,18.7833],[-70.5415,18.7868],[-70.545,18.7917],[-70.5452,18.7944],[-70.5444,18.7961],[-70.5457,18.7969],[-70.5496,18.8058],[-70.5504,18.8104],[-70.5508,18.8124],[-70.553,18.8164],[-70.5553,18.819],[-70.5619,18.825],[-70.5652,18.829],[-70.5666,18.8334],[-70.5666,18.8363],[-70.5658,18.8387],[-70.5627,18.8461],[-70.5612,18.8512],[-70.5585,18.8562],[-70.5581,18.857],[-70.5563,18.8601],[-70.5563,18.8636],[-70.5571,18.8647],[-70.564,18.8673],[-70.5654,18.8678],[-70.568,18.8705],[-70.5666,18.872],[-70.5659,18.8742],[-70.5664,18.8773],[-70.5661,18.881],[-70.5645,18.883],[-70.5631,18.885],[-70.5637,18.8852],[-70.566,18.8848],[-70.5663,18.8842],[-70.569,18.8842],[-70.5687,18.8859],[-70.5708,18.8858],[-70.5721,18.8889],[-70.5735,18.89],[-70.5744,18.8899],[-70.5752,18.8937],[-70.5763,18.8947],[-70.5767,18.8979],[-70.578,18.8987],[-70.5795,18.8994],[-70.5819,18.9021],[-70.5846,18.906],[-70.584,18.9096],[-70.5828,18.9118],[-70.5837,18.913],[-70.5842,18.9159],[-70.5831,18.9171],[-70.5829,18.92],[-70.583,18.9201],[-70.581,18.9218],[-70.5769,18.9229],[-70.5726,18.925],[-70.5705,18.9281],[-70.5702,18.9334],[-70.571,18.9379],[-70.5696,18.9389],[-70.5617,18.9427],[-70.5598,18.9445],[-70.5539,18.9477],[-70.5526,18.9489],[-70.5516,18.9534],[-70.5522,18.9623],[-70.5492,18.9646],[-70.5487,18.9699],[-70.5481,18.9726],[-70.5445,18.9772],[-70.5428,18.98],[-70.5424,18.9807],[-70.5412,18.9836],[-70.5378,18.988],[-70.5363,18.9924],[-70.5355,18.9931],[-70.5345,18.9935],[-70.5281,18.9936],[-70.5271,18.9937],[-70.5241,18.9958],[-70.5232,18.9967],[-70.5202,18.9979],[-70.5175,18.9994],[-70.5158,19.0017],[-70.5177,19.0072],[-70.5164,19.0098],[-70.5163,19.012],[-70.5163,19.0122],[-70.5163,19.0133],[-70.5144,19.0165],[-70.515,19.0193],[-70.5176,19.0246],[-70.5195,19.0294],[-70.5206,19.0314],[-70.5195,19.0362],[-70.5193,19.0436],[-70.52,19.0487],[-70.5207,19.0505],[-70.5233,19.0547],[-70.5228,19.0623],[-70.5227,19.0643],[-70.5241,19.0676],[-70.5271,19.0721],[-70.5276,19.075],[-70.528,19.0771],[-70.5321,19.0809],[-70.5309,19.0837],[-70.5325,19.0878],[-70.5359,19.0919],[-70.5368,19.0933],[-70.5381,19.0952],[-70.54,19.0999],[-70.5398,19.1024],[-70.5385,19.1036],[-70.5359,19.1044],[-70.5308,19.1043],[-70.5282,19.1053],[-70.5279,19.1054],[-70.5247,19.1074],[-70.5228,19.1071],[-70.5186,19.1062],[-70.5173,19.1069],[-70.5149,19.11],[-70.5124,19.1124],[-70.5099,19.1122],[-70.5071,19.1127],[-70.5018,19.1075],[-70.5003,19.1063],[-70.4975,19.1036],[-70.494,19.0989],[-70.4884,19.0931],[-70.4857,19.0915],[-70.4804,19.0934],[-70.4775,19.0962],[-70.4772,19.0986],[-70.476,19.1012],[-70.4764,19.1026],[-70.4771,19.1037],[-70.4757,19.105],[-70.4716,19.1022],[-70.4705,19.1],[-70.4691,19.0987],[-70.4676,19.0988],[-70.465,19.1013],[-70.4611,19.1027],[-70.4559,19.1035],[-70.4523,19.1054],[-70.4507,19.1056],[-70.4481,19.1075],[-70.4458,19.1095],[-70.4454,19.1124],[-70.4445,19.1171],[-70.445,19.1187],[-70.4442,19.1206],[-70.4413,19.122],[-70.4391,19.1239],[-70.4407,19.1266],[-70.4417,19.1278],[-70.4403,19.1299],[-70.4393,19.1304],[-70.4369,19.1311],[-70.4343,19.1312],[-70.4341,19.1314],[-70.4252,19.1222],[-70.4224,19.1194],[-70.4187,19.1153],[-70.4151,19.1119],[-70.4129,19.1099],[-70.4079,19.1048],[-70.4079,19.1031],[-70.4084,19.0984],[-70.4085,19.0954],[-70.4081,19.0944],[-70.4054,19.0922],[-70.4046,19.0914],[-70.4027,19.0897],[-70.4018,19.0887],[-70.4013,19.0884],[-70.3997,19.0864],[-70.3986,19.0866],[-70.3963,19.0846],[-70.396,19.0844],[-70.3955,19.0827],[-70.3939,19.082],[-70.3936,19.0809],[-70.3909,19.0785],[-70.3897,19.0766],[-70.3883,19.0761],[-70.3877,19.0737],[-70.3876,19.073],[-70.3874,19.0699],[-70.3857,19.0688],[-70.3844,19.0681],[-70.3822,19.0663],[-70.3814,19.0658],[-70.3804,19.0648],[-70.3803,19.0648],[-70.3793,19.0652],[-70.378,19.0652],[-70.3775,19.0638],[-70.3771,19.0628],[-70.3756,19.0583],[-70.3764,19.0561],[-70.3759,19.0551],[-70.3754,19.0545],[-70.3743,19.053],[-70.3723,19.0505],[-70.3649,19.0493],[-70.3605,19.0498],[-70.3596,19.0509],[-70.3576,19.0539],[-70.3579,19.0574],[-70.3559,19.0585],[-70.3537,19.0642],[-70.3518,19.0671],[-70.3534,19.0699],[-70.3546,19.0709],[-70.3545,19.073],[-70.3551,19.0766],[-70.3552,19.079],[-70.3569,19.0811],[-70.3562,19.0823],[-70.3537,19.0838],[-70.353,19.0842],[-70.3513,19.085],[-70.3505,19.0873],[-70.35,19.0874],[-70.3494,19.0863],[-70.3473,19.087],[-70.3464,19.0882],[-70.3474,19.0929],[-70.3461,19.0931],[-70.3453,19.0951],[-70.3415,19.0988],[-70.3406,19.1012],[-70.3379,19.1043],[-70.3395,19.1058],[-70.3391,19.1086],[-70.3378,19.1095],[-70.3326,19.1145],[-70.3315,19.1147],[-70.3297,19.1173],[-70.3271,19.1178],[-70.3289,19.1209],[-70.3314,19.1213],[-70.3322,19.123],[-70.3343,19.1231],[-70.3346,19.126],[-70.3348,19.1279],[-70.3346,19.1282],[-70.3328,19.1335],[-70.3304,19.1406],[-70.3274,19.143],[-70.3236,19.1501],[-70.3216,19.1496],[-70.3188,19.1504],[-70.3188,19.1514],[-70.3219,19.1512],[-70.3212,19.1532],[-70.3188,19.1526],[-70.3172,19.1536],[-70.3145,19.1552],[-70.3136,19.1512],[-70.3122,19.1516],[-70.3123,19.1534],[-70.3095,19.1535],[-70.308,19.1519],[-70.3058,19.1508],[-70.3032,19.1509],[-70.3009,19.1496],[-70.2971,19.1489],[-70.2967,19.1477],[-70.3014,19.1458],[-70.3011,19.1438],[-70.2982,19.1442],[-70.2958,19.1437],[-70.292,19.1418],[-70.2908,19.1433],[-70.291,19.1449],[-70.2891,19.1466],[-70.2894,19.1479],[-70.2895,19.1481],[-70.2901,19.1496],[-70.2852,19.149],[-70.2844,19.147],[-70.2836,19.1445],[-70.28,19.1438],[-70.2791,19.1446],[-70.2765,19.1466],[-70.2747,19.1462],[-70.2731,19.1469],[-70.273,19.1489],[-70.2719,19.1497],[-70.2721,19.1518],[-70.2734,19.1515],[-70.2746,19.1493],[-70.2763,19.1498],[-70.2778,19.152],[-70.2793,19.1527],[-70.2783,19.1541],[-70.2774,19.1558],[-70.2787,19.1554],[-70.2799,19.1563],[-70.2824,19.1564],[-70.2859,19.1584],[-70.2897,19.1614],[-70.2889,19.1642],[-70.2915,19.1647],[-70.295,19.1662],[-70.2968,19.1659],[-70.2973,19.1682],[-70.3006,19.1704],[-70.3009,19.1729],[-70.3032,19.1738],[-70.3045,19.1756],[-70.309,19.1753],[-70.3149,19.1774],[-70.3201,19.1812],[-70.3225,19.182],[-70.3232,19.1864],[-70.3254,19.1887],[-70.3275,19.1895],[-70.3291,19.1936],[-70.329,19.1961],[-70.3315,19.197],[-70.334,19.2013],[-70.3356,19.2008],[-70.3404,19.2021],[-70.343,19.2038],[-70.3429,19.2052],[-70.3446,19.2062],[-70.3486,19.2066],[-70.352,19.2092],[-70.3518,19.2113],[-70.3544,19.2124],[-70.3576,19.217],[-70.3581,19.2197],[-70.3568,19.2208],[-70.359,19.226],[-70.3578,19.2282],[-70.3604,19.2317],[-70.3826,19.2317],[-70.387,19.2319],[-70.4014,19.2295],[-70.4084,19.2299],[-70.4099,19.2333],[-70.4106,19.2403],[-70.4104,19.2431],[-70.4114,19.2467],[-70.4104,19.2505],[-70.4124,19.2535],[-70.4127,19.2588],[-70.4145,19.2599],[-70.4163,19.2622],[-70.4163,19.2636],[-70.4135,19.2722],[-70.4137,19.2736],[-70.4161,19.2747],[-70.4157,19.2765],[-70.4183,19.2789],[-70.4213,19.2805],[-70.4219,19.2826],[-70.4215,19.286],[-70.4272,19.2896],[-70.4301,19.2917],[-70.4346,19.297],[-70.4328,19.3],[-70.4394,19.3029],[-70.4391,19.3079],[-70.4345,19.309],[-70.4335,19.3122],[-70.4342,19.3149],[-70.4355,19.3159],[-70.4358,19.3182],[-70.4373,19.3192],[-70.4381,19.3228],[-70.4415,19.3245],[-70.4424,19.3272],[-70.4464,19.3311],[-70.4468,19.3342],[-70.4451,19.3362],[-70.4466,19.3373],[-70.4478,19.341],[-70.4504,19.3419],[-70.4537,19.3419],[-70.4558,19.3443],[-70.4572,19.3448]]]},"properties":{"province_name":"LA VEGA","municipalities":4}},
{"type":"Feature","geometry":{"type":"Polygon","coordinates":[[[-69.7484,19.2854],[-69.766,19.2945],[-69.7712,19.2979],[-69.7736,19.299],[-69.7852,19.3082],[-69.7935,19.3165],[-69.7983,19.3228],[-69.7986,19.3238],[-69.8042,19.3295],[-69.8059,19.3325],[-69.8058,19.3361],[-69.8125,19.3399],[-69.8144,19.3421],[-69.8149,19.345],[-69.8148,19.3488],[-69.8158,19.3517],[-69.8177,19.3521],[-69.8202,19.3538],[-69.8228,19.3541],[-69.8248,19.3557],[-69.8266,19.359],[-69.8291,19.3608],[-69.8298,19.3625],[-69.8316,19.3633],[-69.8343,19.3657],[-69.8374,19.3677],[-69.8382,19.369],[-69.8398,19.369],[-69.8417,19.3709],[-69.8435,19.3758],[-69.8462,19.3819],[-69.8468,19.3918],[-69.8464,19.3935],[-69.8472,19.3946],[-69.8496,19.3996],[-69.851,19.401],[-69.8531,19.4044],[-69.8561,19.4081],[-69.8566,19.4098],[-69.8608,19.4161],[-69.8642,19.423],[-69.8676,19.4308],[-69.8692,19.4356],[-69.8709,19.4389],[-69.8745,19.4485],[-69.8755,19.4531],[-69.8755,19.4571],[-69.8743,19.4599],[-69.8722,19.4614],[-69.8733,19.4644],[-69.8728,19.4681],[-69.8734,19.4711],[-69.8711,19.4764],[-69.873,19.48],[-69.8728,19.4875],[-69.8717,19.4929],[-69.8712,19.4973],[-69.8726,19.5016],[-69.8685,19.5085],[-69.8772,19.5164],[-69.8802,19.5176],[-69.8843,19.5175],[-69.8888,19.5206],[-69.8884,19.522],[-69.8938,19.5296],[-69.8958,19.5291],[-69.8968,19.5306],[-69.8976,19.5337],[-69.8994,19.5361],[-69.9006,19.5391],[-69.9035,19.5445],[-69.9039,19.5487],[-69.9006,19.5544],[-69.8977,19.5557],[-69.8976,19.5576],[-69.8991,19.5596],[-69.8972,19.561],[-69.8953,19.5641],[-69.8953,19.5666],[-69.8965,19.5674],[-69.8951,19.5715],[-69.8953,19.5741],[-69.8963,19.5762],[-69.8993,19.5803],[-69.8985,19.5808],[-69.8959,19.5778],[-69.8948,19.5782],[-69.8948,19.5824],[-69.8943,19.5853],[-69.8919,19.5897],[-69.8891,19.5924],[-69.8868,19.5955],[-69.8858,19.598],[-69.8853,19.6014],[-69.8845,19.6027],[-69.884,19.6059],[-69.8851,19.6094],[-69.8846,19.612],[-69.8863,19.6154],[-69.8859,19.6172],[-69.8889,19.6221],[-69.8888,19.6236],[-69.8913,19.6254],[-69.8913,19.6278],[-69.8927,19.6299],[-69.8934,19.6338],[-69.8966,19.6371],[-69.8969,19.6389],[-69.8982,19.6404],[-69.8993,19.6454],[-69.9004,19.6469],[-69.903,19.6483],[-69.9045,19.6479],[-69.9076,19.6489],[-69.9097,19.6474],[-69.9115,19.6496],[-69.9149,19.6485],[-69.9168,19.6511],[-69.9181,19.6514],[-69.9219,19.6554],[-69.9278,19.6519],[-69.9315,19.654],[-69.9327,19.6558],[-69.9348,19.6573],[-69.9342,19.6598],[-69.9359,19.6606],[-69.9343,19.663],[-69.935,19.6656],[-69.938,19.6675],[-69.9414,19.6675],[-69.9453,19.6742],[-69.9469,19.6752],[-69.9485,19.6745],[-69.9528,19.6743],[-69.955,19.6769],[-69.9589,19.678],[-69.9621,19.6805],[-69.9658,19.6797],[-69.9672,19.6816],[-69.97,19.6816],[-69.9727,19.68],[-69.9768,19.6803],[-69.9782,19.6826],[-69.9813,19.6829],[-69.9847,19.6817],[-69.9865,19.6817],[-69.989,19.6805],[-69.9894,19.683],[-69.9916,19.683],[-69.9916,19.6811],[-69.9941,19.6784],[-69.9992,19.6781],[-70.0033,19.6793],[-70.005,19.6804],[-70.0061,19.6787],[-70.0125,19.6782],[-70.0164,19.6789],[-70.0182,19.6814],[-70.0218,19.6814],[-70.0239,19.6805],[-70.0253,19.679],[-70.029,19.6766],[-70.0316,19.677],[-70.0327,19.6779],[-70.035,19.6777],[-70.0367,19.6765],[-70.0387,19.6769],[-70.0399,19.6757],[-70.0432,19.6759],[-70.0439,19.6776],[-70.0454,19.678],[-70.0478,19.6766],[-70.0485,19.6739],[-70.0496,19.6732],[-70.0546,19.6726],[-70.0576,19.6727],[-70.0611,19.6699],[-70.065,19.6675],[-70.0673,19.6641],[-70.0689,19.664],[-70.0692,19.661],[-70.0706,19.661],[-70.0719,19.6571],[-70.0759,19.6548],[-70.0772,19.6535],[-70.0779,19.6511],[-70.0798,19.6496],[-70.0792,19.6483],[-70.0814,19.6463],[-70.0822,19.6439],[-70.0812,19.6425],[-70.0827,19.6397],[-70.0873,19.6355],[-70.0858,19.6341],[-70.0842,19.6357],[-70.0825,19.6341],[-70.0827,19.6331],[-70.083,19.6312],[-70.082,19.6269],[-70.0835,19.626],[-70.0876,19.6189],[-70.0864,19.6179],[-70.0857,19.6157],[-70.086,19.6137],[-70.083,19.6116],[-70.0841,19.6107],[-70.0878,19.6109],[-70.0844,19.6064],[-70.0836,19.6026],[-70.0851,19.6011],[-70.0873,19.6006],[-70.0872,19.5978],[-70.0883,19.5971],[-70.0885,19.594],[-70.086,19.5943],[-70.0864,19.5906],[-70.0879,19.5908],[-70.0891,19.589],[-70.087,19.5873],[-70.0895,19.5853],[-70.091,19.5846],[-70.0922,19.5857],[-70.0955,19.5822],[-70.0987,19.5811],[-70.0999,19.5817],[-70.101,19.5831],[-70.1029,19.5794],[-70.1041,19.5795],[-70.1042,19.58],[-70.105,19.5795],[-70.1069,19.5783],[-70.1096,19.5787],[-70.1108,19.5767],[-70.1139,19.5778],[-70.1154,19.5737],[-70.1171,19.5736],[-70.1223,19.5714],[-70.1215,19.5699],[-70.1227,19.5683],[-70.1264,19.5682],[-70.1265,19.5667],[-70.1251,19.5655],[-70.1277,19.5619],[-70.1317,19.5626],[-70.1341,19.5604],[-70.1352,19.5601],[-70.1375,19.5565],[-70.141,19.5557],[-70.1428,19.5568],[-70.1465,19.5562],[-70.1503,19.5561],[-70.1515,19.5551],[-70.1542,19.5551],[-70.155,19.5529],[-70.1563,19.5512],[-70.1621,19.5533],[-70.1617,19.5551],[-70.1635,19.5565],[-70.1642,19.5549],[-70.168,19.5556],[-70.17,19.5547],[-70.1722,19.5522],[-70.1783,19.5516],[-70.1788,19.5524],[-70.1806,19.5533],[-70.1854,19.5542],[-70.1879,19.5539],[-70.1917,19.5545],[-70.196,19.5564],[-70.1977,19.5576],[-70.1989,19.5547],[-70.2014,19.5532],[-70.2017,19.5521],[-70.2008,19.5496],[-70.1986,19.5465],[-70.1982,19.5437],[-70.1982,19.5381],[-70.1971,19.5347],[-70.1969,19.5296],[-70.1977,19.5273],[-70.1975,19.5199],[-70.1967,19.5171],[-70.1899,19.5167],[-70.1845,19.5155],[-70.1796,19.5155],[-70.1706,19.5143],[-70.1636,19.5127],[-70.1586,19.5097],[-70.1552,19.5098],[-70.1519,19.5108],[-70.1511,19.5113],[-70.147,19.5096],[-70.1422,19.5101],[-70.1398,19.5094],[-70.1375,19.5068],[-70.1366,19.5026],[-70.1361,19.4993],[-70.1371,19.4926],[-70.1371,19.4881],[-70.1363,19.4869],[-70.1304,19.4837],[-70.1302,19.482],[-70.1319,19.4793],[-70.1315,19.4768],[-70.1283,19.4734],[-70.1288,19.4723],[-70.1291,19.469],[-70.128,19.4672],[-70.1285,19.4645],[-70.1315,19.4624],[-70.1325,19.4598],[-70.1299,19.4538],[-70.1269,19.451],[-70.1268,19.4497],[-70.1238,19.4466],[-70.1252,19.4429],[-70.1242,19.4405],[-70.1261,19.4377],[-70.1258,19.4353],[-70.1253,19.4328],[-70.1261,19.431],[-70.1249,19.4293],[-70.1229,19.4295],[-70.1195,19.4283],[-70.1179,19.428],[-70.1182,19.4311],[-70.1171,19.4324],[-70.114,19.4326],[-70.1131,19.4332],[-70.1144,19.4356],[-70.1139,19.4364],[-70.1078,19.4366],[-70.1046,19.4362],[-70.1027,19.4341],[-70.1016,19.4333],[-70.0997,19.4341],[-70.0953,19.4338],[-70.0903,19.4308],[-70.087,19.4304],[-70.0832,19.432],[-70.0824,19.4326],[-70.08,19.432],[-70.0787,19.4297],[-70.0798,19.4274],[-70.0789,19.4245],[-70.0795,19.4229],[-70.0792,19.4211],[-70.0797,19.4162],[-70.0792,19.4135],[-70.0768,19.4118],[-70.0759,19.4103],[-70.0768,19.4082],[-70.0786,19.4072],[-70.0804,19.404],[-70.0808,19.4022],[-70.0792,19.401],[-70.0804,19.3999],[-70.0795,19.3981],[-70.0802,19.3962],[-70.0838,19.3937],[-70.0856,19.3907],[-70.0856,19.3885],[-70.0865,19.3866],[-70.0889,19.3855],[-70.0905,19.3824],[-70.0902,19.3812],[-70.0909,19.377],[-70.0893,19.3745],[-70.0901,19.3727],[-70.0913,19.3713],[-70.0935,19.3701],[-70.0957,19.3674],[-70.097,19.3631],[-70.1023,19.3559],[-70.1036,19.3525],[-70.1018,19.3508],[-70.0974,19.3458],[-70.0918,19.3441],[-70.0882,19.3438],[-70.0804,19.3418],[-70.0746,19.3395],[-70.0689,19.3365],[-70.0634,19.3346],[-70.0612,19.3346],[-70.0544,19.3323],[-70.0524,19.3322],[-70.0465,19.3291],[-70.0411,19.3253],[-70.0345,19.3242],[-70.0325,19.3228],[-70.0281,19.3223],[-70.0257,19.323],[-70.0192,19.3225],[-70.0157,19.3212],[-70.015,19.3192],[-70.0176,19.3156],[-70.0174,19.3137],[-70.0184,19.3109],[-70.0178,19.3066],[-70.0147,19.3011],[-70.0145,19.2996],[-70.0153,19.2969],[-70.0154,19.2936],[-70.0159,19.2923],[-70.0198,19.2883],[-70.0216,19.2834],[-70.022,19.2801],[-70.0191,19.279],[-70.0172,19.2746],[-70.0165,19.2742],[-70.0144,19.2748],[-70.0119,19.2746],[-70.0089,19.2762],[-70.0063,19.2759],[-70.0048,19.2744],[-70.0023,19.275],[-70.0013,19.2736],[-70.0029,19.2709],[-70.0025,19.2697],[-70.001,19.2696],[-69.9991,19.272],[-69.9973,19.2727],[-69.9935,19.2723],[-69.9917,19.2722],[-69.9895,19.2731],[-69.9885,19.2731],[-69.9876,19.273],[-69.9843,19.2702],[-69.9811,19.2706],[-69.9786,19.2694],[-69.9761,19.2693],[-69.9736,19.27],[-69.9727,19.2716],[-69.9699,19.2715],[-69.9656,19.2717],[-69.9643,19.2708],[-69.9639,19.2678],[-69.9621,19.2657],[-69.9599,19.2629],[-69.9556,19.2596],[-69.9547,19.2581],[-69.9501,19.2553],[-69.9474,19.2553],[-69.9446,19.2537],[-69.9416,19.253],[-69.9406,19.2515],[-69.937,19.2524],[-69.9326,19.2523],[-69.9308,19.2547],[-69.9292,19.2562],[-69.9267,19.2568],[-69.9242,19.2588],[-69.9197,19.2583],[-69.9181,19.2583],[-69.9174,19.2572],[-69.9172,19.2568],[-69.9167,19.2563],[-69.9166,19.2563],[-69.9161,19.2538],[-69.9154,19.2534],[-69.9144,19.2532],[-69.9139,19.2509],[-69.9171,19.2493],[-69.9151,19.2463],[-69.9133,19.2449],[-69.9112,19.2445],[-69.9079,19.2432],[-69.9035,19.244],[-69.9019,19.2437],[-69.8991,19.2451],[-69.8972,19.2437],[-69.8929,19.2369],[-69.8902,19.2336],[-69.8876,19.2329],[-69.8845,19.233],[-69.8805,19.2355],[-69.8786,19.2357],[-69.8722,19.2356],[-69.8689,19.2374],[-69.8651,19.2385],[-69.8619,19.2388],[-69.8586,19.2388],[-69.8557,19.2361],[-69.8506,19.2321],[-69.8483,19.2309],[-69.845,19.2304],[-69.8408,19.2291],[-69.8344,19.2304],[-69.8236,19.2296],[-69.8198,19.2263],[-69.8106,19.2196],[-69.8065,19.2173],[-69.7996,19.211],[-69.797,19.2077],[-69.7945,19.2057],[-69.7913,19.207],[-69.788,19.208],[-69.7869,19.2047],[-69.7859,19.2037],[-69.7836,19.2037],[-69.7813,19.2022],[-69.7792,19.2021],[-69.778,19.2039],[-69.7791,19.2056],[-69.7786,19.208],[-69.7759,19.21],[-69.7745,19.2141],[-69.7719,19.2189],[-69.765,19.2214],[-69.7637,19.2222],[-69.7614,19.2235],[-69.7567,19.2229],[-69.7502,19.2235],[-69.7493,19.2309],[-69.7486,19.2552],[-69.7458,19.2624],[-69.7509,19.2603],[-69.7613,19.2578],[-69.7623,19.2593],[-69.762,19.264],[-69.7597,19.2694],[-69.7608,19.272],[-69.7628,19.2738],[-69.7676,19.275],[-69.7699,19.2751],[-69.7717,19.277],[-69.7717,19.2802],[-69.7688,19.2825],[-69.7652,19.2829],[-69.7619,19.2813],[-69.7595,19.2795],[-69.7556,19.2793],[-69.7515,19.2781],[-69.7489,19.2766],[-69.7467,19.2762],[-69.7452,19.277],[-69.7438,19.2799],[-69.7453,19.2821],[-69.7475,19.282],[-69.7484,19.2854]]]},"properties":{"province_name":"MARÍA TRINIDAD SÁNCHEZ","municipalities":4}},
{"type":"Feature","geometry":{"type":"MultiPolygon","coordinates":[[[[-71.755,19.8212],[-71.756,19.8227],[-71.7599,19.821],[-71.7604,19.8199],[-71.7575,19.8183],[-71.7558,19.8192],[-71.755,19.8212]]],[[[-71.7942,19.8304],[-71.7971,19.83],[-71.7995,19.8284],[-71.7994,19.8266],[-71.7947,19.8257],[-71.7922,19.8245],[-71.7918,19.826],[-71.7945,19.8277],[-71.7933,19.8287],[-71.7942,19.8304]]],[[[-71.2859,19.844],[-71.2846,19.8442],[-71.2836,19.8458],[-71.2853,19.8464],[-71.287,19.8455],[-71.2859,19.844]]],[[[-71.3052,19.8686],[-71.3044,19.8695],[-71.3065,19.871],[-71.3082,19.8693],[-71.3078,19.8684],[-71.3052,19.8686]]],[[[-71.8128,19.8638],[-71.815,19.8621],[-71.8146,19.8603],[-71.8123,19.8597],[-71.8099,19.8611],[-71.8105,19.8634],[-71.8128,19.8638]]],[[[-71.8272,19.8575],[-71.8326,19.8617],[-71.8337,19.8637],[-71.8366,19.8634],[-71.837,19.8612],[-71.8348,19.8574],[-71.831,19.8572],[-71.83,19.8548],[-71.8259,19.8529],[-71.8263,19.8522],[-71.8312,19.8533],[-71.8336,19.8548],[-71.834,19.8523],[-71.8301,19.8518],[-71.8265,19.8504],[-71.8229,19.8518],[-71.8208,19.8521],[-71.8187,19.8511],[-71.814,19.8454],[-71.8099,19.8449],[-71.8095,19.8469],[-71.8105,19.8482],[-71.813,19.8497],[-71.8121,19.8534],[-71.8151,19.8531],[-71.817,19.8541],[-71.8177,19.8573],[-71.8194,19.8575],[-71.8248,19.8561],[-71.8272,19.8575]]],[[[-71.7651,19.8613],[-71.7652,19.864],[-71.7675,19.8663],[-71.769,19.8657],[-71.7693,19.8642],[-71.768,19.8616],[-71.7651,19.8613]]],[[[-71.6742,19.866],[-71.6734,19.8702],[-71.6751,19.8704],[-71.6763,19.8668],[-71.6742,19.866]]],[[[-71.327,19.8771],[-71.3326,19.8771],[-71.3326,19.876],[-71.3301,19.8757],[-71.327,19.8771]]],[[[-71.3015,19.8786],[-71.3038,19.8787],[-71.3102,19.8782],[-71.3119,19.8777],[-71.3137,19.8758],[-71.3099,19.8745],[-71.3054,19.8756],[-71.3039,19.8752],[-71.3006,19.8722],[-71.2965,19.8712],[-71.2944,19.8728],[-71.2956,19.8756],[-71.2982,19.8756],[-71.2993,19.8776],[-71.3015,19.8786]]],[[[-71.3204,19.88],[-71.3223,19.8789],[-71.3178,19.8778],[-71.3177,19.8801],[-71.3204,19.88]]],[[[-71.329,19.8788],[-71.3277,19.8802],[-71.3296,19.8817],[-71.3317,19.8811],[-71.3324,19.8799],[-71.329,19.8788]]],[[[-71.3235,19.8819],[-71.3243,19.8833],[-71.3275,19.8823],[-71.3265,19.8805],[-71.3235,19.8819]]],[[[-71.8359,19.8737],[-71.8381,19.8759],[-71.8409,19.8768],[-71.8399,19.8729],[-71.844,19.8722],[-71.844,19.8702],[-71.8422,19.8682],[-71.8387,19.8677],[-71.8383,19.8662],[-71.8398,19.8649],[-71.8404,19.8621],[-71.8387,19.8611],[-71.8351,19.8659],[-71.835,19.868],[-71.8361,19.8699],[-71.8353,19.8722],[-71.8359,19.8737]]],[[[-71.342,19.8849],[-71.3451,19.8865],[-71.3466,19.8848],[-71.342,19.8849]]],[[[-71.8156,19.8725],[-71.8154,19.8757],[-71.8174,19.8787],[-71.8199,19.8797],[-71.8217,19.8788],[-71.8215,19.8767],[-71.8183,19.8733],[-71.8156,19.8725]]],[[[-71.4147,19.8806],[-71.4192,19.8829],[-71.4202,19.8844],[-71.4234,19.8865],[-71.4268,19.8869],[-71.4284,19.8857],[-71.4282,19.8827],[-71.424,19.8809],[-71.4223,19.8791],[-71.4177,19.8769],[-71.4142,19.8768],[-71.4136,19.8785],[-71.4147,19.8806]]],[[[-71.7857,19.8814],[-71.7838,19.8821],[-71.7832,19.8839],[-71.7836,19.8863],[-71.7859,19.8867],[-71.7875,19.8858],[-71.7877,19.8825],[-71.7857,19.8814]]],[[[-71.6668,19.8858],[-71.6654,19.8895],[-71.6673,19.8909],[-71.6703,19.89],[-71.6706,19.8864],[-71.6701,19.8855],[-71.6669,19.8849],[-71.6668,19.8858]]],[[[-71.3549,19.8964],[-71.3585,19.8972],[-71.3611,19.8969],[-71.3628,19.8954],[-71.3605,19.8922],[-71.3586,19.8927],[-71.3588,19.8945],[-71.3561,19.894],[-71.3544,19.8928],[-71.3531,19.8939],[-71.3509,19.8924],[-71.3483,19.8938],[-71.3468,19.8932],[-71.3475,19.89],[-71.3449,19.8908],[-71.3421,19.8904],[-71.3405,19.8913],[-71.341,19.8927],[-71.3437,19.8944],[-71.3457,19.8943],[-71.3497,19.8959],[-71.3539,19.8957],[-71.3549,19.8964]]],[[[-71.8098,19.8905],[-71.8084,19.8918],[-71.8076,19.8938],[-71.8081,19.8957],[-71.8103,19.8979],[-71.812,19.8987],[-71.8158,19.8976],[-71.8163,19.8953],[-71.8153,19.8932],[-71.8134,19.8919],[-71.8122,19.8899],[-71.8098,19.8905]]],[[[-71.447,19.9061],[-71.4486,19.9076],[-71.4541,19.9088],[-71.4563,19.9083],[-71.4566,19.9056],[-71.4555,19.9034],[-71.4508,19.905],[-71.4477,19.9047],[-71.4456,19.9021],[-71.4436,19.9027],[-71.4402,19.902],[-71.4391,19.9001],[-71.4349,19.8988],[-71.4319,19.8965],[-71.4312,19.8941],[-71.4318,19.8928],[-71.4307,19.8907],[-71.431,19.8876],[-71.4296,19.8866],[-71.4283,19.888],[-71.4253,19.8874],[-71.4242,19.8884],[-71.424,19.8911],[-71.4265,19.8939],[-71.4278,19.8946],[-71.43,19.8993],[-71.43,19.9008],[-71.4315,19.9022],[-71.4335,19.9018],[-71.437,19.903],[-71.4396,19.9046],[-71.443,19.906],[-71.4457,19.9065],[-71.447,19.9061]]],[[[-71.627,19.9063],[-71.6307,19.9064],[-71.6319,19.9054],[-71.6267,19.9034],[-71.627,19.9063]]],[[[-71.2567,19.8296],[-71.2576,19.8309],[-71.2595,19.8305],[-71.261,19.8322],[-71.2631,19.8322],[-71.2673,19.8276],[-71.2687,19.8275],[-71.2701,19.8247],[-71.2723,19.8257],[-71.2727,19.8289],[-71.275,19.8275],[-71.2758,19.8295],[-71.2736,19.83],[-71.2721,19.829],[-71.272,19.8269],[-71.2671,19.8288],[-71.2657,19.8298],[-71.2699,19.8327],[-71.2727,19.8327],[-71.2747,19.8351],[-71.2768,19.8361],[-71.2774,19.8349],[-71.28,19.8337],[-71.2827,19.8345],[-71.2825,19.8381],[-71.284,19.8375],[-71.2854,19.8391],[-71.2899,19.8398],[-71.2889,19.8444],[-71.2917,19.8461],[-71.2946,19.8461],[-71.297,19.8449],[-71.2987,19.8472],[-71.3042,19.8475],[-71.3074,19.8482],[-71.3126,19.8489],[-71.3122,19.8468],[-71.3141,19.8468],[-71.3148,19.8485],[-71.3172,19.8472],[-71.3196,19.8474],[-71.3232,19.8493],[-71.3246,19.8477],[-71.3287,19.8476],[-71.3316,19.8489],[-71.3331,19.8479],[-71.3354,19.8483],[-71.3368,19.8493],[-71.3386,19.849],[-71.3426,19.8504],[-71.3446,19.8495],[-71.3469,19.8495],[-71.349,19.8513],[-71.3538,19.8533],[-71.3561,19.8534],[-71.3602,19.8547],[-71.3629,19.8551],[-71.3641,19.856],[-71.3665,19.8556],[-71.372,19.8568],[-71.3739,19.8562],[-71.3751,19.8572],[-71.379,19.8577],[-71.3824,19.8617],[-71.39,19.8651],[-71.3918,19.8646],[-71.3938,19.8658],[-71.396,19.8646],[-71.3977,19.8687],[-71.4014,19.8687],[-71.4021,19.8714],[-71.403,19.872],[-71.4072,19.872],[-71.4088,19.8738],[-71.4116,19.875],[-71.4136,19.8744],[-71.4162,19.8763],[-71.4183,19.8761],[-71.425,19.8795],[-71.4291,19.881],[-71.4314,19.8809],[-71.4347,19.8823],[-71.4387,19.883],[-71.4407,19.8865],[-71.4439,19.8886],[-71.4496,19.8914],[-71.4494,19.8931],[-71.4513,19.8945],[-71.4558,19.8945],[-71.4615,19.8976],[-71.464,19.8979],[-71.4678,19.9009],[-71.4759,19.9027],[-71.4788,19.9037],[-71.4828,19.9059],[-71.4881,19.9099],[-71.4967,19.9094],[-71.4985,19.906],[-71.5016,19.9054],[-71.507,19.9062],[-71.5152,19.9062],[-71.5221,19.9082],[-71.5254,19.9081],[-71.5275,19.9092],[-71.5302,19.9088],[-71.5339,19.9092],[-71.5374,19.9121],[-71.5407,19.9121],[-71.546,19.9099],[-71.5522,19.9091],[-71.5567,19.9073],[-71.5587,19.9078],[-71.5615,19.9057],[-71.5665,19.9071],[-71.5679,19.9085],[-71.572,19.9091],[-71.5758,19.9087],[-71.5803,19.9095],[-71.5824,19.9086],[-71.5885,19.9067],[-71.5978,19.9026],[-71.6001,19.9012],[-71.6003,19.8993],[-71.6026,19.9008],[-71.6041,19.9026],[-71.6071,19.902],[-71.609,19.9022],[-71.6103,19.9008],[-71.6159,19.9006],[-71.6197,19.8968],[-71.6185,19.894],[-71.618,19.8908],[-71.6185,19.887],[-71.6237,19.8836],[-71.6279,19.8813],[-71.6312,19.8814],[-71.6351,19.8826],[-71.6378,19.8839],[-71.6395,19.8868],[-71.6398,19.8901],[-71.6394,19.893],[-71.6432,19.8962],[-71.6467,19.8981],[-71.6509,19.8988],[-71.6546,19.899],[-71.6541,19.8962],[-71.6555,19.8954],[-71.6598,19.8951],[-71.6616,19.8928],[-71.6607,19.8897],[-71.6589,19.8892],[-71.6572,19.8868],[-71.6571,19.8849],[-71.6559,19.8837],[-71.6558,19.8819],[-71.6543,19.879],[-71.6547,19.8753],[-71.6542,19.8728],[-71.6547,19.8701],[-71.654,19.8672],[-71.6567,19.8614],[-71.6596,19.8571],[-71.666,19.8524],[-71.668,19.8499],[-71.676,19.8436],[-71.6801,19.8421],[-71.6905,19.8399],[-71.6926,19.8306],[-71.6936,19.8297],[-71.6983,19.8279],[-71.7072,19.8237],[-71.7115,19.8212],[-71.7146,19.82],[-71.7225,19.8176],[-71.7265,19.817],[-71.7291,19.8162],[-71.7352,19.8156],[-71.7428,19.8157],[-71.7459,19.8139],[-71.7465,19.8116],[-71.7461,19.8086],[-71.7469,19.8059],[-71.7552,19.8012],[-71.7609,19.7953],[-71.7659,19.7907],[-71.7704,19.7873],[-71.774,19.7836],[-71.7766,19.7818],[-71.7792,19.7782],[-71.7792,19.777],[-71.7774,19.7751],[-71.7772,19.773],[-71.7793,19.7661],[-71.7804,19.7639],[-71.7806,19.762],[-71.7799,19.7591],[-71.7765,19.7596],[-71.7734,19.7583],[-71.7707,19.7607],[-71.7703,19.7619],[-71.7716,19.7635],[-71.7752,19.7641],[-71.7751,19.7685],[-71.7735,19.7693],[-71.7699,19.7699],[-71.767,19.7718],[-71.7641,19.7731],[-71.7646,19.7743],[-71.7633,19.7766],[-71.7672,19.779],[-71.7666,19.7808],[-71.7645,19.7809],[-71.7618,19.7793],[-71.7591,19.7786],[-71.7592,19.7816],[-71.757,19.7858],[-71.7547,19.7866],[-71.7533,19.7889],[-71.7539,19.7908],[-71.7524,19.7944],[-71.7494,19.794],[-71.7467,19.7958],[-71.7479,19.7918],[-71.7508,19.7885],[-71.7491,19.7867],[-71.7488,19.784],[-71.7501,19.7835],[-71.7504,19.7813],[-71.7497,19.7788],[-71.7498,19.7764],[-71.7483,19.7742],[-71.7476,19.7714],[-71.7494,19.769],[-71.7527,19.769],[-71.7514,19.7662],[-71.7484,19.7649],[-71.7464,19.7671],[-71.7434,19.7653],[-71.7442,19.7631],[-71.742,19.7611],[-71.7435,19.7587],[-71.7428,19.757],[-71.7399,19.7573],[-71.7392,19.7551],[-71.7469,19.7572],[-71.7455,19.7548],[-71.744,19.7535],[-71.7421,19.7492],[-71.741,19.7482],[-71.7402,19.746],[-71.7381,19.743],[-71.7377,19.7371],[-71.7355,19.7378],[-71.7344,19.7405],[-71.7315,19.7429],[-71.7315,19.74],[-71.7331,19.7368],[-71.7319,19.7349],[-71.7311,19.7322],[-71.7273,19.7301],[-71.727,19.7267],[-71.7256,19.7223],[-71.7284,19.717],[-71.7287,19.7138],[-71.7297,19.7127],[-71.7302,19.709],[-71.7331,19.7036],[-71.7317,19.702],[-71.7283,19.7027],[-71.726,19.7059],[-71.7247,19.7068],[-71.7217,19.706],[-71.7197,19.7047],[-71.7182,19.7027],[-71.7202,19.7016],[-71.7194,19.6992],[-71.7225,19.699],[-71.7247,19.6967],[-71.7222,19.6948],[-71.719,19.6957],[-71.717,19.6951],[-71.7099,19.6953],[-71.7098,19.6939],[-71.7122,19.6934],[-71.7161,19.6917],[-71.7189,19.6937],[-71.723,19.694],[-71.7259,19.6955],[-71.7297,19.6989],[-71.7317,19.6994],[-71.7352,19.7011],[-71.7355,19.7024],[-71.7335,19.7039],[-71.7326,19.7078],[-71.7366,19.7075],[-71.7412,19.7067],[-71.7426,19.7079],[-71.7441,19.7067],[-71.753,19.7042],[-71.7577,19.7014],[-71.7588,19.699],[-71.7602,19.6988],[-71.7601,19.6966],[-71.7591,19.6946],[-71.7591,19.6928],[-71.7564,19.69],[-71.7591,19.6882],[-71.7559,19.6851],[-71.755,19.6835],[-71.756,19.682],[-71.7544,19.681],[-71.7568,19.6785],[-71.7563,19.6763],[-71.7527,19.6754],[-71.7498,19.6717],[-71.7472,19.6696],[-71.7435,19.6648],[-71.741,19.6648],[-71.7389,19.6657],[-71.7378,19.6623],[-71.7351,19.661],[-71.732,19.6461],[-71.7395,19.6398],[-71.7362,19.6347],[-71.7325,19.6311],[-71.7307,19.6301],[-71.7294,19.6312],[-71.7286,19.6357],[-71.7257,19.6361],[-71.7195,19.6358],[-71.7081,19.6349],[-71.7025,19.634],[-71.7004,19.6326],[-71.6988,19.6324],[-71.6959,19.6335],[-71.6919,19.6316],[-71.6921,19.6293],[-71.6941,19.6291],[-71.6946,19.6273],[-71.6942,19.6256],[-71.6916,19.6258],[-71.6907,19.6242],[-71.6904,19.6237],[-71.6899,19.6225],[-71.6844,19.6206],[-71.6823,19.6165],[-71.6788,19.6116],[-71.6769,19.6098],[-71.6726,19.6072],[-71.6692,19.6065],[-71.6622,19.6078],[-71.6604,19.6079],[-71.6568,19.607],[-71.6555,19.606],[-71.655,19.6033],[-71.6499,19.6051],[-71.6487,19.6054],[-71.6443,19.6065],[-71.6442,19.6066],[-71.6415,19.6073],[-71.6404,19.6075],[-71.6385,19.6078],[-71.6413,19.612],[-71.6403,19.6124],[-71.6395,19.6159],[-71.6294,19.6218],[-71.6225,19.6277],[-71.6129,19.6392],[-71.609,19.6421],[-71.6043,19.645],[-71.6019,19.6424],[-71.6021,19.6405],[-71.6005,19.638],[-71.6004,19.6347],[-71.5991,19.6335],[-71.6016,19.6309],[-71.6,19.6297],[-71.5991,19.6267],[-71.6002,19.626],[-71.6001,19.6237],[-71.6017,19.6225],[-71.6015,19.6212],[-71.5992,19.6218],[-71.5989,19.6177],[-71.5965,19.6161],[-71.5934,19.6156],[-71.5926,19.6173],[-71.5884,19.6217],[-71.5867,19.6223],[-71.5836,19.6213],[-71.5803,19.6179],[-71.5785,19.6128],[-71.5766,19.612],[-71.5747,19.6122],[-71.5714,19.6131],[-71.5694,19.6132],[-71.5666,19.6107],[-71.5649,19.61],[-71.5627,19.6078],[-71.5597,19.6083],[-71.5554,19.6106],[-71.5545,19.6115],[-71.5529,19.6149],[-71.5529,19.6181],[-71.5519,19.6198],[-71.5489,19.6194],[-71.5457,19.6209],[-71.5448,19.6224],[-71.5306,19.6234],[-71.5261,19.6235],[-71.5203,19.6229],[-71.5202,19.6219],[-71.5191,19.6198],[-71.5164,19.6187],[-71.5114,19.6156],[-71.5099,19.6128],[-71.5097,19.612],[-71.506,19.6113],[-71.505,19.6088],[-71.5065,19.6077],[-71.5068,19.6052],[-71.509,19.6043],[-71.5103,19.6026],[-71.5105,19.601],[-71.5091,19.5979],[-71.5095,19.5969],[-71.5124,19.596],[-71.5128,19.5948],[-71.5115,19.5904],[-71.5135,19.588],[-71.5139,19.5846],[-71.5129,19.583],[-71.5088,19.5801],[-71.507,19.5794],[-71.505,19.577],[-71.5037,19.5716],[-71.5021,19.5699],[-71.4955,19.5666],[-71.4896,19.5662],[-71.4875,19.5654],[-71.4858,19.5637],[-71.4832,19.5623],[-71.48,19.5621],[-71.4781,19.5631],[-71.4738,19.5647],[-71.47,19.5628],[-71.467,19.5623],[-71.4619,19.562],[-71.458,19.5602],[-71.4574,19.5596],[-71.4533,19.5501],[-71.4519,19.5493],[-71.4481,19.5482],[-71.4429,19.5488],[-71.4393,19.5483],[-71.4368,19.5464],[-71.4337,19.5427],[-71.4315,19.5385],[-71.4285,19.5361],[-71.4219,19.5337],[-71.42,19.5378],[-71.4209,19.5385],[-71.4219,19.5402],[-71.4221,19.5411],[-71.422,19.5422],[-71.419,19.5415],[-71.417,19.5404],[-71.4155,19.5407],[-71.4154,19.5429],[-71.4141,19.5457],[-71.4151,19.5482],[-71.4132,19.5494],[-71.4125,19.5511],[-71.4151,19.5512],[-71.4171,19.5541],[-71.4168,19.5558],[-71.4156,19.5563],[-71.4089,19.556],[-71.4056,19.5553],[-71.4045,19.5544],[-71.3995,19.5534],[-71.3912,19.5541],[-71.3844,19.5516],[-71.3818,19.5528],[-71.3796,19.5529],[-71.3784,19.5539],[-71.3741,19.5551],[-71.3721,19.5568],[-71.3708,19.5571],[-71.3682,19.5564],[-71.3632,19.5541],[-71.3594,19.5528],[-71.3569,19.5526],[-71.3505,19.5515],[-71.3478,19.5502],[-71.343,19.5494],[-71.3406,19.5484],[-71.338,19.5483],[-71.3347,19.5492],[-71.3326,19.5515],[-71.3309,19.5546],[-71.3317,19.5626],[-71.3336,19.5666],[-71.3335,19.5699],[-71.3192,19.566],[-71.3163,19.565],[-71.3134,19.5615],[-71.3119,19.5603],[-71.3087,19.5595],[-71.3038,19.5603],[-71.3018,19.5586],[-71.2996,19.5577],[-71.2955,19.5552],[-71.2966,19.5542],[-71.297,19.5523],[-71.2933,19.551],[-71.29,19.5506],[-71.2847,19.5473],[-71.2791,19.5447],[-71.2767,19.5423],[-71.2721,19.5389],[-71.2682,19.5364],[-71.2636,19.5329],[-71.2605,19.5313],[-71.2529,19.5321],[-71.2492,19.5318],[-71.2452,19.5283],[-71.2408,19.5246],[-71.2354,19.5236],[-71.2333,19.524],[-71.2304,19.527],[-71.2275,19.5333],[-71.2275,19.5364],[-71.2266,19.5383],[-71.2242,19.5409],[-71.2194,19.5472],[-71.2165,19.5478],[-71.2127,19.5471],[-71.2084,19.5448],[-71.2052,19.5398],[-71.201,19.5368],[-71.1968,19.5343],[-71.1933,19.5322],[-71.1895,19.5301],[-71.1892,19.5309],[-71.1895,19.5338],[-71.1872,19.5363],[-71.189,19.537],[-71.189,19.5397],[-71.1862,19.5416],[-71.1867,19.5443],[-71.1852,19.5442],[-71.1853,19.5476],[-71.1835,19.5489],[-71.183,19.5529],[-71.1812,19.5529],[-71.1796,19.5557],[-71.1767,19.5559],[-71.1781,19.558],[-71.1765,19.5624],[-71.1748,19.5625],[-71.1761,19.5668],[-71.1775,19.5681],[-71.1718,19.5712],[-71.1728,19.5749],[-71.1721,19.5766],[-71.1719,19.5843],[-71.1726,19.5855],[-71.172,19.5884],[-71.1736,19.5908],[-71.1792,19.5943],[-71.1816,19.6004],[-71.1815,19.6034],[-71.1824,19.6052],[-71.1822,19.6098],[-71.1844,19.6108],[-71.1841,19.613],[-71.1859,19.6154],[-71.188,19.616],[-71.1893,19.6177],[-71.1879,19.6194],[-71.188,19.6207],[-71.1859,19.6214],[-71.1848,19.6261],[-71.1854,19.6291],[-71.1848,19.6304],[-71.1829,19.6314],[-71.1789,19.6305],[-71.1771,19.6276],[-71.1752,19.629],[-71.1738,19.6289],[-71.1697,19.6271],[-71.1658,19.6285],[-71.1637,19.6331],[-71.1637,19.6365],[-71.1611,19.6432],[-71.1607,19.6459],[-71.1625,19.6504],[-71.1627,19.6562],[-71.1661,19.6554],[-71.1669,19.6561],[-71.168,19.6601],[-71.1683,19.664],[-71.1678,19.6685],[-71.167,19.6698],[-71.1666,19.6732],[-71.168,19.6768],[-71.1675,19.6784],[-71.1675,19.684],[-71.1658,19.6868],[-71.1642,19.6867],[-71.1619,19.6908],[-71.1613,19.698],[-71.1622,19.702],[-71.165,19.7048],[-71.1662,19.7072],[-71.163,19.7119],[-71.1621,19.7148],[-71.1622,19.7175],[-71.1611,19.7205],[-71.1567,19.7297],[-71.1556,19.7339],[-71.1555,19.7371],[-71.1549,19.7397],[-71.1531,19.7441],[-71.1497,19.7501],[-71.1465,19.7549],[-71.1453,19.7574],[-71.1429,19.7576],[-71.1387,19.7569],[-71.1359,19.7557],[-71.1327,19.7575],[-71.131,19.7591],[-71.1307,19.7624],[-71.134,19.7638],[-71.1487,19.7651],[-71.1567,19.7664],[-71.1643,19.7667],[-71.1774,19.7682],[-71.183,19.771],[-71.1855,19.7711],[-71.1868,19.7699],[-71.189,19.7695],[-71.1918,19.7711],[-71.1936,19.771],[-71.1979,19.7731],[-71.2016,19.7767],[-71.2059,19.7767],[-71.209,19.7777],[-71.2125,19.7808],[-71.2165,19.7833],[-71.2205,19.7833],[-71.224,19.7854],[-71.2293,19.7862],[-71.2318,19.7889],[-71.2348,19.7901],[-71.241,19.7966],[-71.2434,19.8005],[-71.2413,19.8036],[-71.2387,19.8035],[-71.235,19.806],[-71.2337,19.8085],[-71.2338,19.8102],[-71.2362,19.8111],[-71.237,19.8126],[-71.2451,19.8126],[-71.2478,19.8131],[-71.2501,19.815],[-71.2507,19.817],[-71.2539,19.8214],[-71.2569,19.829],[-71.2567,19.8296]]],[[[-71.5791,19.9177],[-71.5805,19.9186],[-71.5825,19.9173],[-71.5859,19.9176],[-71.5898,19.9159],[-71.5906,19.9138],[-71.5891,19.9112],[-71.5856,19.9113],[-71.5783,19.9126],[-71.5739,19.9127],[-71.5734,19.9132],[-71.5691,19.9134],[-71.5681,19.9112],[-71.5653,19.9118],[-71.564,19.9145],[-71.5617,19.9164],[-71.5615,19.9179],[-71.5648,19.9168],[-71.5674,19.918],[-71.5719,19.9176],[-71.5733,19.9186],[-71.5756,19.9178],[-71.5791,19.9177]]],[[[-71.5493,19.9197],[-71.5503,19.9202],[-71.5527,19.9191],[-71.552,19.9176],[-71.5498,19.9168],[-71.5493,19.9197]]],[[[-71.5183,19.9205],[-71.5194,19.9208],[-71.5213,19.9193],[-71.5187,19.9179],[-71.5172,19.9191],[-71.515,19.9195],[-71.5146,19.9207],[-71.5183,19.9205]]],[[[-71.5307,19.9167],[-71.5296,19.918],[-71.5333,19.9198],[-71.5357,19.9215],[-71.5378,19.9211],[-71.5377,19.9181],[-71.5358,19.9163],[-71.5342,19.9159],[-71.5307,19.9167]]]]},"properties":{"province_name":"MONTE CRISTI","municipalities":6}},
{"type":"Feature","geometry":{"type":"MultiPolygon","coordinates":[[[[-71.6407,17.4791],[-71.6428,17.4804],[-71.6441,17.4791],[-71.6462,17.479],[-71.648,17.4775],[-71.6461,17.4735],[-71.6441,17.4724],[-71.6432,17.4703],[-71.6398,17.4705],[-71.6378,17.4725],[-71.6365,17.4728],[-71.6354,17.4745],[-71.6371,17.478],[-71.6386,17.4779],[-71.6407,17.4791]]],[[[-71.6483,17.4839],[-71.6462,17.4846],[-71.6453,17.4866],[-71.647,17.4869],[-71.6483,17.4839]]],[[[-71.5136,17.6128],[-71.5162,17.6157],[-71.5182,17.6171],[-71.5197,17.6198],[-71.5212,17.6206],[-71.5224,17.6197],[-71.527,17.6073],[-71.5291,17.6011],[-71.5324,17.599],[-71.5362,17.5982],[-71.5386,17.5957],[-71.5396,17.593],[-71.5397,17.5898],[-71.5404,17.5888],[-71.5406,17.5843],[-71.5416,17.5806],[-71.5428,17.5784],[-71.5442,17.578],[-71.5449,17.5761],[-71.5493,17.571],[-71.5503,17.565],[-71.5505,17.5623],[-71.5529,17.5595],[-71.5538,17.5559],[-71.5545,17.5485],[-71.554,17.5466],[-71.5506,17.5422],[-71.5475,17.5404],[-71.545,17.5396],[-71.542,17.5395],[-71.5396,17.5405],[-71.5371,17.5401],[-71.5336,17.5402],[-71.5252,17.543],[-71.5219,17.5434],[-71.5198,17.5451],[-71.5162,17.5458],[-71.5052,17.5489],[-71.5032,17.55],[-71.499,17.5508],[-71.4966,17.5526],[-71.4953,17.5565],[-71.4899,17.5593],[-71.4853,17.5627],[-71.4827,17.5663],[-71.4806,17.5677],[-71.478,17.5684],[-71.4758,17.5705],[-71.4747,17.573],[-71.4747,17.5765],[-71.4732,17.5796],[-71.4692,17.5801],[-71.47,17.5837],[-71.4754,17.5857],[-71.4774,17.5852],[-71.4825,17.5846],[-71.4847,17.5869],[-71.4855,17.5885],[-71.4869,17.589],[-71.489,17.5917],[-71.4895,17.5952],[-71.4916,17.5965],[-71.4928,17.5984],[-71.4937,17.6035],[-71.4957,17.6053],[-71.4953,17.6075],[-71.4974,17.6084],[-71.5022,17.6118],[-71.5085,17.6118],[-71.5107,17.6127],[-71.5136,17.6128]]],[[[-71.2821,17.8373],[-71.2789,17.8388],[-71.2789,17.8408],[-71.2811,17.8418],[-71.2842,17.841],[-71.2823,17.8385],[-71.2821,17.8373]]],[[[-71.4255,18.1379],[-71.4294,18.1391],[-71.4314,18.1403],[-71.4353,18.1438],[-71.4408,18.1503],[-71.4448,18.1524],[-71.4487,18.1537],[-71.4517,18.1539],[-71.4527,18.155],[-71.4574,18.1575],[-71.4597,18.1595],[-71.4627,18.163],[-71.4641,18.1673],[-71.4666,18.171],[-71.472,18.1747],[-71.4761,18.1786],[-71.4811,18.1844],[-71.4861,18.1905],[-71.488,18.1918],[-71.493,18.1931],[-71.4964,18.195],[-71.4992,18.1972],[-71.5029,18.2016],[-71.5042,18.202],[-71.5087,18.2022],[-71.512,18.2009],[-71.5163,18.1977],[-71.5211,18.1957],[-71.523,18.1953],[-71.5275,18.1965],[-71.5318,18.1982],[-71.5344,18.2003],[-71.5449,18.2065],[-71.5469,18.2072],[-71.5512,18.2071],[-71.5535,18.2062],[-71.5592,18.2049],[-71.5662,18.2045],[-71.5684,18.2052],[-71.5731,18.2092],[-71.578,18.215],[-71.5814,18.2195],[-71.584,18.2208],[-71.5869,18.2218],[-71.5886,18.2237],[-71.5931,18.2275],[-71.5955,18.2288],[-71.5971,18.2289],[-71.6003,18.2272],[-71.6029,18.2263],[-71.606,18.2264],[-71.6113,18.2281],[-71.621,18.2258],[-71.6241,18.2265],[-71.6268,18.2281],[-71.6293,18.2303],[-71.6319,18.2334],[-71.6328,18.2363],[-71.6345,18.2375],[-71.6387,18.2382],[-71.6416,18.2395],[-71.6429,18.2407],[-71.6448,18.2441],[-71.6473,18.2456],[-71.6491,18.2458],[-71.6536,18.2472],[-71.6581,18.2494],[-71.6703,18.2571],[-71.6732,18.2603],[-71.675,18.2627],[-71.6789,18.2652],[-71.6826,18.2656],[-71.6864,18.2686],[-71.6878,18.2722],[-71.6903,18.2752],[-71.6962,18.2775],[-71.6997,18.2794],[-71.7015,18.2832],[-71.7029,18.2845],[-71.7069,18.2838],[-71.71,18.285],[-71.7129,18.2878],[-71.7198,18.2899],[-71.7253,18.2905],[-71.7595,18.2356],[-71.7596,18.2341],[-71.7582,18.2311],[-71.7576,18.2286],[-71.7597,18.2266],[-71.7626,18.2257],[-71.7636,18.2215],[-71.7675,18.2211],[-71.7692,18.2189],[-71.7696,18.2172],[-71.7692,18.2133],[-71.7735,18.2051],[-71.7723,18.2026],[-71.7735,18.2009],[-71.7719,18.1988],[-71.7739,18.1975],[-71.7752,18.1947],[-71.7778,18.1935],[-71.7806,18.193],[-71.7816,18.1912],[-71.7849,18.188],[-71.7872,18.185],[-71.7882,18.1807],[-71.7868,18.1777],[-71.786,18.1745],[-71.7842,18.1732],[-71.7839,18.1686],[-71.7845,18.1667],[-71.7835,18.1658],[-71.7781,18.1664],[-71.7755,18.1658],[-71.7736,18.1676],[-71.7669,18.1678],[-71.7659,18.1652],[-71.7686,18.1646],[-71.7685,18.1615],[-71.7675,18.1596],[-71.7647,18.1592],[-71.7648,18.1562],[-71.762,18.1556],[-71.7614,18.1522],[-71.7603,18.1513],[-71.7587,18.1526],[-71.7575,18.1516],[-71.7569,18.147],[-71.7549,18.147],[-71.7536,18.1459],[-71.7542,18.1421],[-71.7514,18.1428],[-71.751,18.1452],[-71.7488,18.149],[-71.7466,18.1471],[-71.7463,18.1448],[-71.745,18.1426],[-71.747,18.1396],[-71.7513,18.1378],[-71.7507,18.136],[-71.7471,18.1357],[-71.7435,18.1312],[-71.7473,18.1295],[-71.7451,18.1268],[-71.7453,18.1247],[-71.748,18.1245],[-71.7454,18.1224],[-71.7471,18.1174],[-71.747,18.1139],[-71.7493,18.1133],[-71.7497,18.1119],[-71.749,18.1095],[-71.746,18.1025],[-71.7465,18.0998],[-71.7443,18.0979],[-71.7417,18.1003],[-71.7383,18.1003],[-71.738,18.0975],[-71.736,18.0968],[-71.7351,18.0952],[-71.737,18.0922],[-71.7385,18.0909],[-71.7369,18.0885],[-71.7369,18.0838],[-71.735,18.08],[-71.7355,18.0777],[-71.7382,18.0763],[-71.7386,18.0753],[-71.7384,18.0687],[-71.7399,18.0663],[-71.7426,18.0658],[-71.7441,18.0634],[-71.7438,18.0565],[-71.7446,18.0523],[-71.7483,18.0473],[-71.7529,18.0442],[-71.7541,18.0439],[-71.7564,18.0419],[-71.7575,18.0375],[-71.7569,18.0346],[-71.7591,18.0311],[-71.7554,18.0311],[-71.7515,18.0296],[-71.748,18.0278],[-71.745,18.0278],[-71.7388,18.0256],[-71.7359,18.024],[-71.7325,18.0211],[-71.7292,18.0169],[-71.7268,18.0131],[-71.7252,18.0117],[-71.7253,18.0074],[-71.7241,18.003],[-71.7225,18.0007],[-71.719,17.999],[-71.7165,17.9985],[-71.7079,17.9937],[-71.7036,17.9917],[-71.6986,17.988],[-71.6941,17.9841],[-71.6905,17.9819],[-71.6853,17.9774],[-71.6787,17.9707],[-71.6726,17.9622],[-71.6695,17.9531],[-71.6691,17.9493],[-71.6679,17.947],[-71.6628,17.9395],[-71.6604,17.9349],[-71.6591,17.93],[-71.6597,17.9262],[-71.6607,17.925],[-71.6601,17.923],[-71.6613,17.9176],[-71.6638,17.9128],[-71.6653,17.9107],[-71.6679,17.9096],[-71.6715,17.9109],[-71.6734,17.9105],[-71.6792,17.9039],[-71.6797,17.9006],[-71.6787,17.8985],[-71.6789,17.8968],[-71.6763,17.8933],[-71.673,17.8909],[-71.6632,17.8854],[-71.6588,17.881],[-71.6555,17.8758],[-71.6528,17.8698],[-71.6518,17.8681],[-71.6512,17.8654],[-71.6523,17.8645],[-71.6511,17.8618],[-71.6528,17.8594],[-71.6505,17.8586],[-71.6495,17.8569],[-71.6465,17.8536],[-71.6449,17.8508],[-71.6427,17.8488],[-71.6398,17.8472],[-71.6382,17.8445],[-71.6351,17.8362],[-71.634,17.8298],[-71.6348,17.8254],[-71.6375,17.8179],[-71.6398,17.8138],[-71.6413,17.8126],[-71.6474,17.8123],[-71.6498,17.8129],[-71.6564,17.8157],[-71.6606,17.8141],[-71.6623,17.8105],[-71.6639,17.8057],[-71.6654,17.7987],[-71.6653,17.7945],[-71.6664,17.7911],[-71.6683,17.7871],[-71.6713,17.7833],[-71.6752,17.7801],[-71.6778,17.7794],[-71.6818,17.7798],[-71.6868,17.7776],[-71.689,17.7761],[-71.6914,17.7752],[-71.6977,17.7739],[-71.6988,17.7711],[-71.6955,17.7688],[-71.6918,17.7649],[-71.6895,17.7636],[-71.6859,17.7631],[-71.6818,17.7605],[-71.6764,17.7549],[-71.6736,17.7529],[-71.67,17.7528],[-71.6659,17.7532],[-71.6645,17.7524],[-71.6629,17.7503],[-71.6556,17.752],[-71.6526,17.7514],[-71.6486,17.7518],[-71.6477,17.7505],[-71.6417,17.751],[-71.6367,17.7533],[-71.6359,17.7544],[-71.6336,17.7543],[-71.6252,17.7575],[-71.6238,17.7575],[-71.6181,17.7595],[-71.6143,17.7601],[-71.6102,17.76],[-71.6011,17.7625],[-71.5982,17.7626],[-71.5899,17.761],[-71.5819,17.7611],[-71.5747,17.762],[-71.5723,17.7619],[-71.5672,17.761],[-71.5659,17.7617],[-71.564,17.7609],[-71.5579,17.7609],[-71.5536,17.7601],[-71.549,17.7585],[-71.5477,17.7571],[-71.546,17.7572],[-71.5344,17.7522],[-71.5332,17.7511],[-71.5333,17.7475],[-71.5271,17.7429],[-71.522,17.7397],[-71.5133,17.7336],[-71.5093,17.7298],[-71.5045,17.7239],[-71.5008,17.7171],[-71.4988,17.712],[-71.4919,17.6958],[-71.4898,17.6897],[-71.4873,17.6808],[-71.4869,17.6745],[-71.4855,17.672],[-71.4846,17.6688],[-71.4804,17.6604],[-71.4782,17.6567],[-71.4741,17.6523],[-71.4706,17.6492],[-71.4678,17.6457],[-71.4596,17.638],[-71.4569,17.6366],[-71.4529,17.6338],[-71.4518,17.6281],[-71.4502,17.6273],[-71.4491,17.6222],[-71.4474,17.6196],[-71.4412,17.615],[-71.4394,17.6145],[-71.4375,17.6125],[-71.4356,17.6117],[-71.4346,17.6102],[-71.4345,17.6082],[-71.4331,17.6065],[-71.4282,17.6031],[-71.428,17.6013],[-71.4255,17.5997],[-71.4245,17.598],[-71.4216,17.5967],[-71.4172,17.6028],[-71.4158,17.6052],[-71.415,17.6078],[-71.4119,17.6134],[-71.4057,17.6137],[-71.4034,17.6149],[-71.4013,17.6177],[-71.4,17.6203],[-71.3975,17.6233],[-71.3961,17.6263],[-71.3963,17.629],[-71.3987,17.632],[-71.3986,17.6329],[-71.3952,17.6362],[-71.3925,17.6406],[-71.3925,17.6419],[-71.3891,17.6468],[-71.388,17.6473],[-71.3855,17.652],[-71.3861,17.6578],[-71.3848,17.6595],[-71.3817,17.6609],[-71.3786,17.6615],[-71.377,17.6633],[-71.3767,17.6653],[-71.3747,17.6703],[-71.3722,17.6724],[-71.3723,17.6745],[-71.3716,17.6766],[-71.3689,17.6783],[-71.3685,17.68],[-71.3666,17.682],[-71.3664,17.684],[-71.3681,17.6875],[-71.368,17.6922],[-71.3673,17.6943],[-71.3634,17.6968],[-71.3631,17.7001],[-71.361,17.7044],[-71.3609,17.7056],[-71.3592,17.7072],[-71.3591,17.7101],[-71.3574,17.7146],[-71.3571,17.7198],[-71.3541,17.7285],[-71.3504,17.7405],[-71.3499,17.7448],[-71.3467,17.7462],[-71.3442,17.7487],[-71.3479,17.7478],[-71.3487,17.7483],[-71.3492,17.7523],[-71.3467,17.7574],[-71.3403,17.7672],[-71.3348,17.7773],[-71.3327,17.7806],[-71.3279,17.7894],[-71.3275,17.7916],[-71.326,17.7957],[-71.3209,17.8038],[-71.3182,17.807],[-71.3161,17.8102],[-71.3138,17.8125],[-71.3101,17.8176],[-71.3053,17.8214],[-71.3034,17.8216],[-71.3002,17.8188],[-71.2991,17.8168],[-71.2975,17.8161],[-71.2948,17.8186],[-71.2916,17.82],[-71.2906,17.8215],[-71.2887,17.8225],[-71.2851,17.8261],[-71.2856,17.83],[-71.2868,17.8323],[-71.2865,17.8397],[-71.2859,17.8429],[-71.2864,17.8461],[-71.2854,17.851],[-71.2838,17.8525],[-71.2827,17.8515],[-71.2826,17.8494],[-71.2812,17.8465],[-71.2798,17.8451],[-71.2776,17.8446],[-71.2749,17.8457],[-71.2746,17.8492],[-71.2735,17.8497],[-71.2723,17.8519],[-71.2753,17.8541],[-71.2778,17.8575],[-71.283,17.8619],[-71.2843,17.8644],[-71.2838,17.8671],[-71.2851,17.8694],[-71.2882,17.8726],[-71.2919,17.8753],[-71.292,17.8767],[-71.2902,17.8775],[-71.2895,17.881],[-71.2929,17.8879],[-71.2921,17.8904],[-71.2937,17.8928],[-71.2964,17.8942],[-71.2984,17.8963],[-71.3019,17.8979],[-71.3102,17.8977],[-71.3096,17.8999],[-71.3061,17.9008],[-71.3048,17.9023],[-71.3014,17.9034],[-71.3005,17.9061],[-71.2986,17.907],[-71.2975,17.909],[-71.2981,17.9122],[-71.3028,17.9145],[-71.3082,17.9143],[-71.3107,17.9171],[-71.3236,17.9173],[-71.3272,17.9194],[-71.3335,17.9202],[-71.3398,17.9162],[-71.3424,17.9159],[-71.3439,17.9164],[-71.3454,17.9185],[-71.348,17.9204],[-71.3502,17.9203],[-71.3538,17.9214],[-71.3568,17.9213],[-71.3592,17.9225],[-71.3604,17.9253],[-71.3649,17.9292],[-71.368,17.93],[-71.37,17.9283],[-71.3714,17.9279],[-71.3754,17.9284],[-71.3795,17.9279],[-71.3824,17.9292],[-71.381,17.9312],[-71.3805,17.9357],[-71.3777,17.939],[-71.3782,17.9406],[-71.38,17.9414],[-71.3835,17.9419],[-71.3849,17.943],[-71.3865,17.9462],[-71.395,17.9534],[-71.3927,17.9559],[-71.3924,17.9577],[-71.3948,17.9607],[-71.3983,17.964],[-71.4021,17.9621],[-71.4032,17.9649],[-71.4054,17.9671],[-71.4048,17.9701],[-71.408,17.9709],[-71.411,17.9704],[-71.4161,17.9671],[-71.4217,17.9676],[-71.4251,17.9697],[-71.427,17.9718],[-71.4299,17.9729],[-71.4316,17.9748],[-71.4351,17.9773],[-71.4379,17.9801],[-71.4377,17.9837],[-71.4382,17.9877],[-71.4354,17.9897],[-71.4333,17.9924],[-71.4292,17.9952],[-71.4277,17.9975],[-71.429,17.9997],[-71.4289,18.0049],[-71.43,18.0076],[-71.4294,18.0127],[-71.4305,18.0156],[-71.4301,18.0181],[-71.4256,18.0185],[-71.4225,18.0184],[-71.4198,18.0174],[-71.4167,18.0154],[-71.4134,18.0116],[-71.4102,18.0109],[-71.4087,18.0117],[-71.4063,18.0141],[-71.4022,18.0205],[-71.4006,18.0238],[-71.3981,18.027],[-71.397,18.0296],[-71.3938,18.0339],[-71.3896,18.0379],[-71.3851,18.0441],[-71.3841,18.0478],[-71.3841,18.0509],[-71.3857,18.055],[-71.3898,18.0587],[-71.3895,18.0634],[-71.3902,18.0686],[-71.3898,18.073],[-71.3891,18.0766],[-71.3901,18.0802],[-71.3972,18.0894],[-71.3983,18.0915],[-71.4016,18.0939],[-71.4047,18.0981],[-71.4055,18.0998],[-71.4047,18.1023],[-71.4014,18.1043],[-71.3985,18.1052],[-71.3959,18.1044],[-71.3958,18.1067],[-71.3927,18.1109],[-71.3896,18.1127],[-71.3881,18.1149],[-71.3881,18.1177],[-71.3873,18.1196],[-71.3858,18.1198],[-71.386,18.122],[-71.3885,18.1238],[-71.3932,18.1291],[-71.3978,18.1314],[-71.4003,18.1319],[-71.4053,18.1314],[-71.4111,18.1289],[-71.418,18.1325],[-71.4204,18.1333],[-71.4222,18.1353],[-71.4255,18.1379]]]]},"properties":{"province_name":"PEDERNALES","municipalities":2}},
{"type":"Feature","geometry":{"type":"Polygon","coordinates":[[[-70.3259,18.4978],[-70.3267,18.5024],[-70.3292,18.5022],[-70.3302,18.5037],[-70.3293,18.5052],[-70.3293,18.5081],[-70.3313,18.5092],[-70.3358,18.5066],[-70.3352,18.5036],[-70.3356,18.5019],[-70.3377,18.4997],[-70.3396,18.5006],[-70.3388,18.5028],[-70.3386,18.5039],[-70.34,18.5043],[-70.3449,18.5024],[-70.3459,18.5022],[-70.3521,18.5072],[-70.355,18.5076],[-70.3576,18.5068],[-70.3572,18.5036],[-70.3613,18.5024],[-70.3613,18.5004],[-70.365,18.4975],[-70.367,18.4972],[-70.3705,18.4934],[-70.3704,18.4925],[-70.3726,18.4895],[-70.3707,18.4879],[-70.3719,18.4861],[-70.3735,18.4856],[-70.374,18.4834],[-70.379,18.4831],[-70.3798,18.4812],[-70.3814,18.4814],[-70.383,18.4794],[-70.3866,18.4782],[-70.3886,18.4797],[-70.3897,18.4787],[-70.3937,18.4776],[-70.3956,18.4761],[-70.397,18.4736],[-70.3997,18.4724],[-70.4032,18.4723],[-70.4044,18.4722],[-70.4214,18.4659],[-70.424,18.4668],[-70.4265,18.466],[-70.4278,18.4668],[-70.4288,18.4677],[-70.4306,18.4647],[-70.4313,18.4646],[-70.4373,18.4614],[-70.4383,18.4591],[-70.4399,18.4584],[-70.4414,18.4552],[-70.4441,18.4563],[-70.4447,18.4576],[-70.4476,18.4566],[-70.4479,18.4565],[-70.449,18.4559],[-70.451,18.4573],[-70.4509,18.4546],[-70.4517,18.4535],[-70.4519,18.4535],[-70.4558,18.4542],[-70.4576,18.4566],[-70.458,18.4567],[-70.4594,18.4562],[-70.4602,18.4554],[-70.4609,18.4553],[-70.4633,18.4547],[-70.4652,18.4529],[-70.465,18.4528],[-70.4652,18.4526],[-70.4675,18.4528],[-70.4695,18.4505],[-70.4706,18.4478],[-70.4691,18.4465],[-70.4684,18.4444],[-70.4697,18.4419],[-70.47,18.4418],[-70.4698,18.4398],[-70.4709,18.4378],[-70.4729,18.437],[-70.4736,18.4347],[-70.4755,18.4316],[-70.4753,18.4304],[-70.477,18.4287],[-70.4769,18.4253],[-70.478,18.4239],[-70.4778,18.421],[-70.4781,18.4199],[-70.4737,18.4171],[-70.4707,18.4138],[-70.4695,18.4111],[-70.4697,18.4057],[-70.4709,18.4025],[-70.471,18.3973],[-70.4704,18.3951],[-70.4715,18.3926],[-70.4731,18.3907],[-70.4739,18.3882],[-70.4733,18.3848],[-70.4741,18.3834],[-70.4777,18.3798],[-70.4794,18.3771],[-70.482,18.3741],[-70.4867,18.368],[-70.4864,18.367],[-70.4884,18.3631],[-70.4902,18.3566],[-70.4905,18.3507],[-70.4882,18.344],[-70.4878,18.338],[-70.488,18.3311],[-70.4872,18.3283],[-70.4868,18.3236],[-70.4882,18.3184],[-70.4911,18.3116],[-70.4932,18.3032],[-70.495,18.3001],[-70.4968,18.2949],[-70.4982,18.292],[-70.5024,18.2884],[-70.5049,18.288],[-70.512,18.2891],[-70.5147,18.2878],[-70.5181,18.2841],[-70.5235,18.2814],[-70.5342,18.2813],[-70.5395,18.2818],[-70.5411,18.2829],[-70.5443,18.2829],[-70.5485,18.282],[-70.5571,18.2819],[-70.5585,18.2816],[-70.5633,18.2787],[-70.5679,18.2786],[-70.5734,18.2797],[-70.5801,18.2796],[-70.5818,18.2784],[-70.5847,18.275],[-70.588,18.2727],[-70.5849,18.2719],[-70.5804,18.269],[-70.5783,18.2644],[-70.5783,18.2631],[-70.5748,18.2592],[-70.5712,18.2594],[-70.5685,18.2576],[-70.5636,18.2575],[-70.5598,18.2565],[-70.5589,18.255],[-70.5592,18.2535],[-70.5556,18.2517],[-70.5538,18.2519],[-70.5511,18.2506],[-70.5497,18.2485],[-70.5496,18.2467],[-70.5473,18.2452],[-70.5428,18.2406],[-70.543,18.2382],[-70.5391,18.2364],[-70.5346,18.2318],[-70.5338,18.2298],[-70.5313,18.2303],[-70.5306,18.2325],[-70.5284,18.2321],[-70.5275,18.2296],[-70.5241,18.2305],[-70.5194,18.2292],[-70.5188,18.2279],[-70.5151,18.2257],[-70.514,18.2236],[-70.5119,18.2214],[-70.5111,18.2185],[-70.5158,18.2155],[-70.5229,18.2133],[-70.5274,18.2146],[-70.5296,18.2144],[-70.5332,18.2157],[-70.5353,18.2156],[-70.5361,18.2136],[-70.539,18.2141],[-70.5413,18.2133],[-70.5444,18.2134],[-70.5469,18.2127],[-70.549,18.214],[-70.5499,18.2167],[-70.5501,18.2213],[-70.5494,18.2241],[-70.5459,18.2275],[-70.5481,18.2286],[-70.5518,18.2255],[-70.555,18.2234],[-70.5582,18.2219],[-70.5605,18.2193],[-70.5603,18.2185],[-70.5627,18.2141],[-70.5644,18.2119],[-70.5647,18.2092],[-70.5675,18.2096],[-70.5674,18.2077],[-70.5639,18.2041],[-70.5622,18.2036],[-70.5587,18.2037],[-70.557,18.2029],[-70.5536,18.2035],[-70.5523,18.2029],[-70.5491,18.2038],[-70.5422,18.2044],[-70.5378,18.206],[-70.5337,18.2069],[-70.5279,18.2068],[-70.5236,18.2053],[-70.5188,18.1999],[-70.5155,18.1969],[-70.5152,18.1957],[-70.5131,18.1942],[-70.5083,18.1947],[-70.5055,18.193],[-70.5013,18.1929],[-70.4979,18.1943],[-70.4917,18.1957],[-70.4849,18.1986],[-70.4805,18.2],[-70.4736,18.2018],[-70.4714,18.203],[-70.4692,18.2027],[-70.4666,18.2036],[-70.4647,18.2035],[-70.4621,18.2049],[-70.4575,18.2084],[-70.4544,18.2098],[-70.4469,18.2146],[-70.4439,18.2163],[-70.4318,18.2239],[-70.4246,18.2272],[-70.424,18.2284],[-70.4199,18.2299],[-70.4176,18.2295],[-70.4122,18.2308],[-70.4111,18.2303],[-70.4058,18.2329],[-70.3994,18.2356],[-70.3954,18.2369],[-70.3888,18.2373],[-70.3853,18.2368],[-70.3805,18.2351],[-70.375,18.2321],[-70.3716,18.231],[-70.361,18.2304],[-70.3567,18.231],[-70.3523,18.2308],[-70.3446,18.2291],[-70.3379,18.2268],[-70.3348,18.2264],[-70.3242,18.2266],[-70.3203,18.2272],[-70.3182,18.2281],[-70.3128,18.2276],[-70.3101,18.2279],[-70.3049,18.2297],[-70.3027,18.2292],[-70.2989,18.2313],[-70.2927,18.234],[-70.2823,18.2376],[-70.2784,18.238],[-70.275,18.2373],[-70.2666,18.2364],[-70.257,18.2329],[-70.253,18.2304],[-70.246,18.2291],[-70.2426,18.2271],[-70.2377,18.2223],[-70.2364,18.222],[-70.2343,18.2241],[-70.2293,18.2266],[-70.2271,18.2281],[-70.2224,18.23],[-70.2194,18.2318],[-70.2126,18.2347],[-70.2093,18.2354],[-70.2063,18.2349],[-70.2047,18.2334],[-70.2008,18.2324],[-70.1977,18.2312],[-70.1933,18.2287],[-70.1879,18.2287],[-70.1874,18.2316],[-70.1876,18.2346],[-70.1897,18.2368],[-70.1917,18.2398],[-70.1922,18.2432],[-70.1916,18.2452],[-70.1898,18.247],[-70.1888,18.2519],[-70.1896,18.2543],[-70.1896,18.2563],[-70.1893,18.2571],[-70.1866,18.259],[-70.1857,18.2645],[-70.1862,18.2686],[-70.1851,18.2727],[-70.1867,18.2773],[-70.1869,18.2796],[-70.1886,18.2816],[-70.1916,18.2833],[-70.1951,18.2837],[-70.1984,18.2828],[-70.2016,18.2826],[-70.206,18.2847],[-70.2084,18.2886],[-70.2082,18.2929],[-70.2078,18.2957],[-70.2106,18.303],[-70.2123,18.3065],[-70.2169,18.3077],[-70.2183,18.3127],[-70.2197,18.3139],[-70.2262,18.3142],[-70.2281,18.3151],[-70.2287,18.317],[-70.2286,18.3245],[-70.2366,18.3294],[-70.2409,18.3338],[-70.2418,18.3356],[-70.2419,18.3358],[-70.2421,18.338],[-70.2428,18.3424],[-70.2428,18.3426],[-70.2428,18.3428],[-70.2435,18.344],[-70.2436,18.3441],[-70.2458,18.3441],[-70.2474,18.3461],[-70.2478,18.3486],[-70.2481,18.349],[-70.2486,18.3504],[-70.2486,18.3516],[-70.2464,18.3548],[-70.2464,18.3593],[-70.2499,18.3645],[-70.2527,18.3673],[-70.2557,18.367],[-70.2588,18.3654],[-70.2627,18.3626],[-70.2668,18.3588],[-70.2687,18.3581],[-70.2703,18.3584],[-70.2716,18.3608],[-70.272,18.3661],[-70.2722,18.3773],[-70.2738,18.3822],[-70.2756,18.3851],[-70.2784,18.3849],[-70.2812,18.3804],[-70.2827,18.3786],[-70.2846,18.379],[-70.2874,18.383],[-70.2888,18.3862],[-70.2866,18.3883],[-70.2819,18.3893],[-70.2815,18.392],[-70.2803,18.3934],[-70.2805,18.3966],[-70.2776,18.3992],[-70.2775,18.4005],[-70.2788,18.4027],[-70.2782,18.4041],[-70.2754,18.4041],[-70.2698,18.4025],[-70.2632,18.4022],[-70.2611,18.4039],[-70.2594,18.4095],[-70.258,18.4115],[-70.2554,18.4127],[-70.2462,18.4152],[-70.2445,18.4169],[-70.2434,18.4192],[-70.2447,18.4229],[-70.2499,18.4264],[-70.2583,18.4282],[-70.2616,18.4292],[-70.2627,18.4321],[-70.2585,18.4367],[-70.2598,18.4381],[-70.2627,18.437],[-70.2642,18.4375],[-70.2661,18.4399],[-70.2646,18.4419],[-70.2609,18.4437],[-70.2597,18.4464],[-70.2625,18.4465],[-70.265,18.4476],[-70.2662,18.4496],[-70.2658,18.4507],[-70.263,18.4524],[-70.2623,18.4542],[-70.2653,18.4575],[-70.2669,18.4576],[-70.2684,18.4561],[-70.2692,18.4538],[-70.2725,18.4537],[-70.2743,18.4543],[-70.277,18.4567],[-70.2786,18.4592],[-70.2808,18.4588],[-70.2814,18.4572],[-70.2843,18.4562],[-70.2853,18.4535],[-70.2866,18.4538],[-70.2872,18.4563],[-70.29,18.4598],[-70.2918,18.4628],[-70.2908,18.4645],[-70.2887,18.4659],[-70.2896,18.4685],[-70.2872,18.47],[-70.2872,18.4715],[-70.2907,18.4723],[-70.2912,18.4741],[-70.2884,18.4741],[-70.2882,18.4753],[-70.2901,18.4766],[-70.2942,18.4787],[-70.2985,18.478],[-70.3014,18.4788],[-70.3002,18.4821],[-70.3026,18.4836],[-70.302,18.4869],[-70.3057,18.487],[-70.3065,18.4899],[-70.3097,18.4902],[-70.3097,18.4948],[-70.312,18.4951],[-70.3125,18.4936],[-70.3147,18.4928],[-70.3162,18.4935],[-70.3166,18.4941],[-70.3184,18.4938],[-70.3209,18.4965],[-70.3243,18.4966],[-70.3259,18.4978]]]},"properties":{"province_name":"PERAVIA","municipalities":2}},
{"type":"Feature","geometry":{"type":"Polygon","coordinates":[[[-70.3695,19.7104],[-70.3715,19.7124],[-70.3715,19.7135],[-70.3732,19.7157],[-70.3783,19.7243],[-70.3859,19.733],[-70.3886,19.7388],[-70.3929,19.7446],[-70.398,19.7493],[-70.4006,19.7523],[-70.4026,19.7524],[-70.4045,19.7511],[-70.4084,19.7508],[-70.4113,19.7516],[-70.4142,19.754],[-70.4157,19.7566],[-70.4194,19.76],[-70.4205,19.763],[-70.4222,19.7634],[-70.4237,19.7648],[-70.4279,19.766],[-70.4313,19.769],[-70.4344,19.7734],[-70.4385,19.7774],[-70.4421,19.7799],[-70.4454,19.7802],[-70.4485,19.7824],[-70.4521,19.7836],[-70.458,19.7847],[-70.4623,19.7841],[-70.4666,19.7848],[-70.4694,19.7836],[-70.4729,19.7848],[-70.4753,19.7842],[-70.4767,19.7853],[-70.4789,19.7844],[-70.4809,19.785],[-70.4837,19.7847],[-70.487,19.7838],[-70.4887,19.7843],[-70.4916,19.7834],[-70.499,19.7828],[-70.5031,19.7823],[-70.5049,19.781],[-70.5128,19.7788],[-70.5141,19.7773],[-70.5132,19.7753],[-70.5142,19.7715],[-70.5185,19.7678],[-70.5188,19.7637],[-70.5203,19.7631],[-70.52,19.7614],[-70.5174,19.7614],[-70.5172,19.7593],[-70.5176,19.756],[-70.5184,19.7547],[-70.5223,19.7548],[-70.5237,19.7541],[-70.5264,19.755],[-70.528,19.753],[-70.5289,19.756],[-70.5306,19.7565],[-70.5345,19.7564],[-70.5366,19.7555],[-70.5385,19.7556],[-70.5413,19.7567],[-70.5446,19.756],[-70.5475,19.7542],[-70.5491,19.7548],[-70.5499,19.7565],[-70.5532,19.7591],[-70.5552,19.7625],[-70.5579,19.7646],[-70.56,19.7643],[-70.5607,19.7627],[-70.5627,19.762],[-70.5637,19.7641],[-70.5653,19.7647],[-70.5692,19.7634],[-70.5736,19.7599],[-70.5781,19.76],[-70.5802,19.7595],[-70.5818,19.7576],[-70.5853,19.7571],[-70.5871,19.7559],[-70.5912,19.7566],[-70.5943,19.759],[-70.6022,19.7597],[-70.6062,19.761],[-70.6095,19.7633],[-70.6141,19.7659],[-70.6173,19.7672],[-70.6191,19.77],[-70.6215,19.7695],[-70.6236,19.7659],[-70.6273,19.7637],[-70.6303,19.7636],[-70.6327,19.7641],[-70.6352,19.7659],[-70.6381,19.7671],[-70.6378,19.7718],[-70.6387,19.7728],[-70.6417,19.7739],[-70.6445,19.7725],[-70.6477,19.7725],[-70.6505,19.7735],[-70.6541,19.7772],[-70.6575,19.7797],[-70.6578,19.7816],[-70.6597,19.7849],[-70.6653,19.7869],[-70.6675,19.7861],[-70.6692,19.7873],[-70.6708,19.7903],[-70.6725,19.7907],[-70.6763,19.7926],[-70.6777,19.7927],[-70.6804,19.7945],[-70.6828,19.795],[-70.6856,19.7976],[-70.689,19.7986],[-70.6927,19.801],[-70.692,19.8032],[-70.6959,19.8057],[-70.6965,19.8051],[-70.6956,19.8018],[-70.6983,19.8005],[-70.6993,19.7981],[-70.7013,19.798],[-70.705,19.7997],[-70.7064,19.8021],[-70.7058,19.8047],[-70.7031,19.8052],[-70.7026,19.8073],[-70.7057,19.809],[-70.7085,19.8113],[-70.7093,19.8131],[-70.7115,19.8154],[-70.7149,19.8153],[-70.7168,19.8169],[-70.7206,19.8174],[-70.7232,19.8193],[-70.7235,19.8214],[-70.7254,19.8204],[-70.7286,19.8205],[-70.7298,19.8238],[-70.7288,19.8252],[-70.7311,19.8274],[-70.7346,19.8272],[-70.7341,19.8294],[-70.735,19.8308],[-70.7374,19.8303],[-70.7379,19.8331],[-70.7404,19.833],[-70.7445,19.8377],[-70.7489,19.8388],[-70.7526,19.838],[-70.7534,19.8369],[-70.7569,19.838],[-70.7581,19.8367],[-70.7602,19.8369],[-70.7617,19.8353],[-70.7654,19.8346],[-70.7663,19.8357],[-70.7719,19.8366],[-70.7727,19.8338],[-70.7743,19.8316],[-70.7771,19.8291],[-70.7812,19.8289],[-70.7839,19.8312],[-70.7844,19.8336],[-70.7833,19.8352],[-70.7791,19.838],[-70.7776,19.8418],[-70.7817,19.8463],[-70.7841,19.8482],[-70.7856,19.8504],[-70.7855,19.8522],[-70.7876,19.8551],[-70.7901,19.8567],[-70.7907,19.8588],[-70.7951,19.8571],[-70.7972,19.8548],[-70.7983,19.8571],[-70.8011,19.8587],[-70.8022,19.8581],[-70.8036,19.8596],[-70.8017,19.8615],[-70.8059,19.8652],[-70.8022,19.8658],[-70.8019,19.8644],[-70.8001,19.864],[-70.7995,19.8612],[-70.7973,19.8603],[-70.7972,19.8592],[-70.7942,19.859],[-70.7938,19.8597],[-70.795,19.8634],[-70.7972,19.866],[-70.7998,19.8664],[-70.8,19.869],[-70.8027,19.8703],[-70.8029,19.873],[-70.8079,19.8777],[-70.8073,19.8787],[-70.8093,19.8811],[-70.811,19.8815],[-70.8123,19.8828],[-70.8175,19.8832],[-70.8184,19.8824],[-70.8214,19.8831],[-70.8243,19.8825],[-70.8284,19.8851],[-70.8293,19.8869],[-70.8329,19.8889],[-70.8352,19.8889],[-70.838,19.8937],[-70.838,19.8973],[-70.8365,19.8999],[-70.8393,19.9027],[-70.8381,19.9052],[-70.8405,19.9059],[-70.8461,19.9043],[-70.8479,19.9061],[-70.8513,19.906],[-70.8526,19.9067],[-70.854,19.9057],[-70.8565,19.9064],[-70.8603,19.9043],[-70.8608,19.9021],[-70.8621,19.9011],[-70.8639,19.9027],[-70.8658,19.902],[-70.8693,19.9031],[-70.8704,19.905],[-70.8738,19.9057],[-70.8778,19.9035],[-70.8785,19.9003],[-70.8813,19.9001],[-70.8846,19.9019],[-70.8838,19.9033],[-70.8852,19.9047],[-70.8871,19.905],[-70.8885,19.9033],[-70.8926,19.9047],[-70.8952,19.905],[-70.9031,19.9045],[-70.9043,19.9032],[-70.9074,19.9047],[-70.9092,19.9068],[-70.9111,19.9065],[-70.9131,19.9083],[-70.9173,19.908],[-70.9206,19.9098],[-70.9241,19.9132],[-70.9269,19.915],[-70.932,19.9159],[-70.9337,19.9154],[-70.9365,19.9127],[-70.9402,19.9072],[-70.9412,19.9026],[-70.94,19.8998],[-70.9379,19.9],[-70.9357,19.899],[-70.9344,19.8975],[-70.9314,19.8965],[-70.9309,19.8956],[-70.9314,19.8922],[-70.9341,19.8905],[-70.933,19.8941],[-70.9335,19.8958],[-70.9372,19.8932],[-70.9422,19.8959],[-70.9409,19.8972],[-70.9418,19.8997],[-70.9439,19.9013],[-70.9455,19.8995],[-70.9509,19.8981],[-70.9524,19.8973],[-70.9531,19.8949],[-70.9548,19.894],[-70.9574,19.8961],[-70.9589,19.8963],[-70.9568,19.9],[-70.9548,19.8993],[-70.9522,19.9023],[-70.9485,19.902],[-70.9467,19.9011],[-70.944,19.9023],[-70.9425,19.9052],[-70.9443,19.9076],[-70.9489,19.9095],[-70.9554,19.9136],[-70.9569,19.9138],[-70.9626,19.9164],[-70.9673,19.9167],[-70.9725,19.9206],[-70.976,19.9216],[-70.983,19.9269],[-70.9867,19.9284],[-70.9889,19.93],[-70.9929,19.9303],[-70.9952,19.9314],[-71.0013,19.9321],[-71.0064,19.9306],[-71.0068,19.9314],[-71.0133,19.9317],[-71.0144,19.9313],[-71.0223,19.9313],[-71.0257,19.9306],[-71.0287,19.9284],[-71.0317,19.9286],[-71.0345,19.9279],[-71.0367,19.9264],[-71.0394,19.926],[-71.0415,19.9236],[-71.0448,19.9223],[-71.0493,19.922],[-71.0507,19.9208],[-71.0539,19.9205],[-71.0599,19.9189],[-71.0619,19.9179],[-71.0643,19.9105],[-71.0663,19.9113],[-71.0683,19.9105],[-71.0698,19.9087],[-71.0747,19.9069],[-71.0771,19.9046],[-71.0789,19.9011],[-71.0817,19.9003],[-71.0861,19.8963],[-71.0831,19.8954],[-71.0819,19.8939],[-71.0813,19.8897],[-71.0815,19.8872],[-71.0797,19.8844],[-71.0833,19.8793],[-71.0886,19.8748],[-71.0996,19.8688],[-71.106,19.8665],[-71.1157,19.8656],[-71.122,19.8638],[-71.1244,19.8636],[-71.1263,19.8622],[-71.1279,19.8621],[-71.1321,19.8566],[-71.1357,19.8562],[-71.1376,19.857],[-71.1423,19.8573],[-71.1473,19.8588],[-71.1507,19.8587],[-71.153,19.858],[-71.1561,19.8586],[-71.1594,19.8601],[-71.1608,19.8614],[-71.1644,19.8629],[-71.1697,19.8627],[-71.1718,19.8611],[-71.1721,19.858],[-71.1742,19.8569],[-71.1778,19.8573],[-71.1783,19.8566],[-71.1748,19.8527],[-71.1703,19.8557],[-71.1698,19.8566],[-71.17,19.8602],[-71.1683,19.861],[-71.1634,19.861],[-71.1619,19.8606],[-71.1567,19.8572],[-71.1528,19.8568],[-71.1498,19.8573],[-71.1471,19.857],[-71.1457,19.8553],[-71.1388,19.8552],[-71.1353,19.8537],[-71.1315,19.8555],[-71.1289,19.8581],[-71.1277,19.8557],[-71.125,19.8536],[-71.1174,19.8578],[-71.1156,19.8546],[-71.1178,19.8543],[-71.1187,19.8517],[-71.1203,19.8514],[-71.1223,19.8525],[-71.1245,19.8501],[-71.1282,19.8521],[-71.1271,19.853],[-71.1276,19.8546],[-71.1303,19.8557],[-71.135,19.8507],[-71.1397,19.8517],[-71.1439,19.8521],[-71.1496,19.852],[-71.1517,19.8525],[-71.1567,19.8522],[-71.158,19.8532],[-71.165,19.8544],[-71.1655,19.8493],[-71.1652,19.8465],[-71.1674,19.8466],[-71.1715,19.8445],[-71.1714,19.8428],[-71.1728,19.8411],[-71.1727,19.8392],[-71.1767,19.8358],[-71.1821,19.8346],[-71.1825,19.8365],[-71.184,19.8382],[-71.1875,19.8375],[-71.1896,19.8398],[-71.191,19.8438],[-71.1886,19.8456],[-71.1859,19.8429],[-71.179,19.8409],[-71.1753,19.841],[-71.1746,19.8451],[-71.1748,19.8504],[-71.1771,19.8515],[-71.1779,19.854],[-71.1817,19.8526],[-71.1847,19.8528],[-71.1863,19.854],[-71.1855,19.8564],[-71.1877,19.857],[-71.1874,19.8551],[-71.1896,19.8552],[-71.1926,19.8572],[-71.194,19.861],[-71.1967,19.8626],[-71.1992,19.8634],[-71.2034,19.8657],[-71.2097,19.8697],[-71.2114,19.8682],[-71.2126,19.8618],[-71.2108,19.8609],[-71.2101,19.8579],[-71.2128,19.8569],[-71.2131,19.8541],[-71.2143,19.8523],[-71.2146,19.8496],[-71.2138,19.8476],[-71.2133,19.843],[-71.2141,19.8407],[-71.2161,19.8382],[-71.221,19.8378],[-71.2266,19.8344],[-71.2292,19.8342],[-71.2308,19.8348],[-71.2355,19.8331],[-71.2368,19.8344],[-71.2407,19.8337],[-71.2415,19.8324],[-71.2444,19.8302],[-71.246,19.8306],[-71.2498,19.8287],[-71.2562,19.8307],[-71.2567,19.8296],[-71.2569,19.829],[-71.2539,19.8214],[-71.2507,19.817],[-71.2501,19.815],[-71.2478,19.8131],[-71.2451,19.8126],[-71.237,19.8126],[-71.2362,19.8111],[-71.2338,19.8102],[-71.2337,19.8085],[-71.235,19.806],[-71.2387,19.8035],[-71.2413,19.8036],[-71.2434,19.8005],[-71.241,19.7966],[-71.2348,19.7901],[-71.2318,19.7889],[-71.2293,19.7862],[-71.224,19.7854],[-71.2205,19.7833],[-71.2165,19.7833],[-71.2125,19.7808],[-71.209,19.7777],[-71.2059,19.7767],[-71.2016,19.7767],[-71.1979,19.7731],[-71.1936,19.771],[-71.1918,19.7711],[-71.189,19.7695],[-71.1868,19.7699],[-71.1855,19.7711],[-71.183,19.771],[-71.1774,19.7682],[-71.1643,19.7667],[-71.1567,19.7664],[-71.1487,19.7651],[-71.134,19.7638],[-71.1307,19.7624],[-71.131,19.7591],[-71.1327,19.7575],[-71.1321,19.7559],[-71.1283,19.7567],[-71.1248,19.756],[-71.1212,19.7565],[-71.1182,19.7527],[-71.1136,19.7529],[-71.1078,19.7501],[-71.1058,19.7486],[-71.1019,19.7471],[-71.1,19.7457],[-71.0969,19.7443],[-71.0957,19.7429],[-71.0921,19.7422],[-71.0873,19.7421],[-71.0767,19.7381],[-71.0738,19.7381],[-71.0703,19.7359],[-71.0702,19.7304],[-71.0709,19.7283],[-71.0703,19.7266],[-71.0681,19.7242],[-71.0637,19.722],[-71.0573,19.7195],[-71.0463,19.7169],[-71.0383,19.7138],[-71.0322,19.7128],[-71.0275,19.7114],[-71.0247,19.711],[-71.023,19.7116],[-71.0197,19.7096],[-71.0172,19.7102],[-71.014,19.7098],[-71.0104,19.7107],[-71.0068,19.7104],[-71.0009,19.7131],[-70.9964,19.7098],[-70.9966,19.7062],[-70.9927,19.7054],[-70.9906,19.7059],[-70.9876,19.7055],[-70.9844,19.7059],[-70.9834,19.7039],[-70.9842,19.7021],[-70.9819,19.6997],[-70.9767,19.6929],[-70.9716,19.6896],[-70.9694,19.6888],[-70.9685,19.6874],[-70.9636,19.6833],[-70.9627,19.6822],[-70.9588,19.6807],[-70.9557,19.678],[-70.9537,19.677],[-70.9525,19.6751],[-70.9513,19.6748],[-70.9493,19.6759],[-70.9478,19.6739],[-70.9434,19.6724],[-70.9415,19.674],[-70.9391,19.6741],[-70.9373,19.6716],[-70.9346,19.6711],[-70.932,19.6694],[-70.9309,19.6674],[-70.9277,19.6673],[-70.9255,19.6658],[-70.9252,19.6639],[-70.9236,19.6636],[-70.9231,19.6616],[-70.9199,19.6565],[-70.9176,19.6563],[-70.9139,19.6553],[-70.9117,19.6528],[-70.908,19.6534],[-70.9064,19.6524],[-70.9041,19.6526],[-70.9016,19.654],[-70.899,19.6529],[-70.8958,19.6531],[-70.8943,19.6539],[-70.891,19.6543],[-70.8903,19.655],[-70.8862,19.6558],[-70.885,19.6575],[-70.8813,19.6559],[-70.8817,19.6548],[-70.88,19.6523],[-70.8775,19.6507],[-70.8711,19.6502],[-70.8675,19.6502],[-70.8646,19.6487],[-70.8633,19.6474],[-70.8609,19.6465],[-70.8588,19.6446],[-70.8552,19.6446],[-70.8546,19.6429],[-70.8515,19.6418],[-70.8486,19.6433],[-70.8464,19.643],[-70.8419,19.6399],[-70.8413,19.6386],[-70.8392,19.6391],[-70.8367,19.6379],[-70.8339,19.6377],[-70.832,19.6364],[-70.8279,19.6358],[-70.8262,19.632],[-70.8243,19.6317],[-70.8204,19.6266],[-70.8193,19.626],[-70.8164,19.6301],[-70.8188,19.6345],[-70.8165,19.6362],[-70.8128,19.6354],[-70.8069,19.6331],[-70.8033,19.6311],[-70.8018,19.6311],[-70.7913,19.6243],[-70.7897,19.6227],[-70.7869,19.6226],[-70.7876,19.62],[-70.7841,19.6193],[-70.7846,19.6171],[-70.7805,19.6127],[-70.7779,19.6112],[-70.7768,19.61],[-70.7739,19.6031],[-70.7736,19.6008],[-70.7653,19.5982],[-70.7614,19.5991],[-70.7584,19.5985],[-70.7557,19.5972],[-70.7538,19.5934],[-70.7521,19.5844],[-70.7503,19.5815],[-70.7486,19.5805],[-70.7456,19.5806],[-70.7409,19.5826],[-70.7366,19.5854],[-70.7347,19.5859],[-70.732,19.5888],[-70.7256,19.5908],[-70.7196,19.5933],[-70.7154,19.5957],[-70.7115,19.5973],[-70.7096,19.5993],[-70.7089,19.6018],[-70.7078,19.6083],[-70.7056,19.611],[-70.7054,19.614],[-70.7081,19.6197],[-70.7098,19.6207],[-70.7124,19.624],[-70.713,19.6278],[-70.7095,19.635],[-70.7104,19.6385],[-70.7116,19.6407],[-70.7112,19.6437],[-70.7103,19.645],[-70.708,19.6463],[-70.7052,19.65],[-70.7028,19.6509],[-70.7001,19.6506],[-70.6971,19.6495],[-70.6955,19.6479],[-70.6884,19.6466],[-70.6867,19.6423],[-70.685,19.6395],[-70.6857,19.6373],[-70.6851,19.6339],[-70.683,19.6289],[-70.68,19.6265],[-70.6741,19.626],[-70.6719,19.6262],[-70.6675,19.6247],[-70.6657,19.6228],[-70.6625,19.6225],[-70.6582,19.623],[-70.654,19.6226],[-70.6465,19.6211],[-70.6407,19.6181],[-70.6403,19.6173],[-70.6364,19.6158],[-70.6353,19.6113],[-70.6321,19.6095],[-70.6309,19.6083],[-70.6348,19.6057],[-70.6352,19.6017],[-70.6343,19.5993],[-70.6322,19.5969],[-70.6324,19.5923],[-70.6308,19.5896],[-70.6302,19.5855],[-70.6309,19.5837],[-70.6304,19.5792],[-70.6311,19.5767],[-70.6347,19.572],[-70.6331,19.5706],[-70.6328,19.5671],[-70.6306,19.5662],[-70.6291,19.564],[-70.627,19.5623],[-70.6268,19.5602],[-70.6274,19.5556],[-70.6287,19.5537],[-70.6268,19.5507],[-70.6249,19.5498],[-70.618,19.5455],[-70.6152,19.5453],[-70.6117,19.5462],[-70.6074,19.5458],[-70.6007,19.5457],[-70.5952,19.546],[-70.5919,19.5448],[-70.5875,19.5426],[-70.5854,19.5422],[-70.5822,19.5431],[-70.578,19.5454],[-70.5753,19.5452],[-70.5732,19.5438],[-70.5725,19.5421],[-70.5754,19.5397],[-70.5744,19.5365],[-70.5756,19.5342],[-70.5712,19.5329],[-70.5668,19.5309],[-70.561,19.5262],[-70.5564,19.5244],[-70.5495,19.5201],[-70.5456,19.5171],[-70.537,19.5122],[-70.536,19.5124],[-70.5371,19.5163],[-70.5397,19.521],[-70.5399,19.5245],[-70.539,19.5254],[-70.5361,19.5262],[-70.5342,19.5281],[-70.5349,19.5311],[-70.5336,19.5356],[-70.5339,19.5379],[-70.5367,19.5438],[-70.5349,19.5465],[-70.5345,19.5483],[-70.5347,19.5524],[-70.5364,19.5598],[-70.5366,19.5625],[-70.5341,19.5686],[-70.5287,19.5719],[-70.5239,19.5734],[-70.5206,19.5775],[-70.5156,19.5797],[-70.5148,19.578],[-70.5152,19.5753],[-70.5166,19.5741],[-70.5133,19.571],[-70.5089,19.5681],[-70.5063,19.5684],[-70.5048,19.5674],[-70.5062,19.5652],[-70.5055,19.5643],[-70.5059,19.5616],[-70.505,19.5607],[-70.5047,19.5571],[-70.5065,19.5541],[-70.5068,19.5519],[-70.5037,19.5493],[-70.4992,19.5482],[-70.4965,19.5497],[-70.4955,19.5537],[-70.4897,19.5668],[-70.4891,19.5691],[-70.4889,19.5734],[-70.4907,19.5787],[-70.4939,19.5844],[-70.4952,19.5889],[-70.4956,19.5938],[-70.4963,19.5961],[-70.4991,19.5996],[-70.5048,19.605],[-70.5067,19.6072],[-70.5074,19.6098],[-70.5075,19.6136],[-70.5062,19.6161],[-70.502,19.6187],[-70.5005,19.6218],[-70.4997,19.6336],[-70.5002,19.6393],[-70.4996,19.6456],[-70.5002,19.6481],[-70.5023,19.6532],[-70.5021,19.6591],[-70.5003,19.661],[-70.4974,19.6601],[-70.4944,19.6622],[-70.494,19.6595],[-70.4923,19.6588],[-70.4893,19.6588],[-70.4872,19.6581],[-70.486,19.6603],[-70.4843,19.66],[-70.4827,19.6576],[-70.4799,19.6575],[-70.4774,19.6601],[-70.4758,19.6609],[-70.4729,19.6595],[-70.4752,19.6576],[-70.4735,19.6552],[-70.47,19.6559],[-70.4669,19.6585],[-70.4679,19.6604],[-70.4655,19.6606],[-70.4628,19.6582],[-70.4643,19.654],[-70.4623,19.6531],[-70.4601,19.6533],[-70.4579,19.6544],[-70.4576,19.6583],[-70.4609,19.6621],[-70.4562,19.6646],[-70.454,19.663],[-70.4502,19.6612],[-70.4485,19.6596],[-70.4466,19.6615],[-70.4466,19.663],[-70.4439,19.6645],[-70.4412,19.6636],[-70.4386,19.6645],[-70.4369,19.6675],[-70.4354,19.6686],[-70.4329,19.6683],[-70.4354,19.6662],[-70.4346,19.6649],[-70.4315,19.6647],[-70.4297,19.663],[-70.4254,19.6576],[-70.4257,19.6565],[-70.4219,19.6542],[-70.4174,19.6544],[-70.4158,19.6536],[-70.4141,19.6547],[-70.4098,19.6562],[-70.4095,19.6571],[-70.4143,19.6601],[-70.4136,19.6621],[-70.4105,19.6636],[-70.4077,19.6602],[-70.4052,19.6603],[-70.4033,19.6583],[-70.4014,19.6579],[-70.4007,19.6594],[-70.4043,19.6643],[-70.402,19.666],[-70.3992,19.6635],[-70.3965,19.6569],[-70.395,19.6563],[-70.3918,19.6572],[-70.3892,19.6571],[-70.3884,19.66],[-70.3896,19.6607],[-70.3932,19.6599],[-70.3954,19.6639],[-70.398,19.665],[-70.3962,19.6679],[-70.3884,19.6713],[-70.3838,19.6715],[-70.3782,19.6706],[-70.3741,19.6719],[-70.3703,19.675],[-70.3679,19.6759],[-70.3674,19.6771],[-70.3709,19.683],[-70.3735,19.6848],[-70.3743,19.6881],[-70.3755,19.6911],[-70.3755,19.6953],[-70.3766,19.6962],[-70.3809,19.6966],[-70.381,19.6976],[-70.3771,19.7025],[-70.3746,19.7026],[-70.373,19.701],[-70.3713,19.7006],[-70.3703,19.7023],[-70.3721,19.706],[-70.3723,19.7084],[-70.3764,19.7116],[-70.3765,19.7132],[-70.3751,19.714],[-70.3695,19.7104]],[[-71.1243,19.8585],[-71.1223,19.8592],[-71.1204,19.8607],[-71.1175,19.8602],[-71.1174,19.859],[-71.1218,19.857],[-71.1218,19.8561],[-71.1264,19.856],[-71.1265,19.8576],[-71.1243,19.8585]]]},"properties":{"province_name":"PUERTO PLATA","municipalities":9}},
{"type":"Feature","geometry":{"type":"Polygon","coordinates":[[[-70.2539,19.5227],[-70.2544,19.5239],[-70.2564,19.524],[-70.2639,19.5262],[-70.2712,19.5303],[-70.279,19.5311],[-70.2833,19.5309],[-70.2863,19.5322],[-70.2905,19.5364],[-70.292,19.544],[-70.2936,19.5471],[-70.2963,19.5488],[-70.2987,19.5548],[-70.301,19.5561],[-70.3052,19.5592],[-70.3087,19.5605],[-70.3123,19.5622],[-70.3165,19.5597],[-70.3152,19.5584],[-70.3199,19.5564],[-70.3238,19.5551],[-70.3256,19.5552],[-70.3285,19.5538],[-70.3308,19.5536],[-70.3359,19.5525],[-70.339,19.5494],[-70.3397,19.5387],[-70.3409,19.534],[-70.3414,19.5267],[-70.3419,19.5222],[-70.3456,19.519],[-70.3489,19.5194],[-70.3545,19.5194],[-70.3565,19.5204],[-70.3561,19.5227],[-70.3578,19.5232],[-70.3613,19.5252],[-70.3612,19.5289],[-70.364,19.5284],[-70.364,19.5324],[-70.3665,19.5335],[-70.3716,19.533],[-70.3727,19.534],[-70.3731,19.5373],[-70.3756,19.5359],[-70.3828,19.5365],[-70.3854,19.5361],[-70.3864,19.535],[-70.3882,19.5362],[-70.3891,19.5379],[-70.3925,19.5405],[-70.3994,19.5411],[-70.4007,19.5441],[-70.4024,19.5449],[-70.4036,19.5466],[-70.4039,19.5487],[-70.4065,19.5506],[-70.4119,19.5575],[-70.4133,19.5575],[-70.4178,19.5531],[-70.4197,19.5539],[-70.4187,19.5489],[-70.4193,19.5475],[-70.4182,19.5457],[-70.4182,19.5421],[-70.421,19.5404],[-70.4208,19.5372],[-70.425,19.5371],[-70.4273,19.5364],[-70.4287,19.5344],[-70.4307,19.5337],[-70.4319,19.523],[-70.4325,19.5201],[-70.4344,19.5154],[-70.4363,19.5135],[-70.4375,19.5099],[-70.44,19.5086],[-70.4427,19.5061],[-70.4418,19.501],[-70.4389,19.4997],[-70.4373,19.4962],[-70.4378,19.492],[-70.4352,19.4903],[-70.4356,19.4877],[-70.4344,19.4858],[-70.432,19.484],[-70.4265,19.483],[-70.4249,19.4795],[-70.427,19.4797],[-70.4276,19.4763],[-70.4292,19.4753],[-70.4306,19.4712],[-70.4291,19.4669],[-70.4282,19.4663],[-70.425,19.4612],[-70.4244,19.4593],[-70.4248,19.4544],[-70.4239,19.4527],[-70.4238,19.4471],[-70.4256,19.4452],[-70.4291,19.4398],[-70.4323,19.438],[-70.4334,19.4362],[-70.4322,19.4344],[-70.434,19.4324],[-70.4331,19.4302],[-70.4334,19.4287],[-70.4307,19.4259],[-70.4307,19.4243],[-70.4321,19.4226],[-70.4333,19.4151],[-70.4379,19.4124],[-70.4395,19.4104],[-70.4386,19.408],[-70.4413,19.405],[-70.4429,19.4041],[-70.4431,19.3999],[-70.4462,19.3948],[-70.4459,19.3927],[-70.4438,19.3905],[-70.4434,19.3876],[-70.4459,19.3825],[-70.4479,19.38],[-70.4495,19.3757],[-70.449,19.3725],[-70.4502,19.3703],[-70.4529,19.3704],[-70.4524,19.3675],[-70.4535,19.3643],[-70.4563,19.3626],[-70.4569,19.3589],[-70.4561,19.3568],[-70.456,19.3517],[-70.4545,19.3479],[-70.4564,19.348],[-70.4572,19.3448],[-70.4558,19.3443],[-70.4537,19.3419],[-70.4504,19.3419],[-70.4478,19.341],[-70.4466,19.3373],[-70.4451,19.3362],[-70.4468,19.3342],[-70.4464,19.3311],[-70.4424,19.3272],[-70.4415,19.3245],[-70.4381,19.3228],[-70.4373,19.3192],[-70.4358,19.3182],[-70.4355,19.3159],[-70.4342,19.3149],[-70.4335,19.3122],[-70.4345,19.309],[-70.4391,19.3079],[-70.4394,19.3029],[-70.4328,19.3],[-70.4346,19.297],[-70.4301,19.2917],[-70.4272,19.2896],[-70.4215,19.286],[-70.4219,19.2826],[-70.4213,19.2805],[-70.4183,19.2789],[-70.4157,19.2765],[-70.4161,19.2747],[-70.4137,19.2736],[-70.4135,19.2722],[-70.4163,19.2636],[-70.4163,19.2622],[-70.4145,19.2599],[-70.4127,19.2588],[-70.4124,19.2535],[-70.4104,19.2505],[-70.4114,19.2467],[-70.4104,19.2431],[-70.4106,19.2403],[-70.4099,19.2333],[-70.4084,19.2299],[-70.4014,19.2295],[-70.387,19.2319],[-70.3826,19.2317],[-70.3604,19.2317],[-70.3616,19.2336],[-70.3598,19.2342],[-70.3604,19.237],[-70.3598,19.2395],[-70.3616,19.239],[-70.3614,19.2418],[-70.3637,19.2457],[-70.3682,19.248],[-70.3677,19.2516],[-70.3709,19.2533],[-70.371,19.2545],[-70.3688,19.2563],[-70.3707,19.2588],[-70.3683,19.2603],[-70.3694,19.2627],[-70.3672,19.2656],[-70.3681,19.2714],[-70.3664,19.2736],[-70.367,19.2754],[-70.365,19.2774],[-70.3624,19.2779],[-70.3617,19.281],[-70.3577,19.2835],[-70.3557,19.2823],[-70.3534,19.2853],[-70.3522,19.2854],[-70.3517,19.2891],[-70.3509,19.291],[-70.348,19.292],[-70.3461,19.2956],[-70.3441,19.297],[-70.3435,19.2986],[-70.3465,19.3013],[-70.3438,19.3018],[-70.3444,19.3048],[-70.3466,19.3064],[-70.3464,19.3088],[-70.3445,19.3094],[-70.3437,19.3111],[-70.3466,19.3114],[-70.3484,19.3162],[-70.3483,19.319],[-70.349,19.3202],[-70.3478,19.3233],[-70.3479,19.3254],[-70.3454,19.3304],[-70.3463,19.3319],[-70.351,19.3331],[-70.353,19.3348],[-70.3524,19.3383],[-70.3533,19.3409],[-70.351,19.3416],[-70.3494,19.3434],[-70.347,19.3438],[-70.3446,19.3426],[-70.3433,19.3405],[-70.341,19.3381],[-70.3396,19.3354],[-70.3386,19.3373],[-70.3399,19.3404],[-70.3392,19.344],[-70.3366,19.3486],[-70.3362,19.351],[-70.3333,19.3556],[-70.3318,19.359],[-70.3281,19.3627],[-70.3261,19.3659],[-70.3284,19.3702],[-70.3281,19.3731],[-70.3292,19.3743],[-70.3281,19.3756],[-70.3263,19.3762],[-70.3241,19.3782],[-70.3223,19.3864],[-70.3247,19.3917],[-70.3225,19.3959],[-70.3196,19.3963],[-70.3163,19.396],[-70.3146,19.3967],[-70.312,19.3996],[-70.308,19.4057],[-70.3081,19.4084],[-70.3075,19.4103],[-70.3056,19.4114],[-70.3036,19.414],[-70.3016,19.4135],[-70.3011,19.416],[-70.2956,19.4183],[-70.2941,19.4201],[-70.2937,19.4238],[-70.2917,19.4267],[-70.2894,19.4267],[-70.2859,19.4286],[-70.2841,19.4286],[-70.2843,19.431],[-70.2819,19.4325],[-70.2799,19.4317],[-70.2791,19.4335],[-70.28,19.4351],[-70.2799,19.4379],[-70.2805,19.4406],[-70.2802,19.443],[-70.2773,19.4444],[-70.2756,19.4464],[-70.2718,19.4472],[-70.2683,19.4465],[-70.266,19.448],[-70.2645,19.4458],[-70.2625,19.4454],[-70.2604,19.4463],[-70.2584,19.4487],[-70.261,19.4533],[-70.2603,19.4547],[-70.2633,19.4551],[-70.2657,19.4577],[-70.2668,19.4557],[-70.2688,19.4551],[-70.2719,19.4553],[-70.2738,19.4507],[-70.2784,19.4498],[-70.2805,19.4517],[-70.2832,19.4526],[-70.2823,19.457],[-70.2835,19.4588],[-70.2882,19.4579],[-70.2936,19.4595],[-70.2948,19.4616],[-70.2927,19.4627],[-70.2914,19.4644],[-70.2893,19.465],[-70.2881,19.4665],[-70.2894,19.4684],[-70.2923,19.469],[-70.293,19.4723],[-70.2925,19.4739],[-70.2954,19.4779],[-70.2952,19.4823],[-70.2936,19.4832],[-70.2907,19.4862],[-70.2864,19.4888],[-70.2811,19.4907],[-70.2759,19.4889],[-70.2734,19.486],[-70.2714,19.4853],[-70.2696,19.4861],[-70.2668,19.4861],[-70.2632,19.4868],[-70.2603,19.4864],[-70.2579,19.4868],[-70.255,19.4902],[-70.2531,19.4955],[-70.2505,19.4968],[-70.2497,19.5],[-70.2511,19.5032],[-70.2488,19.507],[-70.25,19.5107],[-70.2493,19.5128],[-70.2479,19.5139],[-70.2482,19.5161],[-70.2516,19.5185],[-70.2534,19.5205],[-70.2539,19.5227]]]},"properties":{"province_name":"HERMANAS MIRABAL","municipalities":3}},
{"type":"Feature","geometry":{"type":"MultiPolygon","coordinates":[[[[-69.2786,19.1687],[-69.2808,19.1681],[-69.2801,19.1663],[-69.2786,19.1664],[-69.2748,19.164],[-69.2719,19.1661],[-69.2749,19.1679],[-69.2786,19.1687]]],[[[-69.702,19.0684],[-69.701,19.0625],[-69.7019,19.0587],[-69.7019,19.0522],[-69.7005,19.0485],[-69.6962,19.0425],[-69.6936,19.0397],[-69.6897,19.0367],[-69.68,19.0335],[-69.6757,19.0311],[-69.6717,19.027],[-69.6685,19.0219],[-69.6648,19.017],[-69.6635,19.0131],[-69.6605,19.0126],[-69.6531,19.0099],[-69.6499,19.0079],[-69.6452,19.0043],[-69.6368,18.9985],[-69.6334,18.9963],[-69.6286,18.9938],[-69.6243,18.9922],[-69.6139,19.0369],[-69.6044,19.0775],[-69.6041,19.0794],[-69.6069,19.0789],[-69.6093,19.0798],[-69.6103,19.0812],[-69.6144,19.0817],[-69.617,19.0815],[-69.6204,19.0775],[-69.6204,19.0814],[-69.6225,19.083],[-69.6248,19.0827],[-69.6269,19.0815],[-69.6288,19.0832],[-69.6309,19.0862],[-69.632,19.0886],[-69.6319,19.09],[-69.6341,19.0914],[-69.6349,19.0946],[-69.637,19.0974],[-69.6392,19.0987],[-69.6336,19.0997],[-69.6332,19.1029],[-69.6318,19.1037],[-69.6325,19.1063],[-69.6336,19.1078],[-69.6355,19.1087],[-69.6333,19.1118],[-69.6337,19.1141],[-69.6358,19.1175],[-69.6364,19.1245],[-69.6376,19.128],[-69.6376,19.1307],[-69.6363,19.133],[-69.6366,19.1356],[-69.6375,19.1368],[-69.636,19.1452],[-69.635,19.1476],[-69.6336,19.1561],[-69.6314,19.1659],[-69.6288,19.1711],[-69.6266,19.1802],[-69.6262,19.1857],[-69.6257,19.1884],[-69.6254,19.1931],[-69.626,19.196],[-69.628,19.1979],[-69.6239,19.1979],[-69.6235,19.1997],[-69.6251,19.2008],[-69.6249,19.2029],[-69.625,19.2088],[-69.6244,19.2132],[-69.6254,19.2156],[-69.6277,19.2177],[-69.6266,19.2209],[-69.6228,19.2244],[-69.6199,19.225],[-69.619,19.2261],[-69.616,19.2252],[-69.6093,19.2255],[-69.6028,19.224],[-69.5977,19.2211],[-69.5918,19.2189],[-69.5912,19.2168],[-69.5888,19.2168],[-69.5848,19.219],[-69.5822,19.219],[-69.5786,19.218],[-69.5777,19.2159],[-69.5762,19.2154],[-69.5737,19.2163],[-69.5731,19.2148],[-69.5716,19.2148],[-69.5692,19.2161],[-69.5671,19.2142],[-69.5641,19.2152],[-69.5611,19.2132],[-69.557,19.2134],[-69.5547,19.2115],[-69.5533,19.2126],[-69.5481,19.2117],[-69.5476,19.2128],[-69.5452,19.2138],[-69.5434,19.2129],[-69.5421,19.2144],[-69.5395,19.2131],[-69.5365,19.2132],[-69.5336,19.2109],[-69.5319,19.2126],[-69.5297,19.2129],[-69.5287,19.2138],[-69.5241,19.2133],[-69.5207,19.2112],[-69.5175,19.2118],[-69.5146,19.2104],[-69.513,19.2083],[-69.5103,19.2109],[-69.5086,19.2113],[-69.5059,19.2129],[-69.5032,19.2128],[-69.4974,19.2072],[-69.4948,19.2068],[-69.4931,19.2082],[-69.4908,19.2084],[-69.4876,19.2061],[-69.4831,19.2067],[-69.4806,19.2083],[-69.476,19.2082],[-69.4748,19.2075],[-69.4722,19.2077],[-69.4662,19.2056],[-69.4631,19.2041],[-69.4606,19.2023],[-69.4576,19.2024],[-69.4547,19.2034],[-69.4536,19.2027],[-69.4509,19.203],[-69.4481,19.2011],[-69.4471,19.2015],[-69.4412,19.1999],[-69.4369,19.1972],[-69.4328,19.1909],[-69.431,19.1904],[-69.4288,19.1927],[-69.4264,19.1938],[-69.4223,19.1924],[-69.4176,19.1934],[-69.4162,19.1933],[-69.416,19.1911],[-69.4139,19.1872],[-69.4102,19.1858],[-69.4079,19.1857],[-69.4076,19.1899],[-69.4069,19.1915],[-69.4034,19.1948],[-69.4011,19.1954],[-69.3992,19.1943],[-69.3959,19.1958],[-69.3925,19.1962],[-69.3907,19.1945],[-69.3891,19.1953],[-69.3877,19.1939],[-69.3855,19.1957],[-69.38,19.1946],[-69.3771,19.1959],[-69.373,19.1967],[-69.3683,19.1968],[-69.3611,19.1956],[-69.3595,19.1949],[-69.3516,19.1948],[-69.3476,19.1937],[-69.346,19.1944],[-69.3443,19.1934],[-69.3428,19.1945],[-69.3409,19.1931],[-69.3395,19.1965],[-69.3374,19.1956],[-69.3356,19.197],[-69.3363,19.2015],[-69.334,19.2023],[-69.3303,19.2023],[-69.329,19.2015],[-69.3259,19.2014],[-69.3238,19.1991],[-69.3199,19.198],[-69.3169,19.1952],[-69.3138,19.1934],[-69.3118,19.1964],[-69.3106,19.1971],[-69.3075,19.1968],[-69.3048,19.1941],[-69.3023,19.1922],[-69.3016,19.1909],[-69.2975,19.1906],[-69.2968,19.1934],[-69.2948,19.1949],[-69.2903,19.1935],[-69.2847,19.1908],[-69.2824,19.1891],[-69.2781,19.1842],[-69.2753,19.1855],[-69.2736,19.1855],[-69.2711,19.1836],[-69.2687,19.1843],[-69.2658,19.1833],[-69.2626,19.1837],[-69.2608,19.1832],[-69.2579,19.1841],[-69.2563,19.183],[-69.257,19.1816],[-69.2548,19.1806],[-69.2525,19.1829],[-69.2504,19.1817],[-69.2455,19.1824],[-69.2432,19.1823],[-69.2416,19.1809],[-69.2389,19.1806],[-69.2381,19.1814],[-69.2338,19.1814],[-69.2326,19.1799],[-69.2305,19.1805],[-69.2286,19.18],[-69.2243,19.1823],[-69.2229,19.1822],[-69.221,19.1839],[-69.2205,19.1855],[-69.2189,19.1866],[-69.2194,19.1889],[-69.221,19.1893],[-69.2223,19.1909],[-69.2194,19.194],[-69.2184,19.198],[-69.2153,19.1991],[-69.2156,19.2018],[-69.217,19.2051],[-69.2151,19.2102],[-69.2169,19.2131],[-69.2146,19.2155],[-69.213,19.2196],[-69.2117,19.2203],[-69.2116,19.2233],[-69.2095,19.2276],[-69.21,19.231],[-69.208,19.2313],[-69.2072,19.2334],[-69.2041,19.2346],[-69.1961,19.2398],[-69.1944,19.2417],[-69.1916,19.2434],[-69.1927,19.245],[-69.1909,19.246],[-69.1876,19.2492],[-69.1861,19.2491],[-69.1836,19.2516],[-69.181,19.2527],[-69.1746,19.2576],[-69.1716,19.2586],[-69.1664,19.2618],[-69.1667,19.264],[-69.1645,19.2641],[-69.1628,19.2657],[-69.1614,19.2698],[-69.1601,19.2704],[-69.1574,19.2748],[-69.1547,19.2782],[-69.1522,19.2848],[-69.1511,19.2895],[-69.1512,19.2922],[-69.1491,19.2959],[-69.1503,19.2965],[-69.1491,19.2991],[-69.1516,19.3025],[-69.1562,19.3022],[-69.1581,19.3013],[-69.1617,19.3017],[-69.1624,19.3043],[-69.1637,19.3051],[-69.1663,19.3044],[-69.1703,19.3042],[-69.1723,19.301],[-69.1739,19.3005],[-69.1799,19.2998],[-69.1813,19.2961],[-69.1852,19.295],[-69.1854,19.293],[-69.187,19.2923],[-69.1898,19.2945],[-69.1918,19.2927],[-69.1969,19.2929],[-69.2019,19.2955],[-69.2049,19.2958],[-69.2049,19.298],[-69.2068,19.2972],[-69.2068,19.2955],[-69.211,19.2938],[-69.2127,19.2906],[-69.2168,19.2877],[-69.221,19.2867],[-69.2238,19.2874],[-69.2279,19.2862],[-69.2327,19.2858],[-69.2389,19.288],[-69.241,19.2874],[-69.2427,19.2883],[-69.2469,19.2886],[-69.2514,19.2916],[-69.2545,19.2943],[-69.2528,19.2969],[-69.2524,19.299],[-69.2509,19.3016],[-69.2502,19.3042],[-69.2472,19.3084],[-69.2457,19.3126],[-69.2421,19.3155],[-69.2388,19.3198],[-69.2388,19.321],[-69.236,19.3246],[-69.2342,19.3284],[-69.2302,19.3319],[-69.2292,19.3335],[-69.2274,19.3339],[-69.2239,19.3373],[-69.2233,19.3395],[-69.2223,19.3401],[-69.2195,19.3438],[-69.2185,19.3469],[-69.2166,19.3492],[-69.2152,19.3527],[-69.215,19.3552],[-69.2164,19.3572],[-69.215,19.3584],[-69.2162,19.3604],[-69.2188,19.3599],[-69.2208,19.3604],[-69.2221,19.3594],[-69.2245,19.36],[-69.2242,19.3581],[-69.226,19.3567],[-69.2278,19.3597],[-69.2287,19.3602],[-69.2304,19.3629],[-69.232,19.3622],[-69.2341,19.3635],[-69.2364,19.3639],[-69.239,19.3625],[-69.2393,19.3602],[-69.2406,19.3591],[-69.242,19.3528],[-69.2436,19.3517],[-69.2443,19.3501],[-69.2467,19.347],[-69.2485,19.3456],[-69.2494,19.343],[-69.2516,19.342],[-69.2522,19.3442],[-69.256,19.3468],[-69.2578,19.3452],[-69.2604,19.3457],[-69.264,19.3422],[-69.2666,19.3412],[-69.268,19.3392],[-69.2676,19.3342],[-69.2723,19.3343],[-69.2734,19.3333],[-69.2769,19.3341],[-69.2791,19.3326],[-69.2859,19.3322],[-69.2898,19.33],[-69.2927,19.3246],[-69.2951,19.3223],[-69.2966,19.3222],[-69.2975,19.3206],[-69.2999,19.3213],[-69.3026,19.3211],[-69.3055,19.3198],[-69.3061,19.3167],[-69.3095,19.3146],[-69.311,19.3129],[-69.3125,19.3132],[-69.3138,19.3112],[-69.317,19.3103],[-69.3197,19.3086],[-69.325,19.303],[-69.3249,19.3007],[-69.3236,19.2988],[-69.3243,19.2928],[-69.3248,19.2916],[-69.3241,19.2892],[-69.3254,19.2849],[-69.3289,19.2836],[-69.3339,19.2838],[-69.3371,19.2843],[-69.3379,19.2887],[-69.3391,19.2892],[-69.3429,19.2883],[-69.3481,19.2926],[-69.349,19.2948],[-69.352,19.2981],[-69.3532,19.3001],[-69.3537,19.3029],[-69.3572,19.3035],[-69.3596,19.302],[-69.3663,19.3016],[-69.3708,19.3024],[-69.3748,19.3026],[-69.3769,19.3066],[-69.3794,19.3069],[-69.3794,19.3092],[-69.3819,19.3117],[-69.3833,19.3111],[-69.3856,19.3119],[-69.3873,19.3109],[-69.3869,19.3093],[-69.3879,19.3079],[-69.3925,19.3087],[-69.3962,19.3122],[-69.3999,19.3135],[-69.4025,19.3155],[-69.4059,19.316],[-69.411,19.319],[-69.4117,19.3214],[-69.4173,19.3212],[-69.4174,19.3179],[-69.4198,19.316],[-69.4223,19.3164],[-69.4251,19.3146],[-69.4281,19.3151],[-69.4354,19.3199],[-69.4372,19.3251],[-69.4418,19.3264],[-69.4435,19.3262],[-69.4447,19.3243],[-69.4452,19.322],[-69.447,19.3211],[-69.4494,19.3209],[-69.4524,19.3233],[-69.4531,19.3261],[-69.4571,19.327],[-69.4598,19.3261],[-69.4632,19.3275],[-69.4747,19.3254],[-69.4783,19.3237],[-69.4822,19.3247],[-69.4835,19.3235],[-69.4867,19.3226],[-69.489,19.3225],[-69.4947,19.3257],[-69.4968,19.3254],[-69.4998,19.3258],[-69.5018,19.3268],[-69.504,19.3257],[-69.5058,19.3259],[-69.5065,19.3272],[-69.5148,19.3274],[-69.5169,19.3258],[-69.5198,19.3252],[-69.5234,19.3251],[-69.5252,19.3244],[-69.5285,19.3255],[-69.5303,19.3253],[-69.5323,19.3236],[-69.5344,19.3235],[-69.536,19.3225],[-69.5401,19.3223],[-69.5416,19.3231],[-69.5445,19.327],[-69.5457,19.3272],[-69.552,19.3258],[-69.5551,19.3226],[-69.5556,19.3205],[-69.5568,19.3191],[-69.5609,19.3211],[-69.5633,19.3207],[-69.5619,19.3189],[-69.5638,19.3178],[-69.5629,19.3159],[-69.5645,19.3143],[-69.5682,19.3139],[-69.5715,19.3144],[-69.5751,19.3157],[-69.5762,19.3153],[-69.575,19.3088],[-69.5767,19.3047],[-69.58,19.3029],[-69.5829,19.3007],[-69.5864,19.3008],[-69.5909,19.2974],[-69.5929,19.2967],[-69.6008,19.2963],[-69.605,19.2966],[-69.611,19.2964],[-69.6152,19.2955],[-69.6221,19.2959],[-69.6258,19.2951],[-69.6349,19.2946],[-69.6412,19.2939],[-69.6456,19.2937],[-69.6507,19.2949],[-69.653,19.2948],[-69.6562,19.2936],[-69.6605,19.2903],[-69.6637,19.2896],[-69.666,19.288],[-69.6701,19.2875],[-69.6782,19.2849],[-69.685,19.2856],[-69.688,19.2854],[-69.6902,19.2847],[-69.6926,19.2829],[-69.6991,19.2807],[-69.7039,19.2805],[-69.7066,19.2792],[-69.7125,19.2785],[-69.7172,19.2783],[-69.7252,19.2785],[-69.7284,19.2787],[-69.7353,19.28],[-69.7402,19.2816],[-69.7484,19.2854],[-69.7475,19.282],[-69.7453,19.2821],[-69.7438,19.2799],[-69.7452,19.277],[-69.7467,19.2762],[-69.7489,19.2766],[-69.7515,19.2781],[-69.7556,19.2793],[-69.7595,19.2795],[-69.7619,19.2813],[-69.7652,19.2829],[-69.7688,19.2825],[-69.7717,19.2802],[-69.7717,19.277],[-69.7699,19.2751],[-69.7676,19.275],[-69.7628,19.2738],[-69.7608,19.272],[-69.7597,19.2694],[-69.762,19.264],[-69.7623,19.2593],[-69.7613,19.2578],[-69.7509,19.2603],[-69.7458,19.2624],[-69.7486,19.2552],[-69.7493,19.2309],[-69.7502,19.2235],[-69.7429,19.2257],[-69.731,19.2255],[-69.7208,19.2242],[-69.7106,19.2227],[-69.7041,19.2216],[-69.6933,19.2201],[-69.6836,19.2192],[-69.6826,19.2176],[-69.6725,19.2093],[-69.666,19.203],[-69.6649,19.2029],[-69.6633,19.2056],[-69.6595,19.2076],[-69.6559,19.2078],[-69.6537,19.2055],[-69.654,19.2032],[-69.6533,19.2017],[-69.6518,19.2017],[-69.6524,19.2003],[-69.6553,19.1999],[-69.659,19.2005],[-69.6612,19.2005],[-69.6645,19.1986],[-69.666,19.1963],[-69.6685,19.1936],[-69.6699,19.193],[-69.6705,19.1907],[-69.6734,19.19],[-69.673,19.1886],[-69.671,19.1886],[-69.6727,19.1846],[-69.6754,19.1836],[-69.6736,19.1824],[-69.6756,19.1816],[-69.675,19.1782],[-69.6743,19.1769],[-69.6763,19.1761],[-69.6758,19.1746],[-69.6747,19.1743],[-69.6745,19.1737],[-69.6754,19.1712],[-69.677,19.1711],[-69.6788,19.1711],[-69.6797,19.1689],[-69.6827,19.1697],[-69.685,19.1694],[-69.6854,19.166],[-69.6868,19.164],[-69.6892,19.1642],[-69.6891,19.1677],[-69.6912,19.1681],[-69.6911,19.1653],[-69.6918,19.1647],[-69.6969,19.1676],[-69.696,19.165],[-69.6962,19.1629],[-69.6975,19.1616],[-69.6995,19.162],[-69.7006,19.1581],[-69.7024,19.1571],[-69.7033,19.1582],[-69.7051,19.1598],[-69.7088,19.1596],[-69.71,19.159],[-69.7089,19.1568],[-69.7066,19.1565],[-69.7045,19.154],[-69.7053,19.1509],[-69.7067,19.1493],[-69.7108,19.1465],[-69.7125,19.1458],[-69.7167,19.1461],[-69.7187,19.1435],[-69.7193,19.1413],[-69.7232,19.139],[-69.7251,19.1391],[-69.7274,19.1414],[-69.7297,19.1415],[-69.7333,19.1428],[-69.736,19.1479],[-69.7356,19.155],[-69.738,19.1563],[-69.7429,19.1533],[-69.7447,19.1508],[-69.7484,19.1504],[-69.7489,19.1469],[-69.7459,19.1421],[-69.7423,19.1334],[-69.7392,19.1324],[-69.7372,19.1303],[-69.7371,19.1283],[-69.7356,19.1276],[-69.7329,19.1235],[-69.7298,19.1158],[-69.7254,19.1125],[-69.724,19.1122],[-69.723,19.1129],[-69.7224,19.1126],[-69.7213,19.1116],[-69.7205,19.1067],[-69.7211,19.1051],[-69.7202,19.1031],[-69.7233,19.1016],[-69.724,19.1001],[-69.7277,19.1],[-69.731,19.0987],[-69.7321,19.0974],[-69.7336,19.0952],[-69.7336,19.0951],[-69.7331,19.0937],[-69.7319,19.0923],[-69.7284,19.0901],[-69.7231,19.0884],[-69.719,19.0882],[-69.7171,19.0862],[-69.7143,19.084],[-69.7088,19.0822],[-69.7069,19.0807],[-69.7048,19.0775],[-69.7024,19.072],[-69.702,19.0684]]]]},"properties":{"province_name":"SAMANÁ","municipalities":3}},
{"type":"Feature","geometry":{"type":"Polygon","coordinates":[[[-70.2184,18.7746],[-70.2192,18.7766],[-70.2232,18.7818],[-70.2281,18.7842],[-70.228,18.7872],[-70.2301,18.7904],[-70.2337,18.7926],[-70.2371,18.7968],[-70.2389,18.7995],[-70.2418,18.8026],[-70.2446,18.8043],[-70.2487,18.8076],[-70.2498,18.8059],[-70.2521,18.8046],[-70.2582,18.8018],[-70.2626,18.8009],[-70.2673,18.8],[-70.2692,18.8001],[-70.272,18.8001],[-70.2741,18.7979],[-70.2765,18.7947],[-70.2861,18.7915],[-70.289,18.7903],[-70.2901,18.7889],[-70.2925,18.7825],[-70.2942,18.7802],[-70.297,18.7795],[-70.3005,18.7781],[-70.3031,18.7754],[-70.3028,18.7749],[-70.3034,18.7702],[-70.3021,18.767],[-70.3004,18.7631],[-70.2979,18.7588],[-70.2958,18.7556],[-70.2951,18.753],[-70.295,18.7527],[-70.2949,18.7523],[-70.2955,18.7508],[-70.2977,18.748],[-70.2976,18.7471],[-70.2968,18.7456],[-70.2967,18.7431],[-70.2993,18.7379],[-70.2995,18.7377],[-70.3024,18.7354],[-70.3032,18.7342],[-70.3068,18.7328],[-70.3097,18.7288],[-70.3118,18.7272],[-70.3136,18.7235],[-70.3145,18.7224],[-70.32,18.7196],[-70.3212,18.7192],[-70.325,18.7176],[-70.3296,18.7154],[-70.3325,18.7178],[-70.3338,18.7182],[-70.3361,18.7198],[-70.339,18.7217],[-70.3405,18.7228],[-70.3435,18.7259],[-70.3436,18.7259],[-70.3448,18.7255],[-70.3484,18.722],[-70.3494,18.7201],[-70.3529,18.7149],[-70.359,18.7077],[-70.3578,18.7064],[-70.3579,18.7035],[-70.3588,18.7026],[-70.3591,18.6996],[-70.3577,18.6941],[-70.3603,18.6919],[-70.3607,18.6902],[-70.3601,18.6882],[-70.3605,18.6861],[-70.3582,18.6844],[-70.3578,18.6824],[-70.3613,18.6792],[-70.3623,18.6761],[-70.3622,18.6737],[-70.363,18.6712],[-70.3664,18.6728],[-70.3673,18.6714],[-70.3658,18.6697],[-70.3661,18.6665],[-70.3674,18.6651],[-70.3714,18.663],[-70.3755,18.6583],[-70.3745,18.6532],[-70.3767,18.65],[-70.3769,18.6486],[-70.3756,18.6459],[-70.3775,18.6435],[-70.3768,18.6417],[-70.3733,18.6402],[-70.3752,18.6385],[-70.3749,18.6355],[-70.3725,18.6347],[-70.3742,18.6329],[-70.3715,18.6321],[-70.3722,18.63],[-70.368,18.6321],[-70.3666,18.6304],[-70.3699,18.6279],[-70.3694,18.6251],[-70.3682,18.6232],[-70.3662,18.623],[-70.3638,18.6213],[-70.365,18.6169],[-70.3661,18.6157],[-70.3628,18.6122],[-70.3642,18.6111],[-70.3631,18.6094],[-70.3603,18.6105],[-70.3595,18.61],[-70.3589,18.6069],[-70.3641,18.6042],[-70.366,18.6048],[-70.3661,18.601],[-70.3668,18.5988],[-70.3661,18.5964],[-70.3688,18.5961],[-70.3687,18.595],[-70.3647,18.5928],[-70.365,18.5909],[-70.3662,18.5903],[-70.3694,18.5921],[-70.3696,18.5907],[-70.3685,18.5879],[-70.3698,18.5855],[-70.3671,18.5848],[-70.367,18.5833],[-70.3656,18.5803],[-70.3668,18.5797],[-70.3667,18.5757],[-70.3683,18.5739],[-70.3741,18.571],[-70.3742,18.5684],[-70.3764,18.5696],[-70.3769,18.5675],[-70.3737,18.5655],[-70.3734,18.5643],[-70.3702,18.5636],[-70.3711,18.5615],[-70.3738,18.5589],[-70.3799,18.5588],[-70.3822,18.5555],[-70.3819,18.5531],[-70.3796,18.5521],[-70.3791,18.5507],[-70.3798,18.5481],[-70.375,18.5444],[-70.3735,18.5442],[-70.3736,18.5417],[-70.3761,18.5417],[-70.3774,18.5402],[-70.3755,18.5374],[-70.3733,18.5371],[-70.3715,18.5359],[-70.3705,18.5321],[-70.3669,18.5318],[-70.3637,18.5323],[-70.364,18.5303],[-70.3656,18.5289],[-70.3643,18.5276],[-70.3626,18.5293],[-70.361,18.5296],[-70.3601,18.5282],[-70.3621,18.5259],[-70.3581,18.5242],[-70.3552,18.5236],[-70.3556,18.5226],[-70.3579,18.521],[-70.3576,18.5193],[-70.354,18.5195],[-70.3542,18.5173],[-70.3519,18.5154],[-70.3515,18.5132],[-70.3539,18.5116],[-70.3518,18.5104],[-70.3487,18.5105],[-70.3482,18.5094],[-70.3521,18.5072],[-70.3459,18.5022],[-70.3449,18.5024],[-70.34,18.5043],[-70.3386,18.5039],[-70.3388,18.5028],[-70.3396,18.5006],[-70.3377,18.4997],[-70.3356,18.5019],[-70.3352,18.5036],[-70.3358,18.5066],[-70.3313,18.5092],[-70.3293,18.5081],[-70.3293,18.5052],[-70.3302,18.5037],[-70.3292,18.5022],[-70.3267,18.5024],[-70.3259,18.4978],[-70.3243,18.4966],[-70.3209,18.4965],[-70.3184,18.4938],[-70.3166,18.4941],[-70.3162,18.4935],[-70.3147,18.4928],[-70.3125,18.4936],[-70.312,18.4951],[-70.3097,18.4948],[-70.3097,18.4902],[-70.3065,18.4899],[-70.3057,18.487],[-70.302,18.4869],[-70.3026,18.4836],[-70.3002,18.4821],[-70.3014,18.4788],[-70.2985,18.478],[-70.2942,18.4787],[-70.2901,18.4766],[-70.2882,18.4753],[-70.2884,18.4741],[-70.2912,18.4741],[-70.2907,18.4723],[-70.2872,18.4715],[-70.2872,18.47],[-70.2896,18.4685],[-70.2887,18.4659],[-70.2908,18.4645],[-70.2918,18.4628],[-70.29,18.4598],[-70.2872,18.4563],[-70.2866,18.4538],[-70.2853,18.4535],[-70.2843,18.4562],[-70.2814,18.4572],[-70.2808,18.4588],[-70.2786,18.4592],[-70.277,18.4567],[-70.2743,18.4543],[-70.2725,18.4537],[-70.2692,18.4538],[-70.2684,18.4561],[-70.2669,18.4576],[-70.2653,18.4575],[-70.2623,18.4542],[-70.263,18.4524],[-70.2658,18.4507],[-70.2662,18.4496],[-70.265,18.4476],[-70.2625,18.4465],[-70.2597,18.4464],[-70.2609,18.4437],[-70.2646,18.4419],[-70.2661,18.4399],[-70.2642,18.4375],[-70.2627,18.437],[-70.2598,18.4381],[-70.2585,18.4367],[-70.2627,18.4321],[-70.2616,18.4292],[-70.2583,18.4282],[-70.2499,18.4264],[-70.2447,18.4229],[-70.2434,18.4192],[-70.2445,18.4169],[-70.2462,18.4152],[-70.2554,18.4127],[-70.258,18.4115],[-70.2594,18.4095],[-70.2611,18.4039],[-70.2632,18.4022],[-70.2698,18.4025],[-70.2754,18.4041],[-70.2782,18.4041],[-70.2788,18.4027],[-70.2775,18.4005],[-70.2776,18.3992],[-70.2805,18.3966],[-70.2803,18.3934],[-70.2815,18.392],[-70.2819,18.3893],[-70.2866,18.3883],[-70.2888,18.3862],[-70.2874,18.383],[-70.2846,18.379],[-70.2827,18.3786],[-70.2812,18.3804],[-70.2784,18.3849],[-70.2756,18.3851],[-70.2738,18.3822],[-70.2722,18.3773],[-70.272,18.3661],[-70.2716,18.3608],[-70.2703,18.3584],[-70.2687,18.3581],[-70.2668,18.3588],[-70.2627,18.3626],[-70.2588,18.3654],[-70.2557,18.367],[-70.2527,18.3673],[-70.2499,18.3645],[-70.2464,18.3593],[-70.2464,18.3548],[-70.2486,18.3516],[-70.2486,18.3504],[-70.2481,18.349],[-70.2478,18.3486],[-70.2474,18.3461],[-70.2458,18.3441],[-70.2436,18.3441],[-70.2435,18.344],[-70.2428,18.3428],[-70.2428,18.3426],[-70.2428,18.3424],[-70.2421,18.338],[-70.2419,18.3358],[-70.2418,18.3356],[-70.2409,18.3338],[-70.2366,18.3294],[-70.2286,18.3245],[-70.2287,18.317],[-70.2281,18.3151],[-70.2262,18.3142],[-70.2197,18.3139],[-70.2183,18.3127],[-70.2169,18.3077],[-70.2123,18.3065],[-70.2106,18.303],[-70.2078,18.2957],[-70.2082,18.2929],[-70.2084,18.2886],[-70.206,18.2847],[-70.2016,18.2826],[-70.1984,18.2828],[-70.1951,18.2837],[-70.1916,18.2833],[-70.1886,18.2816],[-70.1869,18.2796],[-70.1867,18.2773],[-70.1851,18.2727],[-70.1862,18.2686],[-70.1857,18.2645],[-70.1866,18.259],[-70.1893,18.2571],[-70.1896,18.2563],[-70.1896,18.2543],[-70.1888,18.2519],[-70.1898,18.247],[-70.1916,18.2452],[-70.1922,18.2432],[-70.1917,18.2398],[-70.1897,18.2368],[-70.1876,18.2346],[-70.1874,18.2316],[-70.1879,18.2287],[-70.1843,18.2312],[-70.1806,18.2315],[-70.1758,18.2344],[-70.1702,18.2369],[-70.1682,18.2368],[-70.1665,18.2349],[-70.1672,18.2338],[-70.1663,18.232],[-70.1642,18.2345],[-70.1616,18.231],[-70.1616,18.2276],[-70.1587,18.2277],[-70.1557,18.2301],[-70.1531,18.2312],[-70.1488,18.2355],[-70.1459,18.2417],[-70.1426,18.2457],[-70.1402,18.2499],[-70.1392,18.254],[-70.1381,18.257],[-70.1345,18.2631],[-70.13,18.2677],[-70.1277,18.2696],[-70.1238,18.2716],[-70.1225,18.2718],[-70.1182,18.2778],[-70.1149,18.2831],[-70.1117,18.2852],[-70.1116,18.288],[-70.1103,18.2896],[-70.11,18.2913],[-70.1107,18.293],[-70.1103,18.2954],[-70.105,18.3012],[-70.1041,18.3031],[-70.1024,18.3045],[-70.0979,18.3029],[-70.0933,18.3037],[-70.0879,18.3084],[-70.0855,18.3122],[-70.0821,18.3159],[-70.0782,18.3216],[-70.0763,18.3252],[-70.0728,18.3335],[-70.0709,18.3365],[-70.071,18.3387],[-70.067,18.3465],[-70.0637,18.3515],[-70.0611,18.3562],[-70.0581,18.36],[-70.0543,18.3659],[-70.0541,18.3678],[-70.0518,18.3701],[-70.0493,18.3709],[-70.0436,18.3779],[-70.0411,18.38],[-70.0379,18.384],[-70.0371,18.3868],[-70.0374,18.3894],[-70.0356,18.3898],[-70.0349,18.3884],[-70.0325,18.392],[-70.0317,18.3944],[-70.0278,18.4005],[-70.026,18.4045],[-70.0254,18.4082],[-70.0244,18.4098],[-70.0214,18.4129],[-70.0196,18.4167],[-70.0206,18.4186],[-70.0187,18.4247],[-70.0182,18.4267],[-70.0163,18.4279],[-70.0092,18.4288],[-70.0069,18.4301],[-70.0061,18.4318],[-70.0064,18.4354],[-70.0072,18.4375],[-70.0069,18.441],[-70.0066,18.4431],[-70.0051,18.445],[-70.0025,18.4458],[-70.0021,18.4483],[-70.0032,18.4495],[-70.0057,18.4502],[-70.0077,18.4514],[-70.0106,18.4534],[-70.0077,18.458],[-70.0093,18.4604],[-70.01,18.461],[-70.0134,18.4591],[-70.0157,18.4607],[-70.0153,18.4624],[-70.0132,18.4647],[-70.0129,18.4703],[-70.0132,18.4751],[-70.0133,18.4757],[-70.014,18.4766],[-70.0185,18.4766],[-70.0199,18.474],[-70.021,18.4691],[-70.0222,18.4665],[-70.0242,18.4652],[-70.0258,18.463],[-70.0287,18.4612],[-70.0307,18.4623],[-70.0336,18.462],[-70.0342,18.4626],[-70.037,18.4661],[-70.0398,18.4672],[-70.0402,18.4675],[-70.043,18.4697],[-70.0439,18.4748],[-70.0462,18.4761],[-70.0483,18.4772],[-70.0524,18.4759],[-70.0538,18.4745],[-70.0558,18.4728],[-70.056,18.4726],[-70.059,18.4724],[-70.0621,18.4696],[-70.0627,18.4654],[-70.0646,18.4643],[-70.0662,18.4654],[-70.0684,18.4698],[-70.0676,18.4737],[-70.065,18.4755],[-70.0639,18.4767],[-70.0636,18.4786],[-70.0648,18.4813],[-70.0686,18.4801],[-70.0721,18.4799],[-70.0733,18.4807],[-70.0734,18.4833],[-70.0719,18.4848],[-70.0657,18.4874],[-70.0639,18.4911],[-70.065,18.4941],[-70.0687,18.4957],[-70.0702,18.4978],[-70.0714,18.5006],[-70.0723,18.5022],[-70.0722,18.5061],[-70.0711,18.5084],[-70.0712,18.5102],[-70.0716,18.5145],[-70.0728,18.5163],[-70.0746,18.5174],[-70.0771,18.5178],[-70.0807,18.5184],[-70.0844,18.5223],[-70.0843,18.5231],[-70.0862,18.5257],[-70.0861,18.527],[-70.0876,18.5307],[-70.0922,18.535],[-70.0937,18.5351],[-70.0964,18.5318],[-70.0963,18.5297],[-70.0947,18.5281],[-70.094,18.5263],[-70.096,18.5243],[-70.0977,18.5238],[-70.1003,18.5246],[-70.1054,18.527],[-70.1077,18.5277],[-70.113,18.5252],[-70.1137,18.5232],[-70.1174,18.524],[-70.1206,18.5242],[-70.1248,18.5263],[-70.1251,18.527],[-70.1253,18.5287],[-70.1248,18.5297],[-70.1233,18.5313],[-70.1191,18.5424],[-70.1255,18.5457],[-70.1253,18.5471],[-70.1242,18.5489],[-70.1243,18.5513],[-70.1284,18.5546],[-70.1328,18.5601],[-70.1289,18.5634],[-70.1281,18.5659],[-70.13,18.5662],[-70.1325,18.5648],[-70.135,18.5644],[-70.1366,18.5654],[-70.1374,18.5661],[-70.1391,18.5692],[-70.1374,18.5732],[-70.1374,18.5749],[-70.1386,18.5769],[-70.1407,18.5787],[-70.1445,18.583],[-70.1446,18.5831],[-70.1462,18.5843],[-70.1472,18.5847],[-70.1491,18.5881],[-70.1491,18.5898],[-70.1489,18.5908],[-70.1491,18.594],[-70.1521,18.5942],[-70.1529,18.595],[-70.1507,18.5979],[-70.1475,18.6001],[-70.1468,18.6027],[-70.1481,18.6041],[-70.1464,18.6057],[-70.146,18.608],[-70.1465,18.6124],[-70.1464,18.615],[-70.1474,18.618],[-70.1507,18.6225],[-70.1512,18.6251],[-70.1503,18.6283],[-70.1486,18.6305],[-70.1461,18.631],[-70.1426,18.6289],[-70.1376,18.6282],[-70.1331,18.6283],[-70.1305,18.6302],[-70.127,18.6299],[-70.1265,18.6314],[-70.1283,18.6315],[-70.1318,18.6337],[-70.1345,18.6336],[-70.1352,18.6328],[-70.1356,18.6328],[-70.1368,18.6342],[-70.1374,18.6364],[-70.1393,18.6363],[-70.1371,18.6395],[-70.139,18.6424],[-70.1411,18.644],[-70.1427,18.6453],[-70.1405,18.6469],[-70.1404,18.647],[-70.1426,18.6474],[-70.1443,18.6507],[-70.1441,18.6526],[-70.1456,18.6529],[-70.1507,18.6556],[-70.1526,18.6597],[-70.155,18.6603],[-70.1549,18.6618],[-70.1552,18.6624],[-70.1547,18.6636],[-70.1527,18.6636],[-70.1525,18.6646],[-70.1541,18.6665],[-70.1535,18.6688],[-70.1553,18.6694],[-70.1545,18.6716],[-70.1557,18.6732],[-70.1539,18.6736],[-70.1528,18.6766],[-70.1527,18.6798],[-70.1555,18.6809],[-70.1552,18.6832],[-70.1569,18.6863],[-70.1562,18.6897],[-70.1595,18.6927],[-70.1604,18.6934],[-70.1603,18.6945],[-70.158,18.698],[-70.1589,18.6988],[-70.1604,18.7006],[-70.1625,18.7024],[-70.1627,18.7035],[-70.1635,18.7056],[-70.1644,18.7085],[-70.1658,18.7099],[-70.1687,18.7113],[-70.1708,18.713],[-70.1719,18.7132],[-70.1742,18.7178],[-70.1754,18.7199],[-70.1748,18.7214],[-70.1751,18.7228],[-70.1736,18.7246],[-70.1707,18.7253],[-70.1655,18.7275],[-70.1647,18.7288],[-70.1637,18.7343],[-70.1648,18.7367],[-70.1675,18.7393],[-70.1685,18.7433],[-70.1713,18.7459],[-70.1747,18.7471],[-70.176,18.7517],[-70.1812,18.7537],[-70.183,18.7568],[-70.1863,18.7588],[-70.1929,18.7612],[-70.1972,18.7656],[-70.2007,18.7671],[-70.2028,18.767],[-70.2081,18.7644],[-70.2151,18.7659],[-70.2173,18.7669],[-70.2181,18.7684],[-70.2184,18.7746]]]},"properties":{"province_name":"SAN CRISTÓBAL","municipalities":8}},
{"type":"Feature","geometry":{"type":"Polygon","coordinates":[[[-70.9602,19.0447],[-70.9645,19.0443],[-70.9686,19.0411],[-70.9728,19.0385],[-70.9748,19.0379],[-70.9809,19.0372],[-70.9844,19.0354],[-70.9892,19.0321],[-70.995,19.0272],[-70.9988,19.0217],[-70.9995,19.0233],[-70.9996,19.0284],[-71.0004,19.0293],[-71.0058,19.0308],[-71.0093,19.0303],[-71.0143,19.0278],[-71.0183,19.0275],[-71.0249,19.0256],[-71.0274,19.0239],[-71.0303,19.0208],[-71.0315,19.0204],[-71.034,19.0211],[-71.0358,19.0232],[-71.0374,19.0239],[-71.0403,19.0228],[-71.046,19.0219],[-71.0472,19.0226],[-71.0499,19.0258],[-71.0501,19.0278],[-71.0485,19.0325],[-71.0497,19.0362],[-71.0518,19.0407],[-71.0545,19.0443],[-71.057,19.0468],[-71.0616,19.0487],[-71.0696,19.0547],[-71.0729,19.0545],[-71.076,19.053],[-71.0801,19.0561],[-71.0845,19.0576],[-71.0868,19.0589],[-71.0878,19.0605],[-71.093,19.0591],[-71.0976,19.0564],[-71.0995,19.0563],[-71.1042,19.0608],[-71.1069,19.0607],[-71.1102,19.0632],[-71.1136,19.0649],[-71.1171,19.068],[-71.1208,19.0697],[-71.1215,19.0719],[-71.1234,19.074],[-71.1266,19.0749],[-71.1279,19.0768],[-71.1317,19.078],[-71.1325,19.0819],[-71.1335,19.0834],[-71.1328,19.0855],[-71.1299,19.0895],[-71.13,19.0918],[-71.1292,19.0938],[-71.1284,19.0987],[-71.1285,19.1003],[-71.1316,19.1067],[-71.1318,19.1082],[-71.131,19.1122],[-71.1312,19.1153],[-71.1323,19.1172],[-71.1353,19.1177],[-71.1409,19.1219],[-71.1456,19.1233],[-71.1497,19.1257],[-71.1505,19.1291],[-71.1538,19.1328],[-71.1548,19.1379],[-71.1575,19.1405],[-71.1631,19.1425],[-71.1674,19.1447],[-71.1726,19.1454],[-71.1763,19.1455],[-71.1787,19.1487],[-71.1844,19.1504],[-71.1883,19.1525],[-71.1891,19.154],[-71.189,19.1568],[-71.1876,19.162],[-71.1885,19.1646],[-71.2,19.1751],[-71.2034,19.1777],[-71.2062,19.1787],[-71.2111,19.1783],[-71.215,19.1784],[-71.217,19.178],[-71.2222,19.1763],[-71.2254,19.1745],[-71.2284,19.1735],[-71.2324,19.174],[-71.2354,19.1734],[-71.2398,19.1713],[-71.2418,19.1712],[-71.2468,19.1724],[-71.2516,19.1724],[-71.2567,19.1694],[-71.2591,19.1699],[-71.2615,19.1709],[-71.2645,19.1688],[-71.2688,19.1687],[-71.2717,19.1697],[-71.2745,19.1697],[-71.2797,19.1716],[-71.2837,19.1751],[-71.285,19.1758],[-71.2898,19.1766],[-71.2934,19.1755],[-71.2961,19.175],[-71.2987,19.1749],[-71.3024,19.1728],[-71.3067,19.1732],[-71.316,19.1731],[-71.3184,19.1717],[-71.3204,19.1708],[-71.3232,19.1715],[-71.3255,19.1731],[-71.328,19.1727],[-71.3307,19.1711],[-71.3326,19.171],[-71.3358,19.1717],[-71.34,19.1717],[-71.3424,19.1708],[-71.3433,19.167],[-71.344,19.1642],[-71.3425,19.1616],[-71.3461,19.16],[-71.3454,19.157],[-71.3437,19.1551],[-71.3428,19.1528],[-71.3428,19.1512],[-71.3434,19.1498],[-71.3436,19.148],[-71.3453,19.1442],[-71.3454,19.1439],[-71.3453,19.1435],[-71.3447,19.1427],[-71.3453,19.1398],[-71.3453,19.137],[-71.3442,19.1363],[-71.3418,19.131],[-71.3393,19.1288],[-71.339,19.1271],[-71.3384,19.1254],[-71.34,19.1235],[-71.3408,19.1229],[-71.3414,19.1221],[-71.3414,19.1215],[-71.3411,19.1207],[-71.3416,19.1177],[-71.3436,19.1169],[-71.3437,19.1146],[-71.3417,19.1128],[-71.3442,19.1119],[-71.3451,19.1114],[-71.3466,19.1099],[-71.3481,19.1095],[-71.3483,19.1092],[-71.3485,19.1089],[-71.3501,19.1079],[-71.3515,19.1088],[-71.3524,19.1096],[-71.3535,19.1106],[-71.3563,19.1105],[-71.3573,19.1095],[-71.3582,19.1083],[-71.3585,19.1079],[-71.3587,19.1075],[-71.3595,19.107],[-71.3605,19.1068],[-71.365,19.1077],[-71.366,19.1095],[-71.3706,19.1134],[-71.3721,19.1135],[-71.3737,19.1162],[-71.375,19.1202],[-71.376,19.1208],[-71.3756,19.1238],[-71.3803,19.1237],[-71.3825,19.1214],[-71.3858,19.1202],[-71.3877,19.1206],[-71.3919,19.1175],[-71.3963,19.1156],[-71.3992,19.1126],[-71.4004,19.1132],[-71.4063,19.1133],[-71.4081,19.1139],[-71.4108,19.1156],[-71.4138,19.1159],[-71.4151,19.1168],[-71.4167,19.1206],[-71.4212,19.1216],[-71.4221,19.1246],[-71.4241,19.1274],[-71.4284,19.1296],[-71.4301,19.1323],[-71.4344,19.1301],[-71.435,19.1279],[-71.4384,19.1266],[-71.4434,19.1263],[-71.4456,19.1271],[-71.4541,19.1272],[-71.4551,19.1265],[-71.4595,19.1265],[-71.4616,19.127],[-71.4658,19.1261],[-71.4673,19.1254],[-71.4683,19.1212],[-71.4641,19.1164],[-71.4635,19.1127],[-71.4638,19.1104],[-71.4649,19.1083],[-71.4703,19.1056],[-71.4751,19.1019],[-71.4771,19.1007],[-71.4788,19.0985],[-71.4829,19.0963],[-71.4819,19.0946],[-71.4817,19.0903],[-71.4832,19.0853],[-71.483,19.0828],[-71.4845,19.0805],[-71.4867,19.0768],[-71.4939,19.0684],[-71.4999,19.0643],[-71.5033,19.0629],[-71.504,19.0595],[-71.5036,19.0518],[-71.5039,19.046],[-71.5052,19.0409],[-71.5072,19.037],[-71.5083,19.0367],[-71.5109,19.0349],[-71.5111,19.0339],[-71.5121,19.0306],[-71.5116,19.0299],[-71.5117,19.0276],[-71.5116,19.0274],[-71.5113,19.027],[-71.5105,19.0243],[-71.5093,19.021],[-71.5085,19.0201],[-71.5078,19.0193],[-71.5076,19.019],[-71.5075,19.0189],[-71.5071,19.0175],[-71.5068,19.0172],[-71.5065,19.015],[-71.5072,19.0097],[-71.5127,19.0088],[-71.5138,19.0067],[-71.5159,19.0051],[-71.5171,19.0022],[-71.5195,19.0014],[-71.5211,19.0003],[-71.5227,18.9979],[-71.5251,18.9979],[-71.5308,18.9998],[-71.5342,18.9998],[-71.5375,19.0011],[-71.5399,19.001],[-71.5432,19.0003],[-71.5491,18.9986],[-71.5517,18.9993],[-71.5544,19.0014],[-71.558,19.0023],[-71.5602,19.0023],[-71.5645,19.0033],[-71.5659,19.0032],[-71.5718,19.0011],[-71.5739,18.9995],[-71.5734,18.9961],[-71.5726,18.994],[-71.5743,18.9921],[-71.5766,18.9906],[-71.577,18.9902],[-71.5771,18.99],[-71.5783,18.9884],[-71.5792,18.9869],[-71.5831,18.9836],[-71.5836,18.9839],[-71.5857,18.9845],[-71.5864,18.985],[-71.5869,18.9853],[-71.5872,18.9854],[-71.5874,18.9855],[-71.5876,18.9855],[-71.5878,18.9856],[-71.588,18.9855],[-71.5881,18.9855],[-71.5884,18.9853],[-71.5885,18.9853],[-71.5885,18.9852],[-71.5886,18.9852],[-71.5887,18.9852],[-71.5888,18.9852],[-71.589,18.9852],[-71.5898,18.9852],[-71.59,18.9852],[-71.5901,18.9852],[-71.5902,18.9852],[-71.5903,18.9852],[-71.5916,18.9859],[-71.5941,18.9864],[-71.5965,18.983],[-71.5972,18.982],[-71.5978,18.9816],[-71.5981,18.9815],[-71.5982,18.9815],[-71.5987,18.9812],[-71.5987,18.9811],[-71.6013,18.9799],[-71.6021,18.9796],[-71.603,18.9784],[-71.603,18.9783],[-71.6038,18.977],[-71.6042,18.9766],[-71.6058,18.976],[-71.6069,18.9758],[-71.6098,18.9737],[-71.6116,18.9708],[-71.6143,18.97],[-71.6152,18.9675],[-71.6168,18.9665],[-71.6188,18.9639],[-71.62,18.9622],[-71.6197,18.9578],[-71.6221,18.9557],[-71.6237,18.9566],[-71.6248,18.9535],[-71.6271,18.9533],[-71.6286,18.9535],[-71.6293,18.9533],[-71.6307,18.95],[-71.6303,18.9497],[-71.6316,18.9482],[-71.6328,18.9479],[-71.635,18.9477],[-71.6381,18.9471],[-71.6385,18.946],[-71.6403,18.9464],[-71.6438,18.945],[-71.6432,18.9432],[-71.6392,18.9383],[-71.637,18.9373],[-71.6358,18.9387],[-71.6359,18.9406],[-71.6341,18.9405],[-71.6336,18.9372],[-71.6306,18.9386],[-71.6286,18.9382],[-71.6261,18.9396],[-71.6223,18.9377],[-71.6197,18.937],[-71.6186,18.9389],[-71.6168,18.9388],[-71.618,18.9352],[-71.6181,18.9342],[-71.6176,18.9301],[-71.6196,18.9289],[-71.6197,18.9267],[-71.6177,18.9251],[-71.6194,18.9234],[-71.6186,18.9216],[-71.617,18.921],[-71.6185,18.9174],[-71.6198,18.9145],[-71.6218,18.9114],[-71.6248,18.9093],[-71.6253,18.9074],[-71.629,18.9023],[-71.6323,18.8994],[-71.633,18.898],[-71.6345,18.8954],[-71.6381,18.8919],[-71.6442,18.8893],[-71.6483,18.8884],[-71.6526,18.8824],[-71.6483,18.8808],[-71.6441,18.8784],[-71.6417,18.8774],[-71.6405,18.8762],[-71.6387,18.8763],[-71.6342,18.8754],[-71.6307,18.8773],[-71.6286,18.8793],[-71.6256,18.8796],[-71.6254,18.8797],[-71.6251,18.8799],[-71.625,18.8801],[-71.6249,18.8802],[-71.6247,18.8804],[-71.6246,18.8805],[-71.6246,18.8806],[-71.6245,18.8808],[-71.6244,18.881],[-71.6233,18.8837],[-71.6217,18.8848],[-71.6216,18.8848],[-71.6203,18.885],[-71.6173,18.8844],[-71.6188,18.8816],[-71.6193,18.8714],[-71.6192,18.8642],[-71.62,18.8625],[-71.6212,18.8586],[-71.6213,18.8569],[-71.6239,18.8541],[-71.6234,18.8508],[-71.6256,18.8446],[-71.626,18.8427],[-71.6246,18.8401],[-71.6222,18.8342],[-71.6207,18.8293],[-71.618,18.829],[-71.6153,18.8265],[-71.6214,18.8248],[-71.6221,18.8227],[-71.6238,18.8214],[-71.6206,18.8172],[-71.6223,18.815],[-71.624,18.8091],[-71.626,18.8093],[-71.6271,18.8075],[-71.6303,18.8059],[-71.6285,18.804],[-71.6228,18.8041],[-71.6103,18.8033],[-71.5976,18.7999],[-71.5915,18.7964],[-71.5904,18.7943],[-71.5873,18.7903],[-71.5768,18.7847],[-71.5744,18.7843],[-71.5711,18.7827],[-71.5685,18.7807],[-71.5722,18.7772],[-71.5746,18.7767],[-71.5773,18.7753],[-71.5797,18.7739],[-71.5826,18.7743],[-71.5845,18.7725],[-71.584,18.77],[-71.5822,18.7691],[-71.5809,18.7696],[-71.5808,18.77],[-71.5801,18.7708],[-71.5774,18.7708],[-71.5773,18.7697],[-71.5731,18.7674],[-71.5725,18.767],[-71.5715,18.7656],[-71.5715,18.7632],[-71.5708,18.7614],[-71.571,18.7587],[-71.5737,18.759],[-71.5746,18.7576],[-71.5733,18.7558],[-71.5758,18.7531],[-71.5775,18.7506],[-71.5786,18.7487],[-71.5785,18.7463],[-71.5797,18.7442],[-71.583,18.7433],[-71.5853,18.7428],[-71.584,18.741],[-71.5837,18.7406],[-71.5815,18.7385],[-71.5807,18.7363],[-71.5805,18.736],[-71.5794,18.733],[-71.5802,18.7316],[-71.5802,18.7309],[-71.5799,18.7306],[-71.5798,18.7305],[-71.5799,18.7288],[-71.5783,18.7282],[-71.5762,18.7278],[-71.574,18.7266],[-71.5722,18.7254],[-71.5718,18.7229],[-71.5703,18.721],[-71.5699,18.7178],[-71.57,18.7116],[-71.5692,18.7103],[-71.5698,18.709],[-71.569,18.7065],[-71.5696,18.7045],[-71.5718,18.7017],[-71.5725,18.7],[-71.5717,18.6942],[-71.5725,18.6872],[-71.5726,18.6845],[-71.5743,18.6804],[-71.5731,18.6749],[-71.572,18.6721],[-71.5723,18.6693],[-71.5714,18.6678],[-71.572,18.6636],[-71.5729,18.6615],[-71.5758,18.6547],[-71.5785,18.653],[-71.576,18.6526],[-71.5739,18.6534],[-71.5682,18.6537],[-71.5586,18.651],[-71.5501,18.6484],[-71.545,18.6477],[-71.5379,18.6462],[-71.5334,18.6449],[-71.5264,18.642],[-71.525,18.6405],[-71.5236,18.6345],[-71.521,18.6319],[-71.5174,18.6307],[-71.5141,18.6292],[-71.5053,18.6271],[-71.4998,18.6275],[-71.495,18.6252],[-71.4926,18.626],[-71.4873,18.6244],[-71.4835,18.6258],[-71.4819,18.6254],[-71.4787,18.6232],[-71.4768,18.6229],[-71.475,18.6234],[-71.4729,18.6264],[-71.4692,18.6281],[-71.4647,18.629],[-71.4602,18.6284],[-71.454,18.6268],[-71.4515,18.6254],[-71.4486,18.6226],[-71.4463,18.6216],[-71.4406,18.6221],[-71.4383,18.6219],[-71.4306,18.6179],[-71.4277,18.6153],[-71.4233,18.609],[-71.421,18.6076],[-71.4192,18.6077],[-71.4156,18.6118],[-71.4138,18.6145],[-71.408,18.6177],[-71.4061,18.6172],[-71.402,18.6141],[-71.3965,18.6142],[-71.3949,18.6132],[-71.3929,18.6105],[-71.3924,18.6083],[-71.3933,18.6039],[-71.3924,18.6012],[-71.393,18.599],[-71.3919,18.5968],[-71.3872,18.5953],[-71.3851,18.5942],[-71.3806,18.5946],[-71.3771,18.5936],[-71.3723,18.5904],[-71.3688,18.589],[-71.3655,18.5916],[-71.3638,18.5915],[-71.3604,18.5883],[-71.358,18.5877],[-71.3552,18.5899],[-71.3546,18.5936],[-71.3486,18.597],[-71.3441,18.5983],[-71.3418,18.6],[-71.3366,18.6047],[-71.3321,18.6095],[-71.3274,18.6155],[-71.324,18.6202],[-71.3195,18.6241],[-71.3177,18.625],[-71.3151,18.6247],[-71.3074,18.6222],[-71.3051,18.6205],[-71.3001,18.6188],[-71.2892,18.617],[-71.2874,18.6162],[-71.2823,18.6151],[-71.2805,18.6136],[-71.2651,18.6144],[-71.2579,18.6153],[-71.2533,18.6162],[-71.2478,18.6158],[-71.2454,18.6167],[-71.235,18.6232],[-71.2298,18.6262],[-71.2256,18.6278],[-71.2212,18.6289],[-71.2198,18.628],[-71.2191,18.6246],[-71.2175,18.6232],[-71.212,18.622],[-71.2048,18.6219],[-71.2007,18.6215],[-71.197,18.6224],[-71.194,18.626],[-71.1917,18.6266],[-71.1868,18.6262],[-71.1772,18.6232],[-71.1723,18.6203],[-71.1693,18.6197],[-71.1664,18.6199],[-71.1616,18.6191],[-71.1602,18.6221],[-71.1577,18.6219],[-71.1526,18.6225],[-71.1499,18.6234],[-71.1481,18.6253],[-71.1448,18.6271],[-71.1423,18.6271],[-71.14,18.6279],[-71.1383,18.6294],[-71.1346,18.6383],[-71.1313,18.6417],[-71.129,18.6418],[-71.1253,18.6396],[-71.1223,18.6389],[-71.1196,18.6388],[-71.1155,18.6406],[-71.1137,18.6408],[-71.1081,18.6438],[-71.1048,18.6442],[-71.1039,18.646],[-71.1021,18.6476],[-71.1016,18.6531],[-71.1009,18.6539],[-71.1005,18.6573],[-71.0987,18.6592],[-71.0966,18.6594],[-71.096,18.661],[-71.0943,18.6624],[-71.0944,18.6647],[-71.0916,18.6639],[-71.0895,18.6683],[-71.087,18.6682],[-71.0852,18.6713],[-71.0855,18.6742],[-71.084,18.6765],[-71.0846,18.6776],[-71.083,18.68],[-71.0818,18.6834],[-71.0797,18.6862],[-71.0786,18.6921],[-71.0758,18.6948],[-71.0723,18.6954],[-71.0707,18.6933],[-71.0716,18.69],[-71.0721,18.6861],[-71.0746,18.6837],[-71.0764,18.6809],[-71.0769,18.6784],[-71.0762,18.6774],[-71.0727,18.677],[-71.0685,18.6741],[-71.067,18.6743],[-71.0633,18.6803],[-71.0617,18.6802],[-71.0582,18.677],[-71.0551,18.6756],[-71.0532,18.6758],[-71.0516,18.678],[-71.0504,18.6823],[-71.0497,18.6917],[-71.0471,18.6946],[-71.0466,18.6963],[-71.0469,18.7011],[-71.0466,18.7027],[-71.0485,18.7048],[-71.0484,18.7094],[-71.0468,18.7114],[-71.0424,18.7133],[-71.04,18.7159],[-71.0382,18.7204],[-71.0383,18.7243],[-71.044,18.7332],[-71.0456,18.7362],[-71.047,18.7404],[-71.0493,18.7462],[-71.0517,18.7473],[-71.0529,18.7518],[-71.0529,18.7546],[-71.0541,18.7556],[-71.0533,18.7575],[-71.0486,18.7593],[-71.0441,18.7652],[-71.0442,18.7672],[-71.0431,18.7689],[-71.0395,18.7723],[-71.0366,18.7736],[-71.0363,18.7752],[-71.034,18.7775],[-71.034,18.7803],[-71.0312,18.7863],[-71.0299,18.7878],[-71.0293,18.7837],[-71.0272,18.7783],[-71.027,18.777],[-71.0247,18.7746],[-71.0184,18.7713],[-71.0149,18.7688],[-71.0136,18.7663],[-71.0122,18.7611],[-71.0093,18.7576],[-71.0103,18.7532],[-71.0094,18.75],[-71.0033,18.7489],[-71.0007,18.7507],[-71,18.7557],[-70.9989,18.758],[-70.9964,18.7607],[-70.9906,18.7633],[-70.9871,18.7645],[-70.9853,18.7676],[-70.9846,18.7714],[-70.9848,18.7793],[-70.9832,18.7838],[-70.9808,18.7865],[-70.9767,18.7896],[-70.9752,18.7931],[-70.972,18.7962],[-70.9725,18.8004],[-70.9736,18.8037],[-70.9722,18.8058],[-70.9731,18.8085],[-70.975,18.8108],[-70.9748,18.8144],[-70.974,18.8173],[-70.9759,18.8209],[-70.9784,18.8239],[-70.9816,18.8271],[-70.984,18.829],[-70.9863,18.833],[-70.9872,18.8386],[-70.9884,18.8419],[-70.9909,18.8445],[-70.9908,18.847],[-70.9956,18.8515],[-70.9944,18.8541],[-70.9945,18.8571],[-70.9976,18.8597],[-70.9977,18.862],[-70.9952,18.8627],[-70.9936,18.8646],[-70.9941,18.8704],[-70.9947,18.8736],[-70.9965,18.8776],[-70.9976,18.8814],[-70.9978,18.8846],[-70.9976,18.8906],[-70.997,18.8947],[-70.9959,18.898],[-70.9949,18.8991],[-70.99,18.8986],[-70.9883,18.899],[-70.9852,18.9025],[-70.981,18.9027],[-70.9793,18.9015],[-70.9767,18.9016],[-70.9751,18.9034],[-70.9672,18.9086],[-70.9624,18.9098],[-70.9573,18.9093],[-70.9553,18.9104],[-70.9556,18.9131],[-70.9552,18.9156],[-70.9524,18.9202],[-70.9489,18.9229],[-70.9457,18.9239],[-70.9427,18.924],[-70.9411,18.9251],[-70.9373,18.9249],[-70.9351,18.9253],[-70.9294,18.9239],[-70.9255,18.9236],[-70.9239,18.9244],[-70.9217,18.927],[-70.9214,18.9296],[-70.9183,18.9327],[-70.9171,18.9362],[-70.9171,18.9379],[-70.9182,18.9408],[-70.9227,18.9432],[-70.9246,18.9449],[-70.9251,18.9498],[-70.9263,18.9525],[-70.9287,18.9529],[-70.9327,18.9567],[-70.9326,18.9588],[-70.9296,18.9613],[-70.9263,18.9614],[-70.9241,18.9604],[-70.9218,18.9602],[-70.9149,18.9612],[-70.9056,18.9617],[-70.9035,18.9638],[-70.8986,18.9646],[-70.8934,18.9682],[-70.8899,18.9709],[-70.8896,18.9727],[-70.8908,18.975],[-70.8908,18.9796],[-70.8917,18.9815],[-70.8916,18.9873],[-70.8927,18.9893],[-70.8911,18.9913],[-70.8909,18.9948],[-70.8921,18.9983],[-70.8933,19.0001],[-70.8939,19.0031],[-70.8957,19.0058],[-70.8995,19.0081],[-70.9016,19.0101],[-70.9044,19.0119],[-70.9058,19.0155],[-70.9099,19.0191],[-70.9126,19.0232],[-70.9189,19.0257],[-70.9237,19.0279],[-70.933,19.0305],[-70.9365,19.0322],[-70.9403,19.0353],[-70.9428,19.0361],[-70.9489,19.0371],[-70.9545,19.0396],[-70.9602,19.0447]]]},"properties":{"province_name":"SAN JUAN","municipalities":6}},
{"type":"Feature","geometry":{"type":"Polygon","coordinates":[[[-69.4519,18.811],[-69.4521,18.8159],[-69.453,18.8184],[-69.4551,18.8205],[-69.4582,18.822],[-69.4607,18.8176],[-69.4638,18.8147],[-69.4652,18.8123],[-69.4716,18.813],[-69.4727,18.8119],[-69.4742,18.8082],[-69.4745,18.8063],[-69.4761,18.8049],[-69.4797,18.8032],[-69.4819,18.8009],[-69.4843,18.8003],[-69.4889,18.7977],[-69.4899,18.7951],[-69.4904,18.7926],[-69.4894,18.7901],[-69.4885,18.7885],[-69.4903,18.7866],[-69.4918,18.7852],[-69.4931,18.7799],[-69.4943,18.7781],[-69.4943,18.7763],[-69.4959,18.7758],[-69.4959,18.7724],[-69.497,18.7709],[-69.5005,18.768],[-69.5029,18.7663],[-69.5038,18.7678],[-69.5055,18.7675],[-69.5109,18.7654],[-69.5134,18.7641],[-69.5138,18.7631],[-69.5138,18.7616],[-69.5126,18.7597],[-69.5166,18.7564],[-69.5196,18.754],[-69.5227,18.7498],[-69.5232,18.7497],[-69.5239,18.7495],[-69.5243,18.7494],[-69.5244,18.7494],[-69.5245,18.7493],[-69.5246,18.7493],[-69.5247,18.7492],[-69.5247,18.7491],[-69.5248,18.7491],[-69.5251,18.7488],[-69.5254,18.7486],[-69.5259,18.7481],[-69.5271,18.7472],[-69.5278,18.7465],[-69.529,18.7454],[-69.5294,18.7451],[-69.5295,18.745],[-69.5296,18.7449],[-69.5297,18.7447],[-69.5298,18.7446],[-69.5299,18.7445],[-69.53,18.7444],[-69.5309,18.7433],[-69.5319,18.7417],[-69.532,18.7364],[-69.5315,18.7349],[-69.5318,18.7317],[-69.5321,18.7286],[-69.5311,18.7267],[-69.5319,18.7227],[-69.533,18.7206],[-69.5333,18.717],[-69.5348,18.7132],[-69.5352,18.7121],[-69.5353,18.7093],[-69.5363,18.7039],[-69.5374,18.7019],[-69.538,18.6973],[-69.5392,18.6935],[-69.5412,18.6908],[-69.5431,18.6886],[-69.5443,18.6867],[-69.5459,18.6859],[-69.5472,18.684],[-69.5495,18.681],[-69.5498,18.6786],[-69.5502,18.6754],[-69.5523,18.672],[-69.5533,18.6716],[-69.5543,18.6696],[-69.5566,18.6685],[-69.5562,18.6662],[-69.5571,18.6634],[-69.5595,18.6608],[-69.5605,18.6585],[-69.5626,18.6585],[-69.564,18.6562],[-69.5682,18.6533],[-69.5707,18.6522],[-69.5706,18.6511],[-69.5723,18.6488],[-69.5745,18.6486],[-69.5771,18.6457],[-69.577,18.6433],[-69.579,18.6415],[-69.5794,18.6396],[-69.581,18.6381],[-69.5815,18.6359],[-69.5833,18.6356],[-69.5852,18.6351],[-69.5854,18.6339],[-69.5866,18.634],[-69.5873,18.631],[-69.5877,18.6299],[-69.5882,18.6299],[-69.5894,18.6302],[-69.5904,18.6277],[-69.5876,18.6266],[-69.587,18.6247],[-69.5885,18.6241],[-69.5887,18.6223],[-69.5857,18.6236],[-69.5834,18.623],[-69.5825,18.6238],[-69.5818,18.6269],[-69.5787,18.627],[-69.5772,18.6258],[-69.576,18.6221],[-69.5761,18.6191],[-69.577,18.6171],[-69.5771,18.6155],[-69.58,18.612],[-69.58,18.6103],[-69.581,18.6081],[-69.5823,18.6075],[-69.5833,18.6069],[-69.5841,18.6028],[-69.5826,18.5967],[-69.5828,18.5943],[-69.5804,18.5938],[-69.5784,18.5912],[-69.5772,18.5894],[-69.5747,18.5885],[-69.574,18.5864],[-69.5725,18.5848],[-69.5731,18.5838],[-69.5721,18.5829],[-69.5726,18.5804],[-69.5747,18.5776],[-69.5778,18.5779],[-69.578,18.5744],[-69.5794,18.5733],[-69.5797,18.5711],[-69.5819,18.5681],[-69.5839,18.564],[-69.5851,18.5633],[-69.5866,18.5617],[-69.5876,18.559],[-69.5893,18.5559],[-69.5896,18.554],[-69.5911,18.5524],[-69.5941,18.5521],[-69.5941,18.5519],[-69.5944,18.5515],[-69.5944,18.5476],[-69.5948,18.5443],[-69.5962,18.5411],[-69.5953,18.5398],[-69.597,18.5385],[-69.5968,18.5373],[-69.5991,18.5351],[-69.5995,18.5333],[-69.6019,18.5327],[-69.6031,18.5322],[-69.6053,18.5298],[-69.6063,18.5308],[-69.6081,18.5299],[-69.6095,18.5302],[-69.6134,18.5277],[-69.6138,18.5254],[-69.614,18.523],[-69.612,18.5216],[-69.6095,18.5205],[-69.6075,18.5188],[-69.6064,18.5175],[-69.6048,18.5171],[-69.6038,18.5185],[-69.6035,18.5206],[-69.6016,18.5202],[-69.5984,18.514],[-69.599,18.5093],[-69.5979,18.5092],[-69.5988,18.5072],[-69.5987,18.5033],[-69.5975,18.5018],[-69.5985,18.5003],[-69.5982,18.4969],[-69.5972,18.4965],[-69.5966,18.4962],[-69.5938,18.4951],[-69.59,18.4909],[-69.5896,18.4907],[-69.5884,18.4899],[-69.5857,18.4886],[-69.574,18.4829],[-69.5728,18.4825],[-69.5701,18.4817],[-69.5659,18.4804],[-69.5608,18.4769],[-69.559,18.4764],[-69.5481,18.4759],[-69.5422,18.4754],[-69.5362,18.4745],[-69.5253,18.4745],[-69.5233,18.4746],[-69.5155,18.4748],[-69.515,18.4748],[-69.5149,18.4658],[-69.5232,18.4657],[-69.5225,18.4458],[-69.5212,18.4232],[-69.5212,18.4038],[-69.5158,18.4036],[-69.5105,18.404],[-69.5068,18.4046],[-69.5023,18.4066],[-69.4975,18.4075],[-69.491,18.4099],[-69.4884,18.4112],[-69.4869,18.4109],[-69.4819,18.4119],[-69.4806,18.4126],[-69.4721,18.4149],[-69.4682,18.4162],[-69.4619,18.4175],[-69.4598,18.4172],[-69.4566,18.4178],[-69.4558,18.4192],[-69.4533,18.4204],[-69.45,18.4201],[-69.4483,18.4217],[-69.4444,18.4227],[-69.4423,18.4227],[-69.4402,18.4217],[-69.4354,18.4228],[-69.4301,18.4227],[-69.4252,18.4223],[-69.4238,18.4236],[-69.4196,18.4238],[-69.4179,18.4245],[-69.4136,18.4249],[-69.4093,18.4264],[-69.4021,18.4262],[-69.3994,18.4267],[-69.3929,18.4265],[-69.3901,18.4256],[-69.3858,18.4251],[-69.3816,18.4254],[-69.373,18.4252],[-69.3679,18.4242],[-69.3562,18.4241],[-69.3512,18.4244],[-69.3494,18.4263],[-69.3479,18.4244],[-69.3455,18.4244],[-69.3379,18.4252],[-69.3365,18.4257],[-69.331,18.4254],[-69.327,18.4275],[-69.3244,18.428],[-69.3225,18.43],[-69.3231,18.4317],[-69.3222,18.4342],[-69.3199,18.4348],[-69.3183,18.4364],[-69.3205,18.4381],[-69.3209,18.4398],[-69.3182,18.4414],[-69.3174,18.4451],[-69.3182,18.4467],[-69.3142,18.4489],[-69.3139,18.4502],[-69.3173,18.4532],[-69.3194,18.4538],[-69.3213,18.4569],[-69.3219,18.4601],[-69.3212,18.4606],[-69.3228,18.4638],[-69.3251,18.4672],[-69.3232,18.4672],[-69.3214,18.4637],[-69.3188,18.4572],[-69.3162,18.4561],[-69.3127,18.452],[-69.3115,18.4515],[-69.3096,18.4471],[-69.3127,18.4425],[-69.3123,18.4401],[-69.3072,18.4393],[-69.3046,18.4403],[-69.303,18.4387],[-69.2996,18.4386],[-69.2963,18.4341],[-69.2925,18.4346],[-69.2891,18.4363],[-69.2833,18.4376],[-69.2775,18.4383],[-69.2692,18.4415],[-69.2642,18.442],[-69.2617,18.4419],[-69.2463,18.442],[-69.238,18.443],[-69.2305,18.445],[-69.2263,18.4485],[-69.2244,18.4491],[-69.2195,18.4492],[-69.2135,18.4504],[-69.2118,18.4523],[-69.2066,18.4517],[-69.2044,18.451],[-69.1997,18.4482],[-69.1969,18.4459],[-69.1975,18.4395],[-69.1943,18.4365],[-69.1957,18.4329],[-69.1981,18.4312],[-69.1962,18.4286],[-69.1913,18.4246],[-69.1832,18.4204],[-69.178,18.4184],[-69.1718,18.4152],[-69.1632,18.4128],[-69.1544,18.4096],[-69.1476,18.4076],[-69.1393,18.4055],[-69.1314,18.405],[-69.1262,18.4056],[-69.1232,18.4041],[-69.1176,18.4042],[-69.114,18.4019],[-69.1088,18.4001],[-69.1081,18.3992],[-69.1041,18.3981],[-69.1013,18.3967],[-69.09,18.3936],[-69.087,18.3941],[-69.0843,18.393],[-69.0838,18.3982],[-69.0843,18.4014],[-69.0869,18.4084],[-69.0886,18.411],[-69.089,18.4136],[-69.0881,18.4147],[-69.0856,18.4156],[-69.0819,18.4181],[-69.0831,18.4199],[-69.0864,18.4218],[-69.0874,18.4229],[-69.0862,18.4263],[-69.0865,18.4275],[-69.0889,18.4297],[-69.0888,18.4318],[-69.086,18.4329],[-69.0858,18.4346],[-69.0878,18.438],[-69.0879,18.4398],[-69.0893,18.4413],[-69.0906,18.4412],[-69.0927,18.4387],[-69.0943,18.4414],[-69.0954,18.4421],[-69.0963,18.4443],[-69.0953,18.4456],[-69.0948,18.4478],[-69.0969,18.4487],[-69.0978,18.4504],[-69.1006,18.4524],[-69.1035,18.4527],[-69.1041,18.4559],[-69.1067,18.4568],[-69.1083,18.4595],[-69.1107,18.4596],[-69.1129,18.4604],[-69.1132,18.4604],[-69.1134,18.4605],[-69.1139,18.4613],[-69.1139,18.4653],[-69.1131,18.4666],[-69.1132,18.47],[-69.1156,18.4701],[-69.1177,18.469],[-69.1182,18.4704],[-69.1194,18.4768],[-69.1179,18.4781],[-69.1153,18.4781],[-69.1155,18.4802],[-69.118,18.4814],[-69.1179,18.4828],[-69.1155,18.4829],[-69.1157,18.4854],[-69.1147,18.4865],[-69.1113,18.4863],[-69.1109,18.4879],[-69.1116,18.4903],[-69.1117,18.4928],[-69.1091,18.4963],[-69.1061,18.4968],[-69.1052,18.5002],[-69.1032,18.5027],[-69.1017,18.5028],[-69.1007,18.5047],[-69.097,18.5043],[-69.0958,18.508],[-69.0931,18.509],[-69.0914,18.5104],[-69.0911,18.512],[-69.0914,18.5129],[-69.0922,18.5168],[-69.0904,18.517],[-69.0894,18.5196],[-69.0903,18.5216],[-69.0875,18.5226],[-69.0856,18.5263],[-69.0847,18.5266],[-69.0842,18.5325],[-69.0837,18.5339],[-69.0836,18.539],[-69.0824,18.5413],[-69.0823,18.544],[-69.0821,18.5456],[-69.0843,18.5473],[-69.0859,18.5508],[-69.085,18.5552],[-69.0849,18.5564],[-69.0828,18.5587],[-69.0824,18.5604],[-69.0849,18.5648],[-69.0847,18.5666],[-69.0841,18.5675],[-69.0784,18.5701],[-69.0778,18.5709],[-69.0747,18.5719],[-69.0721,18.5732],[-69.0723,18.5756],[-69.0738,18.5776],[-69.0741,18.5795],[-69.072,18.582],[-69.0713,18.5838],[-69.0702,18.5861],[-69.0671,18.5911],[-69.0671,18.5929],[-69.0894,18.5941],[-69.0968,18.5945],[-69.1133,18.5946],[-69.1217,18.5953],[-69.1277,18.5962],[-69.132,18.5962],[-69.1354,18.5928],[-69.1374,18.5922],[-69.1381,18.5903],[-69.1404,18.5871],[-69.1436,18.5874],[-69.144,18.5883],[-69.1475,18.5891],[-69.1493,18.5882],[-69.1498,18.588],[-69.1526,18.5845],[-69.1552,18.584],[-69.1574,18.5844],[-69.1565,18.5869],[-69.1562,18.5881],[-69.1541,18.5898],[-69.1519,18.5925],[-69.1516,18.5937],[-69.1541,18.595],[-69.1553,18.5943],[-69.1567,18.5946],[-69.1579,18.597],[-69.1563,18.5985],[-69.1564,18.6001],[-69.157,18.6009],[-69.1612,18.6025],[-69.1616,18.6044],[-69.1603,18.6059],[-69.1606,18.6085],[-69.1608,18.6088],[-69.1633,18.6092],[-69.1646,18.6112],[-69.1639,18.6124],[-69.1653,18.613],[-69.1655,18.6132],[-69.1691,18.6139],[-69.1717,18.613],[-69.1719,18.6138],[-69.1722,18.6142],[-69.173,18.6174],[-69.1739,18.618],[-69.1744,18.6193],[-69.1779,18.6211],[-69.1792,18.6222],[-69.1806,18.6236],[-69.1826,18.6254],[-69.1865,18.6274],[-69.1893,18.6279],[-69.1917,18.6282],[-69.1956,18.6283],[-69.1966,18.6292],[-69.1982,18.6338],[-69.2013,18.6358],[-69.2029,18.6375],[-69.2065,18.6386],[-69.2101,18.6391],[-69.2136,18.639],[-69.215,18.6387],[-69.2183,18.6366],[-69.2186,18.6394],[-69.2172,18.6471],[-69.2171,18.6511],[-69.2193,18.6542],[-69.22,18.6563],[-69.2201,18.6604],[-69.2225,18.662],[-69.2263,18.6623],[-69.2293,18.6624],[-69.2318,18.6622],[-69.232,18.6664],[-69.2342,18.6683],[-69.2363,18.6663],[-69.2365,18.6652],[-69.2361,18.6647],[-69.2378,18.6635],[-69.2398,18.6637],[-69.242,18.6624],[-69.2428,18.6629],[-69.2434,18.6608],[-69.2435,18.6589],[-69.2455,18.6587],[-69.2476,18.6577],[-69.2469,18.6548],[-69.2443,18.654],[-69.2449,18.6505],[-69.2471,18.6499],[-69.2453,18.6483],[-69.2441,18.6461],[-69.2459,18.6429],[-69.2459,18.6406],[-69.2491,18.637],[-69.251,18.6369],[-69.2515,18.6333],[-69.2522,18.6328],[-69.255,18.6332],[-69.2571,18.6312],[-69.2602,18.631],[-69.2604,18.6298],[-69.263,18.6287],[-69.2652,18.6284],[-69.2674,18.6264],[-69.2706,18.6269],[-69.2721,18.6247],[-69.2754,18.6255],[-69.277,18.6252],[-69.2808,18.6278],[-69.2824,18.6266],[-69.2866,18.6268],[-69.2919,18.6254],[-69.2921,18.6251],[-69.2927,18.622],[-69.2952,18.6203],[-69.2918,18.6162],[-69.2923,18.6133],[-69.2914,18.6101],[-69.2933,18.6074],[-69.2934,18.605],[-69.2947,18.6034],[-69.299,18.6025],[-69.2993,18.601],[-69.2985,18.5974],[-69.2999,18.5959],[-69.3004,18.5934],[-69.2957,18.5888],[-69.2958,18.5872],[-69.2976,18.5831],[-69.2999,18.5815],[-69.2966,18.5783],[-69.2967,18.5755],[-69.2996,18.5735],[-69.2997,18.5735],[-69.2998,18.5734],[-69.3002,18.5733],[-69.3003,18.5733],[-69.3006,18.5734],[-69.301,18.5734],[-69.3014,18.5733],[-69.3021,18.5733],[-69.3038,18.5733],[-69.3041,18.5734],[-69.3058,18.5737],[-69.3061,18.5736],[-69.3071,18.5731],[-69.3074,18.5727],[-69.3076,18.5724],[-69.3077,18.572],[-69.3078,18.5701],[-69.3078,18.5698],[-69.3079,18.5684],[-69.3079,18.5681],[-69.308,18.5678],[-69.3081,18.5674],[-69.3081,18.5673],[-69.3081,18.5671],[-69.3095,18.562],[-69.3096,18.5614],[-69.3101,18.5606],[-69.3102,18.5606],[-69.3123,18.5616],[-69.3144,18.5611],[-69.3191,18.5576],[-69.3215,18.5568],[-69.323,18.5551],[-69.3281,18.5526],[-69.3332,18.5484],[-69.3386,18.5452],[-69.3439,18.5416],[-69.3442,18.5408],[-69.3419,18.5375],[-69.3424,18.5353],[-69.3452,18.5298],[-69.3489,18.5269],[-69.3518,18.5301],[-69.3564,18.5335],[-69.3573,18.5379],[-69.3594,18.5421],[-69.362,18.5433],[-69.3653,18.5439],[-69.3666,18.5452],[-69.3691,18.5494],[-69.3679,18.5558],[-69.368,18.5572],[-69.3696,18.5591],[-69.372,18.5659],[-69.3764,18.5704],[-69.3775,18.5722],[-69.38,18.5746],[-69.3806,18.5768],[-69.3798,18.5805],[-69.379,18.5841],[-69.3769,18.5868],[-69.3768,18.589],[-69.3785,18.5935],[-69.3817,18.5993],[-69.3838,18.6017],[-69.3882,18.6056],[-69.3941,18.6063],[-69.3967,18.6084],[-69.398,18.6106],[-69.3985,18.6108],[-69.4003,18.6116],[-69.4009,18.6145],[-69.3994,18.6152],[-69.4008,18.6172],[-69.404,18.6203],[-69.4061,18.6208],[-69.4048,18.6249],[-69.4055,18.626],[-69.4057,18.6269],[-69.4035,18.63],[-69.4008,18.6312],[-69.4008,18.6335],[-69.4026,18.6318],[-69.406,18.6342],[-69.4069,18.6361],[-69.4083,18.6387],[-69.4085,18.6417],[-69.4111,18.643],[-69.4132,18.6452],[-69.4144,18.6452],[-69.4168,18.6471],[-69.417,18.6508],[-69.4162,18.6526],[-69.4171,18.6546],[-69.4194,18.6555],[-69.4208,18.6578],[-69.4233,18.6597],[-69.4242,18.6619],[-69.4272,18.6649],[-69.4311,18.667],[-69.4337,18.6702],[-69.4378,18.6741],[-69.4353,18.6761],[-69.4334,18.677],[-69.4334,18.6782],[-69.4332,18.6791],[-69.4332,18.6804],[-69.4316,18.6822],[-69.4325,18.6839],[-69.4317,18.6857],[-69.4295,18.686],[-69.4278,18.6872],[-69.4259,18.6867],[-69.4237,18.6881],[-69.4235,18.6896],[-69.4236,18.6903],[-69.4225,18.6917],[-69.4229,18.6933],[-69.4248,18.694],[-69.4249,18.6964],[-69.4278,18.697],[-69.4304,18.6998],[-69.4291,18.702],[-69.4289,18.7042],[-69.4294,18.7052],[-69.4277,18.7069],[-69.4295,18.7082],[-69.4293,18.7124],[-69.43,18.7157],[-69.4273,18.717],[-69.428,18.7216],[-69.4302,18.7257],[-69.4291,18.7279],[-69.4313,18.7301],[-69.4315,18.7319],[-69.4307,18.7336],[-69.4317,18.7347],[-69.433,18.7375],[-69.4342,18.738],[-69.4346,18.738],[-69.4356,18.7386],[-69.4351,18.7406],[-69.4377,18.7412],[-69.4396,18.7459],[-69.4386,18.7465],[-69.4385,18.7489],[-69.4368,18.7506],[-69.4387,18.7519],[-69.439,18.7545],[-69.4394,18.7561],[-69.4381,18.7607],[-69.4391,18.7616],[-69.4421,18.762],[-69.446,18.7636],[-69.4466,18.7644],[-69.4491,18.7641],[-69.4494,18.764],[-69.4512,18.7639],[-69.4513,18.7639],[-69.4518,18.7639],[-69.452,18.7639],[-69.4532,18.7645],[-69.453,18.7653],[-69.4529,18.7654],[-69.4529,18.7655],[-69.4532,18.7659],[-69.4533,18.7659],[-69.455,18.7668],[-69.4553,18.7676],[-69.4559,18.7684],[-69.4562,18.769],[-69.4565,18.7692],[-69.4573,18.7697],[-69.4573,18.7701],[-69.4573,18.7702],[-69.4574,18.7704],[-69.4575,18.7705],[-69.4571,18.772],[-69.457,18.7736],[-69.4569,18.7737],[-69.4569,18.7757],[-69.4579,18.7791],[-69.4577,18.7814],[-69.4573,18.7845],[-69.4551,18.7851],[-69.4545,18.7885],[-69.4546,18.7913],[-69.4529,18.7914],[-69.4526,18.7937],[-69.457,18.7951],[-69.4554,18.7958],[-69.455,18.7982],[-69.4573,18.8014],[-69.457,18.8029],[-69.4547,18.803],[-69.4535,18.8043],[-69.4512,18.8048],[-69.4522,18.8065],[-69.4512,18.8085],[-69.4519,18.811]]]},"properties":{"province_name":"SAN PEDRO DE MACORÍS","municipalities":6}},
{"type":"Feature","geometry":{"type":"Polygon","coordinates":[[[-70.2676,19.163],[-70.2678,19.1631],[-70.2685,19.1639],[-70.2685,19.164],[-70.2685,19.1641],[-70.2689,19.1654],[-70.2689,19.1655],[-70.2692,19.1659],[-70.2698,19.166],[-70.2711,19.1658],[-70.2711,19.1657],[-70.2713,19.1646],[-70.2713,19.1636],[-70.2717,19.1631],[-70.2718,19.163],[-70.2716,19.1617],[-70.2712,19.1608],[-70.2713,19.1605],[-70.2715,19.16],[-70.2716,19.1598],[-70.2723,19.1594],[-70.273,19.1592],[-70.2736,19.1595],[-70.2737,19.16],[-70.2737,19.1602],[-70.2737,19.1606],[-70.2742,19.1622],[-70.2748,19.163],[-70.2749,19.1632],[-70.2754,19.1632],[-70.2755,19.163],[-70.2755,19.1621],[-70.2757,19.1604],[-70.2757,19.1603],[-70.2765,19.1598],[-70.2771,19.16],[-70.2785,19.1605],[-70.2789,19.1604],[-70.279,19.1604],[-70.2793,19.1602],[-70.2805,19.1593],[-70.2819,19.1577],[-70.2824,19.1564],[-70.2799,19.1563],[-70.2787,19.1554],[-70.2774,19.1558],[-70.2783,19.1541],[-70.2793,19.1527],[-70.2778,19.152],[-70.2763,19.1498],[-70.2746,19.1493],[-70.2734,19.1515],[-70.2721,19.1518],[-70.2719,19.1497],[-70.273,19.1489],[-70.2731,19.1469],[-70.2747,19.1462],[-70.2765,19.1466],[-70.2791,19.1446],[-70.28,19.1438],[-70.2836,19.1445],[-70.2844,19.147],[-70.2852,19.149],[-70.2901,19.1496],[-70.2895,19.1481],[-70.2894,19.1479],[-70.2891,19.1466],[-70.291,19.1449],[-70.2908,19.1433],[-70.292,19.1418],[-70.2958,19.1437],[-70.2982,19.1442],[-70.3011,19.1438],[-70.3014,19.1458],[-70.2967,19.1477],[-70.2971,19.1489],[-70.3009,19.1496],[-70.3032,19.1509],[-70.3058,19.1508],[-70.308,19.1519],[-70.3095,19.1535],[-70.3123,19.1534],[-70.3122,19.1516],[-70.3136,19.1512],[-70.3145,19.1552],[-70.3172,19.1536],[-70.3188,19.1526],[-70.3212,19.1532],[-70.3219,19.1512],[-70.3188,19.1514],[-70.3188,19.1504],[-70.3216,19.1496],[-70.3236,19.1501],[-70.3274,19.143],[-70.3304,19.1406],[-70.3328,19.1335],[-70.3346,19.1282],[-70.3348,19.1279],[-70.3346,19.126],[-70.3343,19.1231],[-70.3322,19.123],[-70.3314,19.1213],[-70.3289,19.1209],[-70.3271,19.1178],[-70.3297,19.1173],[-70.3315,19.1147],[-70.3326,19.1145],[-70.3378,19.1095],[-70.3391,19.1086],[-70.3395,19.1058],[-70.3379,19.1043],[-70.3406,19.1012],[-70.3415,19.0988],[-70.3453,19.0951],[-70.3461,19.0931],[-70.3474,19.0929],[-70.3464,19.0882],[-70.3473,19.087],[-70.3494,19.0863],[-70.35,19.0874],[-70.3505,19.0873],[-70.3513,19.085],[-70.353,19.0842],[-70.3537,19.0838],[-70.3562,19.0823],[-70.3569,19.0811],[-70.3552,19.079],[-70.3551,19.0766],[-70.3545,19.073],[-70.3546,19.0709],[-70.3534,19.0699],[-70.3518,19.0671],[-70.3537,19.0642],[-70.3559,19.0585],[-70.3579,19.0574],[-70.3576,19.0539],[-70.3596,19.0509],[-70.3605,19.0498],[-70.3649,19.0493],[-70.3723,19.0505],[-70.3718,19.0475],[-70.3693,19.0449],[-70.3683,19.0449],[-70.3679,19.0446],[-70.3672,19.0422],[-70.3684,19.0396],[-70.3697,19.0349],[-70.3707,19.0319],[-70.3697,19.0279],[-70.3703,19.0256],[-70.3704,19.0252],[-70.3705,19.0251],[-70.3706,19.0249],[-70.3706,19.0248],[-70.3707,19.0246],[-70.3709,19.024],[-70.371,19.0238],[-70.3711,19.0237],[-70.3711,19.0236],[-70.3711,19.0235],[-70.3711,19.0232],[-70.3711,19.023],[-70.3711,19.0229],[-70.371,19.0227],[-70.3703,19.0222],[-70.3698,19.021],[-70.3698,19.0209],[-70.3696,19.0205],[-70.3695,19.0202],[-70.3694,19.02],[-70.3693,19.0199],[-70.3692,19.0196],[-70.3691,19.0195],[-70.369,19.0193],[-70.3689,19.0186],[-70.3689,19.0182],[-70.369,19.018],[-70.3691,19.0178],[-70.3693,19.0175],[-70.3706,19.0164],[-70.3712,19.0156],[-70.3713,19.0149],[-70.3709,19.0141],[-70.3688,19.0122],[-70.3684,19.0111],[-70.3675,19.008],[-70.3673,19.0077],[-70.3671,19.006],[-70.3672,19.0033],[-70.3662,19.001],[-70.3647,18.9997],[-70.3645,18.9996],[-70.3627,18.9979],[-70.3621,18.9972],[-70.3613,18.9963],[-70.3609,18.9959],[-70.3604,18.996],[-70.3598,18.9961],[-70.3596,18.9957],[-70.3586,18.9952],[-70.3561,18.9944],[-70.3558,18.994],[-70.3546,18.9944],[-70.3544,18.9948],[-70.3543,18.995],[-70.3539,18.9952],[-70.3534,18.995],[-70.3529,18.9947],[-70.3523,18.9949],[-70.3511,18.9937],[-70.3485,18.9937],[-70.348,18.9937],[-70.3477,18.9932],[-70.3463,18.9932],[-70.3451,18.9926],[-70.3445,18.9924],[-70.3433,18.9925],[-70.3429,18.9925],[-70.3406,18.9917],[-70.3382,18.9921],[-70.3364,18.9926],[-70.3348,18.9921],[-70.3343,18.9923],[-70.3333,18.9912],[-70.332,18.9912],[-70.3313,18.991],[-70.3311,18.9899],[-70.3297,18.9885],[-70.3288,18.988],[-70.3283,18.9864],[-70.3276,18.985],[-70.3281,18.9833],[-70.3293,18.9818],[-70.3298,18.9796],[-70.3302,18.9775],[-70.3304,18.977],[-70.3284,18.9746],[-70.3282,18.9734],[-70.327,18.9718],[-70.3261,18.9708],[-70.3261,18.9696],[-70.3239,18.968],[-70.324,18.9677],[-70.3241,18.9665],[-70.3234,18.966],[-70.3216,18.9643],[-70.3209,18.9616],[-70.3188,18.9592],[-70.3192,18.9574],[-70.3162,18.9566],[-70.3155,18.957],[-70.3138,18.9574],[-70.3116,18.9555],[-70.311,18.9541],[-70.3094,18.9537],[-70.3093,18.9535],[-70.3076,18.9528],[-70.307,18.9526],[-70.3054,18.9531],[-70.3042,18.9536],[-70.3038,18.9536],[-70.3026,18.9525],[-70.3013,18.9515],[-70.3012,18.9499],[-70.2999,18.9478],[-70.2991,18.9468],[-70.299,18.9468],[-70.298,18.9451],[-70.2971,18.9423],[-70.2973,18.9386],[-70.2969,18.9377],[-70.2961,18.937],[-70.2954,18.9369],[-70.2935,18.9353],[-70.2933,18.9346],[-70.2918,18.9321],[-70.2906,18.9315],[-70.2902,18.9315],[-70.2886,18.9315],[-70.2857,18.9328],[-70.2837,18.9323],[-70.2817,18.9321],[-70.2792,18.9339],[-70.2774,18.9333],[-70.2762,18.9332],[-70.2749,18.9335],[-70.2739,18.9329],[-70.2706,18.9318],[-70.2682,18.9299],[-70.2659,18.9298],[-70.2649,18.9281],[-70.2614,18.9287],[-70.2575,18.9301],[-70.256,18.9301],[-70.256,18.9289],[-70.256,18.9288],[-70.2558,18.9282],[-70.2559,18.9279],[-70.2561,18.9277],[-70.256,18.9273],[-70.2557,18.9269],[-70.2549,18.9266],[-70.2548,18.9264],[-70.2548,18.926],[-70.2553,18.925],[-70.2572,18.9221],[-70.2574,18.9187],[-70.2566,18.9177],[-70.2563,18.9163],[-70.2569,18.9161],[-70.2573,18.9162],[-70.2578,18.9161],[-70.2577,18.9157],[-70.2576,18.9157],[-70.2569,18.9154],[-70.2566,18.9152],[-70.2563,18.9151],[-70.2557,18.9147],[-70.2554,18.9137],[-70.2555,18.9136],[-70.2554,18.9129],[-70.2554,18.9128],[-70.2555,18.9123],[-70.2558,18.9123],[-70.2562,18.9122],[-70.2563,18.9123],[-70.2567,18.9128],[-70.2576,18.913],[-70.2575,18.9124],[-70.2573,18.9117],[-70.2575,18.911],[-70.2575,18.9109],[-70.2578,18.9103],[-70.2578,18.91],[-70.2577,18.9097],[-70.2575,18.9094],[-70.2576,18.9092],[-70.2576,18.9091],[-70.2568,18.9086],[-70.2559,18.9083],[-70.2556,18.9087],[-70.2555,18.9091],[-70.2561,18.9092],[-70.2563,18.9095],[-70.2563,18.9097],[-70.256,18.9098],[-70.2559,18.9098],[-70.2558,18.9098],[-70.2556,18.9099],[-70.2554,18.9098],[-70.2553,18.91],[-70.2555,18.9102],[-70.2554,18.9104],[-70.2542,18.9104],[-70.2526,18.9096],[-70.2521,18.9097],[-70.2519,18.9097],[-70.2518,18.9098],[-70.2515,18.9098],[-70.2514,18.9096],[-70.2513,18.9095],[-70.2513,18.9092],[-70.2508,18.9082],[-70.2504,18.9084],[-70.25,18.9089],[-70.2492,18.9079],[-70.2492,18.9076],[-70.2492,18.9074],[-70.2489,18.9069],[-70.2487,18.9066],[-70.2487,18.9057],[-70.2489,18.9051],[-70.2489,18.9049],[-70.248,18.9049],[-70.2476,18.9052],[-70.2472,18.9054],[-70.247,18.9055],[-70.2462,18.9054],[-70.2461,18.9053],[-70.2459,18.9046],[-70.2455,18.9042],[-70.2453,18.904],[-70.2452,18.9037],[-70.2451,18.9034],[-70.2455,18.903],[-70.2456,18.9027],[-70.2451,18.902],[-70.2448,18.9012],[-70.2444,18.9011],[-70.2441,18.9012],[-70.2436,18.9013],[-70.2436,18.9015],[-70.2437,18.9018],[-70.2435,18.902],[-70.2432,18.9021],[-70.2423,18.9024],[-70.2418,18.9019],[-70.2417,18.9019],[-70.2413,18.9018],[-70.2413,18.9019],[-70.2409,18.902],[-70.2408,18.9019],[-70.2404,18.9019],[-70.24,18.9019],[-70.2399,18.902],[-70.2395,18.9024],[-70.2391,18.9024],[-70.2385,18.9022],[-70.2385,18.9019],[-70.2386,18.9019],[-70.2388,18.9018],[-70.2386,18.9014],[-70.2383,18.9011],[-70.2381,18.9013],[-70.238,18.9014],[-70.238,18.9015],[-70.2379,18.9016],[-70.2375,18.9013],[-70.2374,18.9012],[-70.2372,18.9005],[-70.2371,18.9005],[-70.2367,18.9003],[-70.2368,18.8997],[-70.2374,18.8994],[-70.2379,18.899],[-70.2378,18.8988],[-70.2377,18.8988],[-70.2375,18.8985],[-70.2374,18.8984],[-70.2376,18.8982],[-70.2376,18.8978],[-70.2374,18.8976],[-70.2373,18.8976],[-70.2369,18.898],[-70.2362,18.8982],[-70.2357,18.8984],[-70.2354,18.8983],[-70.2353,18.8981],[-70.2351,18.8977],[-70.2347,18.8971],[-70.2345,18.8969],[-70.2348,18.897],[-70.2348,18.8969],[-70.2348,18.8967],[-70.2348,18.8966],[-70.2347,18.8966],[-70.2344,18.8967],[-70.2342,18.8966],[-70.2341,18.8965],[-70.2342,18.8962],[-70.2344,18.8964],[-70.2345,18.8964],[-70.2346,18.8963],[-70.235,18.8961],[-70.2352,18.8961],[-70.2352,18.8963],[-70.2352,18.8964],[-70.2354,18.8964],[-70.2356,18.8964],[-70.2356,18.8963],[-70.2359,18.8956],[-70.2355,18.8954],[-70.2349,18.8948],[-70.2347,18.8941],[-70.2346,18.8939],[-70.2344,18.8938],[-70.2342,18.8936],[-70.2335,18.8938],[-70.2328,18.894],[-70.2325,18.8939],[-70.2324,18.893],[-70.2324,18.8926],[-70.2326,18.8925],[-70.2334,18.8915],[-70.2339,18.891],[-70.2337,18.8908],[-70.2337,18.8907],[-70.2335,18.8904],[-70.2335,18.8903],[-70.2336,18.8895],[-70.2335,18.8894],[-70.2334,18.8892],[-70.2333,18.8891],[-70.2327,18.8889],[-70.2325,18.8888],[-70.2325,18.8885],[-70.2326,18.8883],[-70.2335,18.8885],[-70.2337,18.8885],[-70.2344,18.8886],[-70.2351,18.8885],[-70.2351,18.8883],[-70.234,18.8875],[-70.2332,18.8873],[-70.232,18.8872],[-70.2317,18.8869],[-70.2316,18.8863],[-70.2313,18.8857],[-70.2309,18.8856],[-70.2308,18.8857],[-70.2305,18.8859],[-70.2299,18.8855],[-70.2282,18.8842],[-70.2279,18.8839],[-70.2275,18.8837],[-70.2273,18.8836],[-70.2269,18.8835],[-70.2268,18.8832],[-70.2263,18.8825],[-70.2261,18.8824],[-70.2258,18.8821],[-70.2248,18.8816],[-70.2244,18.8813],[-70.2242,18.8811],[-70.2236,18.8807],[-70.2234,18.8805],[-70.2231,18.8805],[-70.2227,18.8807],[-70.2226,18.8812],[-70.2223,18.8812],[-70.2217,18.8808],[-70.2215,18.8806],[-70.2216,18.8803],[-70.2224,18.8791],[-70.2227,18.8768],[-70.2226,18.8765],[-70.2225,18.8764],[-70.2223,18.8763],[-70.2222,18.8764],[-70.2216,18.8759],[-70.2216,18.8758],[-70.2215,18.8756],[-70.2218,18.8754],[-70.2222,18.8752],[-70.2223,18.8751],[-70.2225,18.8749],[-70.2224,18.8748],[-70.2219,18.8745],[-70.2222,18.874],[-70.2228,18.8739],[-70.2229,18.8739],[-70.2244,18.8737],[-70.2243,18.8736],[-70.2237,18.8728],[-70.2233,18.8726],[-70.2231,18.8723],[-70.2235,18.8713],[-70.2245,18.87],[-70.2248,18.8697],[-70.2251,18.8698],[-70.2253,18.8702],[-70.2257,18.8702],[-70.2258,18.8701],[-70.2254,18.869],[-70.2251,18.8689],[-70.225,18.869],[-70.2247,18.8691],[-70.2242,18.8689],[-70.2237,18.8689],[-70.2236,18.8688],[-70.2235,18.8685],[-70.2236,18.8681],[-70.2236,18.868],[-70.2235,18.8677],[-70.2236,18.8675],[-70.2244,18.8665],[-70.2247,18.8663],[-70.2247,18.8662],[-70.2248,18.8661],[-70.2253,18.8662],[-70.2255,18.8662],[-70.2256,18.866],[-70.2257,18.8659],[-70.2253,18.8647],[-70.2253,18.8645],[-70.2259,18.864],[-70.2261,18.8636],[-70.2264,18.8633],[-70.2259,18.8625],[-70.2259,18.8617],[-70.2261,18.8615],[-70.2269,18.8607],[-70.2287,18.858],[-70.2288,18.8575],[-70.2291,18.8573],[-70.2294,18.857],[-70.2298,18.8567],[-70.2303,18.8565],[-70.2308,18.8563],[-70.2318,18.8555],[-70.2325,18.8531],[-70.2326,18.8528],[-70.2327,18.8524],[-70.2326,18.8523],[-70.2327,18.8521],[-70.2323,18.8515],[-70.2322,18.8514],[-70.2322,18.8513],[-70.2323,18.8511],[-70.2324,18.851],[-70.2325,18.8509],[-70.2324,18.8505],[-70.2325,18.8504],[-70.2324,18.8502],[-70.2323,18.8501],[-70.2322,18.85],[-70.2321,18.8497],[-70.2321,18.8496],[-70.2322,18.8495],[-70.2328,18.8492],[-70.2332,18.8491],[-70.2337,18.849],[-70.2338,18.849],[-70.2346,18.8488],[-70.2349,18.8487],[-70.2356,18.8487],[-70.2358,18.8485],[-70.236,18.8484],[-70.2361,18.8482],[-70.2362,18.8483],[-70.239,18.8467],[-70.2399,18.8456],[-70.241,18.8452],[-70.2413,18.845],[-70.2422,18.8444],[-70.2426,18.8441],[-70.2438,18.8439],[-70.2452,18.8429],[-70.2454,18.8412],[-70.2417,18.8417],[-70.2385,18.8432],[-70.2354,18.8423],[-70.2333,18.8425],[-70.2306,18.8437],[-70.2276,18.8438],[-70.2231,18.8463],[-70.2228,18.8474],[-70.219,18.8516],[-70.2175,18.8564],[-70.2135,18.8569],[-70.2107,18.859],[-70.2061,18.8611],[-70.2042,18.8635],[-70.2028,18.8642],[-70.1982,18.8681],[-70.1954,18.87],[-70.1951,18.8722],[-70.194,18.8737],[-70.1932,18.8747],[-70.1909,18.8753],[-70.1887,18.872],[-70.1881,18.8716],[-70.1876,18.8697],[-70.186,18.869],[-70.184,18.868],[-70.1833,18.8677],[-70.1811,18.8679],[-70.1795,18.8693],[-70.1762,18.8706],[-70.1737,18.87],[-70.173,18.8699],[-70.1708,18.8691],[-70.1702,18.8679],[-70.1681,18.8688],[-70.1643,18.8712],[-70.1624,18.8718],[-70.1601,18.8735],[-70.1584,18.874],[-70.1536,18.8737],[-70.1511,18.871],[-70.1489,18.8703],[-70.147,18.8677],[-70.1449,18.8665],[-70.1398,18.8673],[-70.1369,18.869],[-70.1321,18.8692],[-70.1272,18.8672],[-70.1252,18.8657],[-70.1232,18.8665],[-70.1207,18.8654],[-70.1183,18.8654],[-70.1172,18.8683],[-70.1158,18.8706],[-70.114,18.8749],[-70.1146,18.8777],[-70.1147,18.8809],[-70.1173,18.8886],[-70.116,18.8889],[-70.112,18.8868],[-70.1108,18.8874],[-70.1083,18.891],[-70.1023,18.888],[-70.0998,18.8855],[-70.0986,18.8851],[-70.0972,18.8849],[-70.0959,18.8846],[-70.0957,18.8845],[-70.0955,18.8843],[-70.0948,18.8841],[-70.094,18.8841],[-70.0923,18.8846],[-70.092,18.885],[-70.0905,18.8863],[-70.0897,18.8866],[-70.0895,18.8868],[-70.0893,18.8868],[-70.0888,18.8869],[-70.0876,18.8875],[-70.0873,18.8874],[-70.0872,18.8873],[-70.0871,18.8871],[-70.087,18.887],[-70.0869,18.8868],[-70.0866,18.8866],[-70.0864,18.8866],[-70.0861,18.8867],[-70.086,18.8868],[-70.0859,18.8871],[-70.0859,18.8872],[-70.0857,18.8876],[-70.0844,18.8903],[-70.0842,18.8903],[-70.0827,18.8906],[-70.0799,18.8908],[-70.0778,18.8912],[-70.0754,18.8898],[-70.0752,18.8873],[-70.0737,18.8861],[-70.0715,18.8821],[-70.0703,18.8813],[-70.0698,18.8811],[-70.0679,18.8803],[-70.0675,18.88],[-70.0669,18.8797],[-70.0667,18.8797],[-70.0666,18.8797],[-70.0665,18.8797],[-70.0664,18.8797],[-70.0663,18.8797],[-70.066,18.8797],[-70.0656,18.8797],[-70.0651,18.8797],[-70.0628,18.88],[-70.0621,18.8799],[-70.0596,18.8785],[-70.0565,18.8811],[-70.0532,18.8802],[-70.049,18.8808],[-70.0462,18.8856],[-70.0417,18.8898],[-70.0392,18.8903],[-70.0384,18.8928],[-70.0368,18.8916],[-70.0346,18.8881],[-70.0298,18.8866],[-70.0284,18.8905],[-70.0274,18.8953],[-70.0257,18.9062],[-70.0226,18.9083],[-70.0187,18.9091],[-70.0175,18.9112],[-70.0168,18.9156],[-70.0143,18.9143],[-70.0124,18.9121],[-70.0078,18.9106],[-70.0035,18.9084],[-70.0033,18.9064],[-70.0045,18.9022],[-70.0044,18.8999],[-70.0033,18.8976],[-69.9976,18.8935],[-69.9984,18.891],[-69.9984,18.8881],[-69.9929,18.8874],[-69.9873,18.8891],[-69.9829,18.8886],[-69.9812,18.8896],[-69.9785,18.8935],[-69.9764,18.894],[-69.9732,18.8929],[-69.9676,18.8939],[-69.9659,18.8939],[-69.9633,18.8975],[-69.9605,18.8975],[-69.9588,18.8983],[-69.9571,18.9002],[-69.957,18.9018],[-69.9534,18.9039],[-69.9531,18.9058],[-69.9535,18.9065],[-69.9535,18.912],[-69.9523,18.9133],[-69.9523,18.9155],[-69.9512,18.9179],[-69.9476,18.9188],[-69.9466,18.9197],[-69.9464,18.9222],[-69.9439,18.9231],[-69.9427,18.9285],[-69.9416,18.9286],[-69.9401,18.9282],[-69.9388,18.9305],[-69.9384,18.932],[-69.9379,18.9352],[-69.9362,18.937],[-69.9369,18.9386],[-69.9345,18.9393],[-69.9348,18.9421],[-69.9343,18.9436],[-69.932,18.9458],[-69.933,18.948],[-69.9314,18.9494],[-69.9312,18.951],[-69.9296,18.9518],[-69.9288,18.954],[-69.9263,18.9556],[-69.9273,18.9574],[-69.926,18.9601],[-69.9263,18.9622],[-69.924,18.9674],[-69.9231,18.9679],[-69.9228,18.9692],[-69.9226,18.9704],[-69.9255,18.9736],[-69.9272,18.9777],[-69.9253,18.9809],[-69.9236,18.9816],[-69.9235,18.985],[-69.922,18.9858],[-69.9222,18.9889],[-69.9242,18.9909],[-69.9258,18.9912],[-69.9309,18.9949],[-69.9321,18.9965],[-69.9326,19.0003],[-69.9308,19.0028],[-69.93,19.0056],[-69.9289,19.0063],[-69.9298,19.0081],[-69.9316,19.0101],[-69.9296,19.012],[-69.9298,19.013],[-69.927,19.0152],[-69.9275,19.0165],[-69.9238,19.0213],[-69.9221,19.0216],[-69.9224,19.0236],[-69.9215,19.0257],[-69.9198,19.0253],[-69.9184,19.0262],[-69.9179,19.0286],[-69.9159,19.0294],[-69.9171,19.0324],[-69.9158,19.0328],[-69.9144,19.0373],[-69.9144,19.0386],[-69.9143,19.0402],[-69.9116,19.0413],[-69.9114,19.0435],[-69.911,19.0449],[-69.9092,19.0452],[-69.9072,19.0478],[-69.9061,19.0484],[-69.9057,19.049],[-69.9057,19.0499],[-69.9073,19.052],[-69.9079,19.0521],[-69.9088,19.052],[-69.9091,19.0522],[-69.9091,19.0523],[-69.909,19.0524],[-69.9089,19.0525],[-69.9088,19.0527],[-69.9087,19.0528],[-69.9084,19.053],[-69.9085,19.0532],[-69.9089,19.0533],[-69.9094,19.0532],[-69.9095,19.0531],[-69.9096,19.0531],[-69.9097,19.053],[-69.91,19.0533],[-69.9102,19.0534],[-69.9104,19.0536],[-69.9105,19.0538],[-69.9105,19.0539],[-69.9101,19.0541],[-69.9097,19.0541],[-69.9096,19.0541],[-69.9095,19.0542],[-69.9094,19.0543],[-69.9091,19.0544],[-69.9089,19.0542],[-69.9088,19.0539],[-69.9084,19.0538],[-69.9082,19.054],[-69.9081,19.0545],[-69.9081,19.0546],[-69.9081,19.0547],[-69.9078,19.0549],[-69.9077,19.0548],[-69.9076,19.0548],[-69.9075,19.0547],[-69.907,19.0543],[-69.9063,19.0547],[-69.9063,19.055],[-69.9064,19.0551],[-69.9065,19.0553],[-69.9066,19.0555],[-69.9066,19.0556],[-69.9065,19.0559],[-69.9065,19.0561],[-69.9064,19.0562],[-69.9064,19.0563],[-69.9065,19.0565],[-69.9066,19.0564],[-69.9067,19.0564],[-69.9069,19.0561],[-69.9073,19.0559],[-69.908,19.056],[-69.9081,19.056],[-69.9085,19.0563],[-69.9084,19.0566],[-69.9081,19.0567],[-69.9077,19.0573],[-69.908,19.0583],[-69.908,19.0584],[-69.9081,19.0585],[-69.9082,19.0587],[-69.9081,19.0589],[-69.9077,19.0588],[-69.9077,19.0587],[-69.9072,19.0585],[-69.9073,19.0592],[-69.9078,19.0597],[-69.9079,19.0597],[-69.908,19.0599],[-69.9081,19.0604],[-69.9079,19.0607],[-69.9078,19.0607],[-69.9072,19.0606],[-69.9071,19.0607],[-69.907,19.0616],[-69.906,19.0614],[-69.9059,19.0616],[-69.9059,19.0618],[-69.9058,19.0622],[-69.9059,19.0624],[-69.9058,19.0628],[-69.9051,19.0637],[-69.9051,19.0641],[-69.9053,19.0646],[-69.9057,19.0653],[-69.9058,19.0656],[-69.9058,19.0659],[-69.9056,19.0662],[-69.9055,19.0662],[-69.9053,19.0666],[-69.9053,19.0667],[-69.9052,19.0668],[-69.9066,19.0697],[-69.9061,19.0718],[-69.9061,19.0719],[-69.9056,19.073],[-69.9053,19.0735],[-69.9052,19.0737],[-69.905,19.0739],[-69.9047,19.0748],[-69.9046,19.075],[-69.9037,19.0759],[-69.9028,19.0777],[-69.9029,19.078],[-69.9026,19.0783],[-69.9026,19.0786],[-69.9026,19.0787],[-69.9025,19.079],[-69.9021,19.0793],[-69.9019,19.0795],[-69.9015,19.08],[-69.9007,19.0806],[-69.8998,19.0813],[-69.8972,19.0881],[-69.8952,19.0918],[-69.895,19.0928],[-69.8946,19.0962],[-69.8954,19.0984],[-69.8968,19.0994],[-69.8988,19.0999],[-69.9003,19.0998],[-69.9019,19.1002],[-69.904,19.1015],[-69.9068,19.1019],[-69.9123,19.1049],[-69.918,19.1056],[-69.9183,19.1053],[-69.9194,19.1051],[-69.9203,19.1057],[-69.9246,19.1062],[-69.9271,19.1074],[-69.9272,19.1076],[-69.928,19.1081],[-69.9299,19.1105],[-69.9304,19.1129],[-69.9297,19.1165],[-69.9305,19.1171],[-69.9298,19.1206],[-69.9297,19.1213],[-69.9294,19.122],[-69.9364,19.1244],[-69.9421,19.1257],[-69.9455,19.1242],[-69.9475,19.1245],[-69.9501,19.1263],[-69.9521,19.1264],[-69.952,19.1238],[-69.9499,19.119],[-69.9501,19.1166],[-69.9495,19.1153],[-69.9475,19.1108],[-69.9472,19.1087],[-69.9458,19.1051],[-69.946,19.098],[-69.9558,19.0978],[-69.9722,19.0992],[-69.9884,19.0997],[-69.9872,19.0945],[-69.9878,19.0912],[-69.9891,19.088],[-69.9872,19.087],[-69.9866,19.0854],[-69.9865,19.0841],[-69.9849,19.0823],[-69.9864,19.0813],[-69.9866,19.0812],[-69.9887,19.0806],[-69.9898,19.081],[-69.9898,19.0809],[-69.9911,19.0783],[-69.9922,19.0782],[-69.9926,19.078],[-69.9934,19.0767],[-69.9938,19.0759],[-69.9942,19.0759],[-69.9945,19.0759],[-69.995,19.0758],[-69.9953,19.0758],[-69.9957,19.0754],[-69.9954,19.0748],[-69.9964,19.0743],[-69.9966,19.0753],[-69.9991,19.0761],[-70.0008,19.0803],[-70.0042,19.0814],[-70.0071,19.0833],[-70.0109,19.085],[-70.0151,19.0848],[-70.0187,19.0854],[-70.0217,19.087],[-70.0277,19.0912],[-70.0345,19.0965],[-70.0396,19.1018],[-70.0419,19.1055],[-70.0438,19.1094],[-70.0438,19.1112],[-70.0417,19.1107],[-70.0409,19.1123],[-70.044,19.114],[-70.0442,19.1159],[-70.0455,19.1168],[-70.0444,19.1205],[-70.0427,19.1227],[-70.043,19.1241],[-70.0434,19.129],[-70.0414,19.1303],[-70.0414,19.1327],[-70.0441,19.1352],[-70.0451,19.1357],[-70.0453,19.1358],[-70.0454,19.1359],[-70.0457,19.1362],[-70.0467,19.1365],[-70.0475,19.1365],[-70.05,19.1371],[-70.0502,19.1373],[-70.0503,19.1375],[-70.0505,19.1378],[-70.0507,19.1381],[-70.0524,19.1392],[-70.0533,19.14],[-70.0534,19.1402],[-70.0536,19.1416],[-70.0554,19.144],[-70.0565,19.1438],[-70.0579,19.1428],[-70.0584,19.1424],[-70.0588,19.142],[-70.0594,19.1417],[-70.0598,19.1416],[-70.0601,19.1415],[-70.0607,19.1416],[-70.0612,19.1423],[-70.0614,19.1434],[-70.0636,19.1448],[-70.0643,19.1452],[-70.0647,19.1458],[-70.066,19.1467],[-70.0695,19.147],[-70.0697,19.1477],[-70.0697,19.1479],[-70.0698,19.1481],[-70.0703,19.1485],[-70.0706,19.1486],[-70.0721,19.149],[-70.0722,19.149],[-70.0727,19.1492],[-70.0728,19.1492],[-70.0735,19.1495],[-70.0737,19.1496],[-70.0744,19.1501],[-70.0745,19.1502],[-70.0764,19.1515],[-70.0805,19.1525],[-70.0817,19.1527],[-70.0825,19.1529],[-70.0837,19.153],[-70.0853,19.1536],[-70.0854,19.1536],[-70.0857,19.1539],[-70.0863,19.1542],[-70.0882,19.1547],[-70.0913,19.1545],[-70.0945,19.1538],[-70.0953,19.1538],[-70.0976,19.1525],[-70.0979,19.1523],[-70.0985,19.1514],[-70.0994,19.1504],[-70.0996,19.1502],[-70.1,19.1501],[-70.1014,19.1511],[-70.1017,19.1524],[-70.1035,19.1539],[-70.1059,19.1539],[-70.1074,19.154],[-70.1078,19.154],[-70.1083,19.1542],[-70.1084,19.1545],[-70.1084,19.1549],[-70.108,19.1564],[-70.107,19.1564],[-70.1066,19.1563],[-70.1057,19.1559],[-70.1041,19.1553],[-70.1035,19.1572],[-70.1042,19.158],[-70.1043,19.1583],[-70.1049,19.1597],[-70.1063,19.1596],[-70.1066,19.1586],[-70.1068,19.158],[-70.1085,19.1588],[-70.1085,19.159],[-70.1113,19.1599],[-70.1125,19.1595],[-70.1127,19.1595],[-70.113,19.1593],[-70.1136,19.159],[-70.1137,19.159],[-70.1143,19.1586],[-70.1162,19.1587],[-70.1159,19.1605],[-70.116,19.1608],[-70.1167,19.1612],[-70.117,19.1613],[-70.1177,19.1613],[-70.119,19.1593],[-70.1181,19.1583],[-70.118,19.158],[-70.118,19.1579],[-70.118,19.1578],[-70.1183,19.1564],[-70.1187,19.1543],[-70.1189,19.1542],[-70.1192,19.1541],[-70.1196,19.154],[-70.1215,19.1547],[-70.1216,19.155],[-70.121,19.1554],[-70.1199,19.157],[-70.1247,19.1582],[-70.1251,19.1582],[-70.1276,19.1584],[-70.1289,19.1582],[-70.1294,19.1572],[-70.1294,19.1571],[-70.1292,19.1551],[-70.1292,19.1548],[-70.1269,19.1534],[-70.1269,19.1533],[-70.128,19.151],[-70.1304,19.1494],[-70.131,19.1502],[-70.1317,19.1508],[-70.1321,19.1507],[-70.1337,19.1504],[-70.1343,19.1503],[-70.1344,19.1503],[-70.1368,19.1506],[-70.1371,19.151],[-70.1371,19.1518],[-70.137,19.1521],[-70.1369,19.1526],[-70.1371,19.1533],[-70.1348,19.154],[-70.1338,19.1544],[-70.1344,19.1565],[-70.1321,19.1579],[-70.1312,19.1593],[-70.1312,19.1594],[-70.133,19.1588],[-70.1331,19.1588],[-70.1337,19.1588],[-70.1339,19.159],[-70.1341,19.1602],[-70.1342,19.161],[-70.1342,19.1614],[-70.1343,19.1616],[-70.1343,19.1617],[-70.1347,19.1625],[-70.1355,19.1631],[-70.1356,19.1632],[-70.1372,19.1633],[-70.1376,19.1624],[-70.1354,19.1615],[-70.1378,19.1591],[-70.1386,19.1584],[-70.1387,19.1581],[-70.1395,19.1574],[-70.1402,19.1589],[-70.1402,19.159],[-70.1404,19.1593],[-70.1407,19.1596],[-70.1409,19.1598],[-70.1414,19.16],[-70.1438,19.1598],[-70.1461,19.1604],[-70.1471,19.1593],[-70.1472,19.1592],[-70.1476,19.159],[-70.1481,19.1577],[-70.1462,19.1562],[-70.1461,19.1561],[-70.1472,19.1542],[-70.1495,19.1548],[-70.1512,19.1546],[-70.1515,19.1535],[-70.1517,19.153],[-70.1536,19.1541],[-70.1537,19.1542],[-70.1537,19.1546],[-70.1548,19.1564],[-70.1561,19.1562],[-70.1572,19.1546],[-70.1558,19.1539],[-70.1555,19.1536],[-70.1566,19.1527],[-70.1582,19.1519],[-70.1585,19.1517],[-70.1601,19.1536],[-70.1602,19.156],[-70.1603,19.1564],[-70.1605,19.1569],[-70.1618,19.1552],[-70.1637,19.1555],[-70.1644,19.156],[-70.1652,19.1561],[-70.1655,19.156],[-70.1657,19.1556],[-70.1659,19.1551],[-70.1683,19.1528],[-70.1699,19.1519],[-70.1722,19.1519],[-70.1727,19.152],[-70.1729,19.153],[-70.1716,19.1543],[-70.1712,19.1556],[-70.1708,19.1563],[-70.1707,19.1565],[-70.1692,19.1576],[-70.1713,19.1589],[-70.1705,19.1612],[-70.1712,19.1636],[-70.1718,19.1643],[-70.1723,19.1646],[-70.1747,19.1647],[-70.1766,19.1649],[-70.1778,19.1657],[-70.1796,19.1637],[-70.1812,19.1632],[-70.1814,19.1636],[-70.1837,19.1648],[-70.1848,19.1625],[-70.1859,19.1615],[-70.1866,19.1611],[-70.1874,19.1608],[-70.1884,19.1602],[-70.1915,19.1581],[-70.1925,19.1576],[-70.1936,19.1566],[-70.1966,19.1536],[-70.1969,19.1533],[-70.1977,19.1526],[-70.198,19.1525],[-70.2003,19.1512],[-70.2019,19.1515],[-70.2018,19.1537],[-70.203,19.1556],[-70.2031,19.1557],[-70.2032,19.1558],[-70.2036,19.1563],[-70.2047,19.1558],[-70.2051,19.1534],[-70.2055,19.1521],[-70.2056,19.1511],[-70.2055,19.1499],[-70.2056,19.1485],[-70.2058,19.1477],[-70.2059,19.1472],[-70.206,19.1464],[-70.2061,19.1459],[-70.2062,19.1452],[-70.2062,19.1445],[-70.2064,19.1441],[-70.2064,19.144],[-70.2069,19.1432],[-70.2076,19.1423],[-70.2078,19.142],[-70.2081,19.1418],[-70.2095,19.1422],[-70.2117,19.143],[-70.2139,19.1445],[-70.2153,19.1449],[-70.216,19.145],[-70.2163,19.1451],[-70.217,19.1453],[-70.2172,19.1455],[-70.2189,19.1461],[-70.2192,19.1462],[-70.2197,19.1463],[-70.2199,19.1464],[-70.22,19.1464],[-70.2215,19.1467],[-70.2221,19.147],[-70.2277,19.1496],[-70.2281,19.1505],[-70.2276,19.1513],[-70.2282,19.1526],[-70.2287,19.1533],[-70.2298,19.1561],[-70.2297,19.1564],[-70.2298,19.157],[-70.2298,19.1571],[-70.2298,19.1576],[-70.2299,19.158],[-70.2323,19.1582],[-70.2338,19.1578],[-70.2341,19.1577],[-70.2346,19.1576],[-70.2351,19.1573],[-70.2363,19.1566],[-70.2369,19.1561],[-70.2372,19.1559],[-70.2375,19.1556],[-70.2377,19.1555],[-70.2378,19.1554],[-70.2387,19.1548],[-70.2389,19.1547],[-70.2392,19.1545],[-70.2396,19.1543],[-70.24,19.1541],[-70.2401,19.154],[-70.2402,19.154],[-70.2412,19.1538],[-70.2419,19.1541],[-70.2421,19.1543],[-70.2432,19.1552],[-70.2448,19.1558],[-70.245,19.1559],[-70.2463,19.156],[-70.2472,19.1561],[-70.2494,19.1569],[-70.2489,19.1574],[-70.2485,19.1576],[-70.2481,19.1578],[-70.248,19.1579],[-70.2466,19.1577],[-70.246,19.1578],[-70.2455,19.1578],[-70.2454,19.1578],[-70.2447,19.1579],[-70.2443,19.1583],[-70.2441,19.161],[-70.2444,19.1617],[-70.2448,19.1619],[-70.2453,19.1621],[-70.2461,19.162],[-70.2462,19.162],[-70.2463,19.1619],[-70.2482,19.161],[-70.2483,19.1608],[-70.2492,19.1602],[-70.2495,19.1601],[-70.2499,19.16],[-70.2502,19.1598],[-70.2503,19.1598],[-70.2508,19.1597],[-70.2518,19.1593],[-70.2525,19.1589],[-70.2531,19.1584],[-70.2549,19.1585],[-70.256,19.1603],[-70.256,19.1604],[-70.2552,19.1613],[-70.2549,19.1616],[-70.2548,19.1618],[-70.2548,19.1619],[-70.2547,19.1619],[-70.254,19.1638],[-70.2539,19.1641],[-70.2539,19.1643],[-70.2555,19.1634],[-70.2556,19.1633],[-70.257,19.1626],[-70.2581,19.1624],[-70.2581,19.1614],[-70.2584,19.1607],[-70.2587,19.1606],[-70.2604,19.1606],[-70.2606,19.1607],[-70.2611,19.1608],[-70.2614,19.1608],[-70.2621,19.1607],[-70.2632,19.1605],[-70.2635,19.1604],[-70.2637,19.1602],[-70.2643,19.1598],[-70.2647,19.1597],[-70.2648,19.1596],[-70.2668,19.1593],[-70.2672,19.1598],[-70.2672,19.1599],[-70.2662,19.1613],[-70.2662,19.1614],[-70.2662,19.1618],[-70.2662,19.1623],[-70.2662,19.1626],[-70.2662,19.1627],[-70.2662,19.1628],[-70.2676,19.163]]]},"properties":{"province_name":"SANCHEZ RAMÍREZ","municipalities":4}},
{"type":"Feature","geometry":{"type":"Polygon","coordinates":[[[-70.5456,19.5171],[-70.5495,19.5201],[-70.5564,19.5244],[-70.561,19.5262],[-70.5668,19.5309],[-70.5712,19.5329],[-70.5756,19.5342],[-70.5744,19.5365],[-70.5754,19.5397],[-70.5725,19.5421],[-70.5732,19.5438],[-70.5753,19.5452],[-70.578,19.5454],[-70.5822,19.5431],[-70.5854,19.5422],[-70.5875,19.5426],[-70.5919,19.5448],[-70.5952,19.546],[-70.6007,19.5457],[-70.6074,19.5458],[-70.6117,19.5462],[-70.6152,19.5453],[-70.618,19.5455],[-70.6249,19.5498],[-70.6268,19.5507],[-70.6287,19.5537],[-70.6274,19.5556],[-70.6268,19.5602],[-70.627,19.5623],[-70.6291,19.564],[-70.6306,19.5662],[-70.6328,19.5671],[-70.6331,19.5706],[-70.6347,19.572],[-70.6311,19.5767],[-70.6304,19.5792],[-70.6309,19.5837],[-70.6302,19.5855],[-70.6308,19.5896],[-70.6324,19.5923],[-70.6322,19.5969],[-70.6343,19.5993],[-70.6352,19.6017],[-70.6348,19.6057],[-70.6309,19.6083],[-70.6321,19.6095],[-70.6353,19.6113],[-70.6364,19.6158],[-70.6403,19.6173],[-70.6407,19.6181],[-70.6465,19.6211],[-70.654,19.6226],[-70.6582,19.623],[-70.6625,19.6225],[-70.6657,19.6228],[-70.6675,19.6247],[-70.6719,19.6262],[-70.6741,19.626],[-70.68,19.6265],[-70.683,19.6289],[-70.6851,19.6339],[-70.6857,19.6373],[-70.685,19.6395],[-70.6867,19.6423],[-70.6884,19.6466],[-70.6955,19.6479],[-70.6971,19.6495],[-70.7001,19.6506],[-70.7028,19.6509],[-70.7052,19.65],[-70.708,19.6463],[-70.7103,19.645],[-70.7112,19.6437],[-70.7116,19.6407],[-70.7104,19.6385],[-70.7095,19.635],[-70.713,19.6278],[-70.7124,19.624],[-70.7098,19.6207],[-70.7081,19.6197],[-70.7054,19.614],[-70.7056,19.611],[-70.7078,19.6083],[-70.7089,19.6018],[-70.7096,19.5993],[-70.7115,19.5973],[-70.7154,19.5957],[-70.7196,19.5933],[-70.7256,19.5908],[-70.732,19.5888],[-70.7347,19.5859],[-70.7366,19.5854],[-70.7409,19.5826],[-70.7456,19.5806],[-70.7486,19.5805],[-70.7503,19.5815],[-70.7521,19.5844],[-70.7538,19.5934],[-70.7557,19.5972],[-70.7584,19.5985],[-70.7614,19.5991],[-70.7653,19.5982],[-70.7736,19.6008],[-70.7739,19.6031],[-70.7768,19.61],[-70.7779,19.6112],[-70.7805,19.6127],[-70.7846,19.6171],[-70.7841,19.6193],[-70.7876,19.62],[-70.7869,19.6226],[-70.7897,19.6227],[-70.7913,19.6243],[-70.8018,19.6311],[-70.8033,19.6311],[-70.8069,19.6331],[-70.8128,19.6354],[-70.8165,19.6362],[-70.8188,19.6345],[-70.8164,19.6301],[-70.8193,19.626],[-70.8204,19.6266],[-70.8243,19.6317],[-70.8262,19.632],[-70.8279,19.6358],[-70.832,19.6364],[-70.8339,19.6377],[-70.8367,19.6379],[-70.8392,19.6391],[-70.8413,19.6386],[-70.8419,19.6399],[-70.8464,19.643],[-70.8486,19.6433],[-70.8515,19.6418],[-70.8546,19.6429],[-70.8552,19.6446],[-70.8588,19.6446],[-70.8609,19.6465],[-70.8633,19.6474],[-70.8646,19.6487],[-70.8675,19.6502],[-70.8711,19.6502],[-70.8775,19.6507],[-70.88,19.6523],[-70.8822,19.6487],[-70.8844,19.6479],[-70.8853,19.6447],[-70.8844,19.6428],[-70.8842,19.6406],[-70.883,19.6393],[-70.8812,19.6396],[-70.8794,19.6417],[-70.8758,19.6417],[-70.8763,19.6399],[-70.8758,19.6347],[-70.8762,19.6325],[-70.8744,19.6287],[-70.8748,19.6277],[-70.8787,19.6269],[-70.8814,19.6249],[-70.8822,19.6217],[-70.8846,19.6197],[-70.8823,19.6171],[-70.884,19.6135],[-70.8834,19.6118],[-70.8841,19.6084],[-70.8833,19.6051],[-70.8814,19.603],[-70.8813,19.6009],[-70.8822,19.6],[-70.882,19.5977],[-70.8811,19.5957],[-70.8838,19.5941],[-70.884,19.5895],[-70.8879,19.5869],[-70.8877,19.5834],[-70.886,19.5806],[-70.8875,19.5771],[-70.8877,19.5747],[-70.8908,19.5715],[-70.89,19.5703],[-70.8926,19.5689],[-70.8932,19.5634],[-70.8947,19.5639],[-70.8989,19.5686],[-70.9074,19.5735],[-70.9285,19.5914],[-70.9301,19.5892],[-70.9298,19.5873],[-70.9305,19.5835],[-70.9307,19.5769],[-70.926,19.5777],[-70.9232,19.5765],[-70.9232,19.5748],[-70.9252,19.5699],[-70.9293,19.5649],[-70.9341,19.561],[-70.9344,19.5585],[-70.9362,19.5566],[-70.9348,19.5548],[-70.9325,19.5544],[-70.9316,19.5523],[-70.928,19.5532],[-70.9279,19.5509],[-70.9264,19.5491],[-70.9238,19.5489],[-70.9213,19.5501],[-70.9208,19.551],[-70.9217,19.5536],[-70.9207,19.5545],[-70.9162,19.5538],[-70.9177,19.5516],[-70.9182,19.5489],[-70.9155,19.5471],[-70.9134,19.5472],[-70.912,19.5439],[-70.9109,19.5435],[-70.9093,19.5452],[-70.9106,19.5472],[-70.9123,19.548],[-70.9128,19.5495],[-70.9084,19.551],[-70.9074,19.55],[-70.9086,19.5483],[-70.9083,19.5462],[-70.9044,19.5464],[-70.9034,19.5433],[-70.9011,19.5423],[-70.9,19.5428],[-70.8996,19.5451],[-70.897,19.5447],[-70.8953,19.5434],[-70.8953,19.5408],[-70.8939,19.5359],[-70.894,19.532],[-70.8947,19.528],[-70.8943,19.526],[-70.8958,19.5232],[-70.8952,19.5211],[-70.8961,19.5188],[-70.8999,19.5154],[-70.9008,19.5122],[-70.9024,19.51],[-70.9015,19.5067],[-70.9027,19.5036],[-70.9045,19.5009],[-70.904,19.4965],[-70.9058,19.4948],[-70.9064,19.4926],[-70.9079,19.4916],[-70.9085,19.4862],[-70.9076,19.4848],[-70.9045,19.4833],[-70.9036,19.4819],[-70.9034,19.4793],[-70.9043,19.4758],[-70.9024,19.473],[-70.8986,19.4704],[-70.8889,19.468],[-70.8871,19.4658],[-70.8861,19.4634],[-70.8852,19.4582],[-70.8849,19.4535],[-70.8854,19.4502],[-70.8871,19.4486],[-70.8953,19.4529],[-70.902,19.4556],[-70.9012,19.4515],[-70.9035,19.4517],[-70.9034,19.4496],[-70.9079,19.4496],[-70.9109,19.448],[-70.9113,19.4453],[-70.9103,19.4429],[-70.9106,19.4397],[-70.9129,19.4396],[-70.9157,19.4406],[-70.9176,19.4397],[-70.9216,19.4395],[-70.924,19.4414],[-70.9246,19.4429],[-70.9264,19.4433],[-70.928,19.4447],[-70.9293,19.4474],[-70.9328,19.4472],[-70.9349,19.4496],[-70.9348,19.4526],[-70.936,19.4541],[-70.9398,19.4543],[-70.9416,19.4555],[-70.9462,19.4565],[-70.9482,19.458],[-70.9544,19.4573],[-70.9573,19.4561],[-70.9625,19.4582],[-70.9633,19.4573],[-70.9632,19.4518],[-70.9593,19.451],[-70.9549,19.4524],[-70.9533,19.4509],[-70.9552,19.4497],[-70.9605,19.4481],[-70.9671,19.4473],[-70.9682,19.4497],[-70.9696,19.4508],[-70.9721,19.4516],[-70.9733,19.4542],[-70.9731,19.4567],[-70.9752,19.457],[-70.9778,19.4541],[-70.9798,19.4458],[-70.9809,19.4435],[-70.984,19.4394],[-70.9881,19.4354],[-70.9911,19.4338],[-70.9942,19.4339],[-70.996,19.4368],[-70.9977,19.4414],[-70.9978,19.444],[-70.9993,19.4483],[-71.0026,19.4506],[-71.0085,19.4567],[-71.0108,19.457],[-71.0151,19.4555],[-71.0195,19.4562],[-71.0211,19.4537],[-71.0208,19.4513],[-71.0216,19.4501],[-71.0264,19.4498],[-71.0292,19.4492],[-71.0334,19.4454],[-71.0356,19.444],[-71.0388,19.4437],[-71.0428,19.4452],[-71.0485,19.4506],[-71.0508,19.4524],[-71.0566,19.4563],[-71.0622,19.4609],[-71.0686,19.4636],[-71.0741,19.4661],[-71.0771,19.4689],[-71.0832,19.4727],[-71.0856,19.4719],[-71.0827,19.4704],[-71.0802,19.4669],[-71.0786,19.4654],[-71.0787,19.4636],[-71.0857,19.4616],[-71.087,19.4604],[-71.0958,19.4546],[-71.0974,19.4506],[-71.0968,19.4482],[-71.0958,19.4476],[-71.0936,19.4507],[-71.091,19.4509],[-71.0889,19.4462],[-71.0881,19.4445],[-71.0857,19.4401],[-71.0858,19.4378],[-71.0841,19.4352],[-71.085,19.4336],[-71.0868,19.4318],[-71.0882,19.432],[-71.0896,19.4307],[-71.0901,19.4283],[-71.0892,19.4274],[-71.0868,19.4271],[-71.0819,19.4248],[-71.0805,19.4247],[-71.0798,19.4247],[-71.076,19.4255],[-71.0726,19.4255],[-71.0721,19.4231],[-71.073,19.4219],[-71.0768,19.4223],[-71.0783,19.4219],[-71.0825,19.418],[-71.0849,19.4162],[-71.0888,19.4151],[-71.0927,19.4147],[-71.0964,19.4157],[-71.0978,19.4153],[-71.1028,19.4154],[-71.1045,19.4142],[-71.1076,19.4143],[-71.1113,19.4125],[-71.1137,19.4104],[-71.1167,19.4086],[-71.1194,19.4052],[-71.1205,19.4028],[-71.1192,19.4018],[-71.1196,19.4003],[-71.1208,19.4],[-71.1212,19.3957],[-71.1221,19.3951],[-71.1264,19.3943],[-71.1271,19.3939],[-71.1316,19.3941],[-71.1356,19.3945],[-71.1374,19.3961],[-71.1384,19.394],[-71.14,19.3927],[-71.144,19.3944],[-71.1448,19.394],[-71.1455,19.3927],[-71.1454,19.3916],[-71.1447,19.3893],[-71.1419,19.3872],[-71.1432,19.3861],[-71.1436,19.3858],[-71.1492,19.3866],[-71.1502,19.3861],[-71.1504,19.3851],[-71.1504,19.3846],[-71.1504,19.3844],[-71.1501,19.3838],[-71.1498,19.3833],[-71.1485,19.3798],[-71.1494,19.3788],[-71.1496,19.3788],[-71.1505,19.3785],[-71.1525,19.3773],[-71.1516,19.3737],[-71.1555,19.3738],[-71.1611,19.3712],[-71.1627,19.3716],[-71.1636,19.3736],[-71.165,19.3736],[-71.1678,19.3733],[-71.1719,19.375],[-71.173,19.3767],[-71.173,19.3772],[-71.1733,19.3789],[-71.1743,19.3815],[-71.1745,19.3832],[-71.1754,19.3841],[-71.1741,19.3871],[-71.1778,19.3882],[-71.1787,19.3876],[-71.1813,19.3856],[-71.1831,19.3826],[-71.1863,19.3833],[-71.1872,19.3822],[-71.1881,19.3801],[-71.1908,19.38],[-71.1919,19.3789],[-71.1955,19.3815],[-71.1974,19.3801],[-71.1997,19.3805],[-71.2013,19.379],[-71.2032,19.3804],[-71.2046,19.3799],[-71.206,19.3781],[-71.2093,19.3771],[-71.2075,19.3749],[-71.2087,19.3737],[-71.2095,19.3749],[-71.2119,19.375],[-71.213,19.3722],[-71.2146,19.3722],[-71.2173,19.3741],[-71.2181,19.3728],[-71.2182,19.3709],[-71.2204,19.3705],[-71.2201,19.3678],[-71.2219,19.3675],[-71.2242,19.3662],[-71.2222,19.3645],[-71.2212,19.362],[-71.2221,19.3614],[-71.2225,19.3613],[-71.2257,19.3623],[-71.228,19.3617],[-71.2284,19.3592],[-71.2267,19.3577],[-71.2243,19.3571],[-71.224,19.356],[-71.2262,19.3541],[-71.2266,19.3529],[-71.2255,19.3512],[-71.2247,19.3503],[-71.2257,19.348],[-71.2244,19.3475],[-71.2232,19.3452],[-71.222,19.3428],[-71.223,19.3405],[-71.2248,19.3395],[-71.2275,19.3391],[-71.2306,19.341],[-71.2321,19.3401],[-71.2311,19.3379],[-71.2361,19.3376],[-71.2368,19.3431],[-71.2388,19.3436],[-71.2387,19.3365],[-71.2397,19.3353],[-71.2423,19.3366],[-71.245,19.3353],[-71.2422,19.3328],[-71.2438,19.3313],[-71.2457,19.3287],[-71.2475,19.3276],[-71.2488,19.3287],[-71.2514,19.3293],[-71.2526,19.3284],[-71.2526,19.325],[-71.2506,19.3245],[-71.25,19.3233],[-71.2492,19.3203],[-71.2471,19.3196],[-71.2464,19.3185],[-71.248,19.3157],[-71.2472,19.3123],[-71.2441,19.3121],[-71.2446,19.3094],[-71.2433,19.3091],[-71.2433,19.3067],[-71.2438,19.3046],[-71.2466,19.3039],[-71.2466,19.3013],[-71.2427,19.3006],[-71.2432,19.2969],[-71.2466,19.297],[-71.2458,19.294],[-71.2448,19.2923],[-71.2466,19.2911],[-71.2464,19.2878],[-71.2485,19.2859],[-71.2474,19.2825],[-71.2476,19.2803],[-71.2494,19.2785],[-71.2473,19.2763],[-71.2466,19.273],[-71.2449,19.2727],[-71.2453,19.2686],[-71.2441,19.267],[-71.2444,19.2657],[-71.2464,19.2636],[-71.2479,19.2636],[-71.2502,19.2624],[-71.252,19.2647],[-71.253,19.2642],[-71.2554,19.2652],[-71.2559,19.2632],[-71.2581,19.2614],[-71.2548,19.2565],[-71.2517,19.2518],[-71.2512,19.2498],[-71.2498,19.2483],[-71.25,19.2458],[-71.2478,19.2451],[-71.2456,19.2428],[-71.2403,19.2435],[-71.2391,19.245],[-71.2371,19.2437],[-71.2369,19.2409],[-71.2348,19.2399],[-71.2362,19.2384],[-71.2355,19.2343],[-71.2345,19.2338],[-71.2332,19.2334],[-71.2316,19.2313],[-71.2285,19.2314],[-71.2295,19.2284],[-71.2292,19.2277],[-71.2295,19.226],[-71.2303,19.2243],[-71.2294,19.221],[-71.2275,19.2199],[-71.2281,19.2171],[-71.2266,19.2157],[-71.2269,19.2134],[-71.2295,19.2145],[-71.2298,19.2122],[-71.2283,19.2102],[-71.2253,19.2088],[-71.2239,19.2073],[-71.2241,19.2053],[-71.2227,19.2044],[-71.2185,19.1939],[-71.2184,19.1922],[-71.2195,19.1908],[-71.2202,19.1882],[-71.219,19.1829],[-71.217,19.178],[-71.215,19.1784],[-71.2111,19.1783],[-71.2062,19.1787],[-71.2034,19.1777],[-71.2,19.1751],[-71.1885,19.1646],[-71.1876,19.162],[-71.189,19.1568],[-71.1891,19.154],[-71.1883,19.1525],[-71.1844,19.1504],[-71.1787,19.1487],[-71.1763,19.1455],[-71.1726,19.1454],[-71.1674,19.1447],[-71.1631,19.1425],[-71.1575,19.1405],[-71.1548,19.1379],[-71.1538,19.1328],[-71.1505,19.1291],[-71.1497,19.1257],[-71.1456,19.1233],[-71.1409,19.1219],[-71.1353,19.1177],[-71.1323,19.1172],[-71.1312,19.1153],[-71.131,19.1122],[-71.1318,19.1082],[-71.1316,19.1067],[-71.1285,19.1003],[-71.1284,19.0987],[-71.1292,19.0938],[-71.13,19.0918],[-71.1299,19.0895],[-71.1328,19.0855],[-71.1335,19.0834],[-71.1325,19.0819],[-71.1317,19.078],[-71.1279,19.0768],[-71.1266,19.0749],[-71.1234,19.074],[-71.1215,19.0719],[-71.1208,19.0697],[-71.1171,19.068],[-71.1136,19.0649],[-71.1102,19.0632],[-71.1069,19.0607],[-71.1042,19.0608],[-71.0995,19.0563],[-71.0976,19.0564],[-71.093,19.0591],[-71.0878,19.0605],[-71.0868,19.0589],[-71.0845,19.0576],[-71.0801,19.0561],[-71.076,19.053],[-71.0729,19.0545],[-71.0696,19.0547],[-71.0616,19.0487],[-71.057,19.0468],[-71.0545,19.0443],[-71.0518,19.0407],[-71.0497,19.0362],[-71.0485,19.0325],[-71.0501,19.0278],[-71.0499,19.0258],[-71.0472,19.0226],[-71.046,19.0219],[-71.0403,19.0228],[-71.0374,19.0239],[-71.0358,19.0232],[-71.034,19.0211],[-71.0315,19.0204],[-71.0303,19.0208],[-71.0274,19.0239],[-71.0249,19.0256],[-71.0183,19.0275],[-71.0143,19.0278],[-71.0093,19.0303],[-71.0058,19.0308],[-71.0004,19.0293],[-70.9996,19.0284],[-70.9995,19.0233],[-70.9988,19.0217],[-70.995,19.0272],[-70.9892,19.0321],[-70.9844,19.0354],[-70.9809,19.0372],[-70.9748,19.0379],[-70.9728,19.0385],[-70.9686,19.0411],[-70.9645,19.0443],[-70.9602,19.0447],[-70.958,19.0481],[-70.9561,19.0526],[-70.9557,19.0551],[-70.9562,19.0598],[-70.9559,19.0643],[-70.9546,19.0668],[-70.9523,19.0698],[-70.9496,19.0721],[-70.9483,19.0742],[-70.949,19.0757],[-70.952,19.0785],[-70.954,19.0836],[-70.9537,19.0872],[-70.9501,19.0926],[-70.948,19.0947],[-70.9453,19.0959],[-70.942,19.0964],[-70.9387,19.0943],[-70.935,19.0958],[-70.9308,19.094],[-70.9288,19.0938],[-70.9242,19.0943],[-70.9208,19.0923],[-70.9194,19.0922],[-70.9139,19.0933],[-70.9096,19.0935],[-70.9031,19.0917],[-70.9011,19.0914],[-70.8968,19.0919],[-70.8942,19.0916],[-70.8929,19.0904],[-70.8907,19.0899],[-70.8886,19.0903],[-70.8861,19.092],[-70.8821,19.0925],[-70.8795,19.0969],[-70.8781,19.0982],[-70.8765,19.0982],[-70.865,19.0956],[-70.8606,19.0963],[-70.8574,19.098],[-70.8548,19.0984],[-70.8491,19.0959],[-70.8474,19.0963],[-70.8467,19.0985],[-70.8447,19.1015],[-70.841,19.1045],[-70.8361,19.1094],[-70.8343,19.1125],[-70.8296,19.1153],[-70.8254,19.117],[-70.8231,19.1191],[-70.8227,19.1205],[-70.8207,19.121],[-70.8189,19.1241],[-70.8168,19.1246],[-70.8148,19.1273],[-70.8127,19.1289],[-70.8121,19.1364],[-70.81,19.1378],[-70.8081,19.14],[-70.8044,19.1401],[-70.7975,19.1373],[-70.7942,19.1366],[-70.791,19.1367],[-70.79,19.1379],[-70.7867,19.1395],[-70.7849,19.1399],[-70.7827,19.1384],[-70.7771,19.1408],[-70.776,19.1443],[-70.7733,19.1458],[-70.7732,19.1472],[-70.7693,19.1468],[-70.767,19.1497],[-70.7659,19.155],[-70.7649,19.1556],[-70.761,19.1559],[-70.7576,19.1546],[-70.7568,19.1564],[-70.7552,19.1568],[-70.7537,19.1553],[-70.7504,19.1569],[-70.7481,19.1589],[-70.7477,19.1606],[-70.7448,19.162],[-70.739,19.1626],[-70.7351,19.1638],[-70.733,19.1657],[-70.7323,19.1676],[-70.7354,19.1688],[-70.7345,19.1716],[-70.7363,19.173],[-70.7348,19.1767],[-70.7354,19.1798],[-70.7337,19.1796],[-70.7335,19.1822],[-70.7324,19.1842],[-70.7334,19.1853],[-70.7331,19.1873],[-70.7313,19.1869],[-70.7295,19.1877],[-70.7275,19.1943],[-70.7286,19.1963],[-70.7308,19.1972],[-70.733,19.2003],[-70.7343,19.2012],[-70.7339,19.204],[-70.7319,19.2049],[-70.7296,19.205],[-70.7267,19.2067],[-70.7262,19.2084],[-70.7247,19.2085],[-70.7217,19.205],[-70.7184,19.203],[-70.716,19.2002],[-70.7159,19.199],[-70.7091,19.195],[-70.7083,19.1929],[-70.707,19.1928],[-70.7033,19.1903],[-70.7014,19.19],[-70.6967,19.1875],[-70.6965,19.1853],[-70.6945,19.1818],[-70.6919,19.1794],[-70.6904,19.1795],[-70.6878,19.1823],[-70.6836,19.1829],[-70.682,19.1845],[-70.6828,19.1854],[-70.6806,19.1877],[-70.6788,19.1875],[-70.6776,19.1899],[-70.6748,19.1907],[-70.6756,19.1934],[-70.6738,19.1954],[-70.6716,19.1959],[-70.6699,19.1979],[-70.6715,19.2016],[-70.6733,19.2019],[-70.6741,19.2003],[-70.6766,19.1994],[-70.677,19.2012],[-70.6793,19.2033],[-70.6822,19.2069],[-70.6822,19.2084],[-70.6784,19.2084],[-70.6766,19.2108],[-70.6784,19.2151],[-70.68,19.2168],[-70.68,19.2183],[-70.6776,19.2184],[-70.6771,19.2219],[-70.6804,19.2226],[-70.6843,19.2206],[-70.6845,19.2224],[-70.683,19.2229],[-70.6811,19.2249],[-70.6791,19.2252],[-70.6782,19.2268],[-70.679,19.2304],[-70.6781,19.2334],[-70.6762,19.2376],[-70.6762,19.2395],[-70.6789,19.2401],[-70.6817,19.2377],[-70.6831,19.2377],[-70.6839,19.2394],[-70.6807,19.2418],[-70.68,19.2435],[-70.6768,19.245],[-70.6772,19.2511],[-70.678,19.2528],[-70.6794,19.2534],[-70.6818,19.2498],[-70.6828,19.2503],[-70.6843,19.2535],[-70.6857,19.2552],[-70.6852,19.2567],[-70.6813,19.2595],[-70.6795,19.2627],[-70.6795,19.265],[-70.6805,19.2664],[-70.6869,19.2685],[-70.6893,19.2672],[-70.6912,19.2673],[-70.6942,19.2693],[-70.6951,19.2715],[-70.6981,19.2733],[-70.7006,19.2736],[-70.7061,19.2755],[-70.7113,19.2764],[-70.7148,19.2765],[-70.7169,19.2772],[-70.7183,19.2786],[-70.719,19.2807],[-70.7218,19.2824],[-70.7229,19.2846],[-70.72,19.2897],[-70.7182,19.2907],[-70.7171,19.2896],[-70.7154,19.2898],[-70.7145,19.2915],[-70.7156,19.2944],[-70.7167,19.2951],[-70.7188,19.294],[-70.7193,19.2967],[-70.7143,19.2993],[-70.7073,19.2974],[-70.7046,19.2961],[-70.7035,19.2947],[-70.6945,19.294],[-70.6835,19.2883],[-70.6806,19.2849],[-70.6773,19.2841],[-70.6739,19.2849],[-70.6721,19.2865],[-70.6731,19.2899],[-70.6728,19.2909],[-70.6684,19.2925],[-70.6677,19.294],[-70.6683,19.2978],[-70.6673,19.3009],[-70.6679,19.3038],[-70.6711,19.307],[-70.6714,19.3108],[-70.6723,19.3127],[-70.6742,19.3148],[-70.674,19.318],[-70.6747,19.3216],[-70.6709,19.326],[-70.6672,19.3344],[-70.6655,19.3357],[-70.6645,19.3379],[-70.6621,19.339],[-70.657,19.343],[-70.6566,19.3446],[-70.6528,19.3487],[-70.6506,19.3504],[-70.6469,19.3526],[-70.6461,19.3541],[-70.6405,19.3582],[-70.6395,19.3615],[-70.6375,19.3639],[-70.6368,19.369],[-70.6355,19.3701],[-70.6357,19.3721],[-70.6344,19.3734],[-70.629,19.3741],[-70.6263,19.3723],[-70.6234,19.3739],[-70.6199,19.3738],[-70.6184,19.3749],[-70.616,19.374],[-70.6128,19.3752],[-70.6107,19.3773],[-70.6096,19.3786],[-70.6094,19.3805],[-70.6082,19.3816],[-70.6058,19.3875],[-70.604,19.3889],[-70.6014,19.3897],[-70.6004,19.388],[-70.5947,19.3895],[-70.5925,19.3887],[-70.5909,19.3862],[-70.5888,19.3861],[-70.5867,19.3844],[-70.5854,19.3856],[-70.5818,19.3855],[-70.5799,19.386],[-70.5807,19.3907],[-70.5836,19.3893],[-70.5836,19.3934],[-70.5858,19.3913],[-70.5869,19.3933],[-70.5856,19.3941],[-70.5865,19.3972],[-70.5884,19.3989],[-70.586,19.4],[-70.586,19.4027],[-70.5886,19.4052],[-70.5874,19.4073],[-70.5883,19.4092],[-70.5905,19.4114],[-70.5901,19.4137],[-70.5914,19.4156],[-70.5912,19.4171],[-70.594,19.4201],[-70.5917,19.4201],[-70.5908,19.422],[-70.5925,19.4235],[-70.5902,19.4272],[-70.5936,19.4289],[-70.5923,19.4318],[-70.5926,19.4341],[-70.5914,19.4378],[-70.5893,19.4393],[-70.5894,19.4412],[-70.5856,19.4446],[-70.5825,19.4454],[-70.5819,19.4471],[-70.5816,19.4514],[-70.5819,19.4547],[-70.58,19.4553],[-70.5788,19.4634],[-70.5795,19.4686],[-70.5805,19.4709],[-70.5829,19.4736],[-70.5835,19.477],[-70.5825,19.4842],[-70.5811,19.485],[-70.5796,19.4841],[-70.5777,19.4867],[-70.5773,19.4836],[-70.5757,19.4849],[-70.573,19.4852],[-70.5735,19.4873],[-70.5695,19.4876],[-70.5682,19.4898],[-70.564,19.4903],[-70.5629,19.4934],[-70.5609,19.4927],[-70.5589,19.493],[-70.5582,19.4945],[-70.5529,19.4944],[-70.5508,19.4938],[-70.5492,19.4969],[-70.5484,19.4997],[-70.5492,19.5054],[-70.5474,19.5067],[-70.5476,19.5085],[-70.5466,19.5102],[-70.5466,19.5124],[-70.5456,19.5171]]]},"properties":{"province_name":"SANTIAGO","municipalities":9}},
{"type":"Feature","geometry":{"type":"Polygon","coordinates":[[[-71.2966,19.5542],[-71.2955,19.5552],[-71.2996,19.5577],[-71.3018,19.5586],[-71.3038,19.5603],[-71.3087,19.5595],[-71.3119,19.5603],[-71.3134,19.5615],[-71.3163,19.565],[-71.3192,19.566],[-71.3335,19.5699],[-71.3336,19.5666],[-71.3317,19.5626],[-71.3309,19.5546],[-71.3326,19.5515],[-71.3347,19.5492],[-71.338,19.5483],[-71.3406,19.5484],[-71.343,19.5494],[-71.3478,19.5502],[-71.3505,19.5515],[-71.3569,19.5526],[-71.3594,19.5528],[-71.3632,19.5541],[-71.3682,19.5564],[-71.3708,19.5571],[-71.3721,19.5568],[-71.3741,19.5551],[-71.3784,19.5539],[-71.3796,19.5529],[-71.3818,19.5528],[-71.3844,19.5516],[-71.3912,19.5541],[-71.3995,19.5534],[-71.4045,19.5544],[-71.4056,19.5553],[-71.4089,19.556],[-71.4156,19.5563],[-71.4168,19.5558],[-71.4171,19.5541],[-71.4151,19.5512],[-71.4125,19.5511],[-71.4132,19.5494],[-71.4151,19.5482],[-71.4141,19.5457],[-71.4154,19.5429],[-71.4155,19.5407],[-71.417,19.5404],[-71.419,19.5415],[-71.422,19.5422],[-71.4221,19.5411],[-71.4219,19.5402],[-71.4209,19.5385],[-71.42,19.5378],[-71.4219,19.5337],[-71.426,19.5351],[-71.4256,19.5315],[-71.4286,19.5309],[-71.4273,19.5243],[-71.4278,19.5233],[-71.4309,19.5229],[-71.4323,19.5215],[-71.4316,19.5161],[-71.4333,19.5139],[-71.4371,19.5108],[-71.4413,19.5103],[-71.4433,19.5106],[-71.4441,19.5095],[-71.4489,19.5091],[-71.452,19.5063],[-71.4557,19.5052],[-71.4601,19.5016],[-71.4617,19.497],[-71.4639,19.4967],[-71.4657,19.4941],[-71.4658,19.4882],[-71.4614,19.4861],[-71.4623,19.4802],[-71.4647,19.4775],[-71.4651,19.475],[-71.4644,19.4715],[-71.4634,19.4699],[-71.4626,19.4667],[-71.463,19.4638],[-71.4672,19.4603],[-71.4667,19.453],[-71.4681,19.4496],[-71.4675,19.4484],[-71.4647,19.4462],[-71.4658,19.4442],[-71.4679,19.4428],[-71.4678,19.4413],[-71.4661,19.4389],[-71.4626,19.4381],[-71.4605,19.4368],[-71.4608,19.4342],[-71.4587,19.4308],[-71.4617,19.4304],[-71.4623,19.4275],[-71.4649,19.4253],[-71.4677,19.4255],[-71.4667,19.4235],[-71.4683,19.4222],[-71.467,19.4205],[-71.4643,19.4202],[-71.4616,19.4183],[-71.4608,19.4161],[-71.4663,19.4142],[-71.467,19.4114],[-71.469,19.4118],[-71.4736,19.4078],[-71.4729,19.4054],[-71.473,19.4005],[-71.472,19.3991],[-71.4699,19.3985],[-71.4705,19.3966],[-71.4692,19.3907],[-71.471,19.3863],[-71.4696,19.3837],[-71.4682,19.3858],[-71.4671,19.3832],[-71.4695,19.3807],[-71.4715,19.3799],[-71.4707,19.3771],[-71.4711,19.3738],[-71.4737,19.3738],[-71.4743,19.3718],[-71.476,19.3718],[-71.4779,19.3738],[-71.4817,19.373],[-71.4814,19.3708],[-71.4844,19.3693],[-71.4846,19.3666],[-71.4827,19.366],[-71.4849,19.3634],[-71.4839,19.3602],[-71.4846,19.3589],[-71.4831,19.3574],[-71.4805,19.3569],[-71.4787,19.3549],[-71.4777,19.3521],[-71.4794,19.3499],[-71.4819,19.3487],[-71.4811,19.3474],[-71.4826,19.3455],[-71.4827,19.3429],[-71.4859,19.3425],[-71.4857,19.3375],[-71.4881,19.3371],[-71.4891,19.3349],[-71.4942,19.3347],[-71.4944,19.334],[-71.5004,19.3315],[-71.5047,19.3321],[-71.5058,19.3311],[-71.5081,19.3312],[-71.5105,19.3287],[-71.5159,19.3271],[-71.5194,19.3216],[-71.5191,19.3172],[-71.5171,19.3134],[-71.5147,19.3116],[-71.5126,19.3114],[-71.5058,19.3088],[-71.5027,19.3057],[-71.5094,19.3007],[-71.5101,19.2996],[-71.51,19.2961],[-71.5112,19.2943],[-71.5111,19.2922],[-71.5099,19.2889],[-71.5078,19.2872],[-71.5068,19.2855],[-71.5098,19.2832],[-71.5089,19.2812],[-71.5091,19.2792],[-71.5115,19.2789],[-71.514,19.2757],[-71.5154,19.2747],[-71.5153,19.2728],[-71.5135,19.274],[-71.5107,19.2738],[-71.5096,19.275],[-71.5057,19.2738],[-71.5031,19.2723],[-71.5016,19.2739],[-71.5006,19.2721],[-71.4987,19.2718],[-71.4969,19.2678],[-71.4979,19.2656],[-71.497,19.2638],[-71.4988,19.2619],[-71.4994,19.2571],[-71.4982,19.257],[-71.4964,19.2549],[-71.4983,19.2519],[-71.4969,19.2514],[-71.4936,19.2525],[-71.4915,19.255],[-71.4874,19.2564],[-71.4854,19.2552],[-71.4842,19.2534],[-71.4821,19.2551],[-71.4809,19.2538],[-71.4769,19.254],[-71.475,19.2551],[-71.4716,19.2544],[-71.4703,19.2556],[-71.4684,19.2535],[-71.4665,19.2536],[-71.4647,19.252],[-71.4632,19.2495],[-71.4613,19.2488],[-71.4581,19.2502],[-71.4564,19.2499],[-71.4551,19.248],[-71.4531,19.2473],[-71.4509,19.2446],[-71.4489,19.2435],[-71.4469,19.241],[-71.4443,19.2406],[-71.4423,19.2422],[-71.4409,19.242],[-71.4395,19.2397],[-71.4377,19.24],[-71.4338,19.2433],[-71.4329,19.2434],[-71.429,19.2384],[-71.4269,19.2377],[-71.4209,19.2372],[-71.4172,19.235],[-71.4157,19.2316],[-71.4129,19.2296],[-71.4115,19.2271],[-71.4066,19.2215],[-71.4032,19.2183],[-71.4019,19.2178],[-71.3973,19.2175],[-71.3955,19.2181],[-71.3937,19.2177],[-71.3913,19.2157],[-71.3873,19.2164],[-71.3835,19.2153],[-71.378,19.2081],[-71.3704,19.2054],[-71.3679,19.2037],[-71.3648,19.2006],[-71.3624,19.1932],[-71.3621,19.19],[-71.36,19.1897],[-71.3569,19.1904],[-71.3534,19.1923],[-71.352,19.1925],[-71.3475,19.1901],[-71.3457,19.1902],[-71.3416,19.1929],[-71.3398,19.1929],[-71.3338,19.1895],[-71.3322,19.1878],[-71.3265,19.1859],[-71.3249,19.1842],[-71.3239,19.1807],[-71.3193,19.1761],[-71.3187,19.1748],[-71.3178,19.1721],[-71.316,19.1731],[-71.3067,19.1732],[-71.3024,19.1728],[-71.2987,19.1749],[-71.2961,19.175],[-71.2934,19.1755],[-71.2898,19.1766],[-71.285,19.1758],[-71.2837,19.1751],[-71.2797,19.1716],[-71.2745,19.1697],[-71.2717,19.1697],[-71.2688,19.1687],[-71.2645,19.1688],[-71.2615,19.1709],[-71.2591,19.1699],[-71.2567,19.1694],[-71.2516,19.1724],[-71.2468,19.1724],[-71.2418,19.1712],[-71.2398,19.1713],[-71.2354,19.1734],[-71.2324,19.174],[-71.2284,19.1735],[-71.2254,19.1745],[-71.2222,19.1763],[-71.217,19.178],[-71.219,19.1829],[-71.2202,19.1882],[-71.2195,19.1908],[-71.2184,19.1922],[-71.2185,19.1939],[-71.2227,19.2044],[-71.2241,19.2053],[-71.2239,19.2073],[-71.2253,19.2088],[-71.2283,19.2102],[-71.2298,19.2122],[-71.2295,19.2145],[-71.2269,19.2134],[-71.2266,19.2157],[-71.2281,19.2171],[-71.2275,19.2199],[-71.2294,19.221],[-71.2303,19.2243],[-71.2295,19.226],[-71.2292,19.2277],[-71.2295,19.2284],[-71.2285,19.2314],[-71.2316,19.2313],[-71.2332,19.2334],[-71.2345,19.2338],[-71.2355,19.2343],[-71.2362,19.2384],[-71.2348,19.2399],[-71.2369,19.2409],[-71.2371,19.2437],[-71.2391,19.245],[-71.2403,19.2435],[-71.2456,19.2428],[-71.2478,19.2451],[-71.25,19.2458],[-71.2498,19.2483],[-71.2512,19.2498],[-71.2517,19.2518],[-71.2548,19.2565],[-71.2581,19.2614],[-71.2559,19.2632],[-71.2554,19.2652],[-71.253,19.2642],[-71.252,19.2647],[-71.2502,19.2624],[-71.2479,19.2636],[-71.2464,19.2636],[-71.2444,19.2657],[-71.2441,19.267],[-71.2453,19.2686],[-71.2449,19.2727],[-71.2466,19.273],[-71.2473,19.2763],[-71.2494,19.2785],[-71.2476,19.2803],[-71.2474,19.2825],[-71.2485,19.2859],[-71.2464,19.2878],[-71.2466,19.2911],[-71.2448,19.2923],[-71.2458,19.294],[-71.2466,19.297],[-71.2432,19.2969],[-71.2427,19.3006],[-71.2466,19.3013],[-71.2466,19.3039],[-71.2438,19.3046],[-71.2433,19.3067],[-71.2433,19.3091],[-71.2446,19.3094],[-71.2441,19.3121],[-71.2472,19.3123],[-71.248,19.3157],[-71.2464,19.3185],[-71.2471,19.3196],[-71.2492,19.3203],[-71.25,19.3233],[-71.2506,19.3245],[-71.2526,19.325],[-71.2526,19.3284],[-71.2514,19.3293],[-71.2488,19.3287],[-71.2475,19.3276],[-71.2457,19.3287],[-71.2438,19.3313],[-71.2422,19.3328],[-71.245,19.3353],[-71.2423,19.3366],[-71.2397,19.3353],[-71.2387,19.3365],[-71.2388,19.3436],[-71.2368,19.3431],[-71.2361,19.3376],[-71.2311,19.3379],[-71.2321,19.3401],[-71.2306,19.341],[-71.2275,19.3391],[-71.2248,19.3395],[-71.223,19.3405],[-71.222,19.3428],[-71.2232,19.3452],[-71.2244,19.3475],[-71.2257,19.348],[-71.2247,19.3503],[-71.2255,19.3512],[-71.2266,19.3529],[-71.2262,19.3541],[-71.224,19.356],[-71.2243,19.3571],[-71.2267,19.3577],[-71.2284,19.3592],[-71.228,19.3617],[-71.2257,19.3623],[-71.2225,19.3613],[-71.2221,19.3614],[-71.2212,19.362],[-71.2222,19.3645],[-71.2242,19.3662],[-71.2219,19.3675],[-71.2201,19.3678],[-71.2204,19.3705],[-71.2182,19.3709],[-71.2181,19.3728],[-71.2173,19.3741],[-71.2146,19.3722],[-71.213,19.3722],[-71.2119,19.375],[-71.2095,19.3749],[-71.2087,19.3737],[-71.2075,19.3749],[-71.2093,19.3771],[-71.206,19.3781],[-71.2046,19.3799],[-71.2032,19.3804],[-71.2013,19.379],[-71.1997,19.3805],[-71.1974,19.3801],[-71.1955,19.3815],[-71.1919,19.3789],[-71.1908,19.38],[-71.1881,19.3801],[-71.1872,19.3822],[-71.1863,19.3833],[-71.1831,19.3826],[-71.1813,19.3856],[-71.1787,19.3876],[-71.1778,19.3882],[-71.1741,19.3871],[-71.1754,19.3841],[-71.1745,19.3832],[-71.1743,19.3815],[-71.1733,19.3789],[-71.173,19.3772],[-71.173,19.3767],[-71.1719,19.375],[-71.1678,19.3733],[-71.165,19.3736],[-71.1636,19.3736],[-71.1627,19.3716],[-71.1611,19.3712],[-71.1555,19.3738],[-71.1516,19.3737],[-71.1525,19.3773],[-71.1505,19.3785],[-71.1496,19.3788],[-71.1494,19.3788],[-71.1485,19.3798],[-71.1498,19.3833],[-71.1501,19.3838],[-71.1504,19.3844],[-71.1504,19.3846],[-71.1504,19.3851],[-71.1502,19.3861],[-71.1492,19.3866],[-71.1436,19.3858],[-71.1432,19.3861],[-71.1419,19.3872],[-71.1447,19.3893],[-71.1454,19.3916],[-71.1455,19.3927],[-71.1448,19.394],[-71.144,19.3944],[-71.14,19.3927],[-71.1384,19.394],[-71.1374,19.3961],[-71.1356,19.3945],[-71.1316,19.3941],[-71.1271,19.3939],[-71.1264,19.3943],[-71.1221,19.3951],[-71.1212,19.3957],[-71.1208,19.4],[-71.1196,19.4003],[-71.1192,19.4018],[-71.1205,19.4028],[-71.1194,19.4052],[-71.1167,19.4086],[-71.1137,19.4104],[-71.1113,19.4125],[-71.1076,19.4143],[-71.1045,19.4142],[-71.1028,19.4154],[-71.0978,19.4153],[-71.0964,19.4157],[-71.0927,19.4147],[-71.0888,19.4151],[-71.0849,19.4162],[-71.0825,19.418],[-71.0783,19.4219],[-71.0768,19.4223],[-71.073,19.4219],[-71.0721,19.4231],[-71.0726,19.4255],[-71.076,19.4255],[-71.0798,19.4247],[-71.0805,19.4247],[-71.0819,19.4248],[-71.0868,19.4271],[-71.0892,19.4274],[-71.0901,19.4283],[-71.0896,19.4307],[-71.0882,19.432],[-71.0868,19.4318],[-71.085,19.4336],[-71.0841,19.4352],[-71.0858,19.4378],[-71.0857,19.4401],[-71.0881,19.4445],[-71.0889,19.4462],[-71.091,19.4509],[-71.0936,19.4507],[-71.0958,19.4476],[-71.0968,19.4482],[-71.0974,19.4506],[-71.0958,19.4546],[-71.087,19.4604],[-71.0857,19.4616],[-71.0787,19.4636],[-71.0786,19.4654],[-71.0802,19.4669],[-71.0827,19.4704],[-71.0856,19.4719],[-71.0868,19.4703],[-71.0921,19.4676],[-71.1061,19.4663],[-71.1099,19.4664],[-71.1142,19.4643],[-71.1163,19.4638],[-71.1203,19.4641],[-71.1222,19.4648],[-71.1244,19.4677],[-71.1262,19.4724],[-71.1281,19.4748],[-71.1307,19.4756],[-71.1403,19.4761],[-71.1489,19.4762],[-71.1696,19.4761],[-71.1795,19.4746],[-71.1821,19.4747],[-71.1834,19.4762],[-71.1823,19.4787],[-71.1827,19.4813],[-71.1808,19.4835],[-71.1798,19.4858],[-71.18,19.4897],[-71.1793,19.4912],[-71.1773,19.4944],[-71.1791,19.4961],[-71.1791,19.4982],[-71.1817,19.4997],[-71.181,19.5006],[-71.1836,19.503],[-71.1832,19.5067],[-71.1829,19.5106],[-71.1836,19.5133],[-71.1852,19.5116],[-71.1868,19.511],[-71.1887,19.5122],[-71.1886,19.5147],[-71.19,19.515],[-71.1919,19.5172],[-71.1907,19.5183],[-71.1915,19.52],[-71.1908,19.5214],[-71.1894,19.524],[-71.189,19.5275],[-71.1881,19.5294],[-71.1892,19.5309],[-71.1895,19.5301],[-71.1933,19.5322],[-71.1968,19.5343],[-71.1988,19.5352],[-71.201,19.5368],[-71.2052,19.5398],[-71.2084,19.5448],[-71.2127,19.5471],[-71.2165,19.5478],[-71.2194,19.5472],[-71.2242,19.5409],[-71.2266,19.5383],[-71.2275,19.5364],[-71.2275,19.5333],[-71.2304,19.527],[-71.2333,19.524],[-71.2354,19.5236],[-71.2408,19.5246],[-71.2452,19.5283],[-71.2492,19.5318],[-71.2529,19.5321],[-71.2605,19.5313],[-71.2636,19.5329],[-71.2682,19.5364],[-71.2721,19.5389],[-71.2767,19.5423],[-71.2791,19.5447],[-71.2847,19.5473],[-71.29,19.5506],[-71.2933,19.551],[-71.297,19.5523],[-71.2966,19.5542]]]},"properties":{"province_name":"SANTIAGO RODRÍGUEZ","municipalities":3}},
{"type":"Feature","geometry":{"type":"Polygon","coordinates":[[[-71.1327,19.7575],[-71.1359,19.7557],[-71.1387,19.7569],[-71.1429,19.7576],[-71.1453,19.7574],[-71.1465,19.7549],[-71.1497,19.7501],[-71.1531,19.7441],[-71.1549,19.7397],[-71.1555,19.7371],[-71.1556,19.7339],[-71.1567,19.7297],[-71.1611,19.7205],[-71.1622,19.7175],[-71.1621,19.7148],[-71.163,19.7119],[-71.1662,19.7072],[-71.165,19.7048],[-71.1622,19.702],[-71.1613,19.698],[-71.1619,19.6908],[-71.1642,19.6867],[-71.1658,19.6868],[-71.1675,19.684],[-71.1675,19.6784],[-71.168,19.6768],[-71.1666,19.6732],[-71.167,19.6698],[-71.1678,19.6685],[-71.1683,19.664],[-71.168,19.6601],[-71.1669,19.6561],[-71.1661,19.6554],[-71.1627,19.6562],[-71.1625,19.6504],[-71.1607,19.6459],[-71.1611,19.6432],[-71.1637,19.6365],[-71.1637,19.6331],[-71.1658,19.6285],[-71.1697,19.6271],[-71.1738,19.6289],[-71.1752,19.629],[-71.1771,19.6276],[-71.1789,19.6305],[-71.1829,19.6314],[-71.1848,19.6304],[-71.1854,19.6291],[-71.1848,19.6261],[-71.1859,19.6214],[-71.188,19.6207],[-71.1879,19.6194],[-71.1893,19.6177],[-71.188,19.616],[-71.1859,19.6154],[-71.1841,19.613],[-71.1844,19.6108],[-71.1822,19.6098],[-71.1824,19.6052],[-71.1815,19.6034],[-71.1816,19.6004],[-71.1792,19.5943],[-71.1736,19.5908],[-71.172,19.5884],[-71.1726,19.5855],[-71.1719,19.5843],[-71.1721,19.5766],[-71.1728,19.5749],[-71.1718,19.5712],[-71.1775,19.5681],[-71.1761,19.5668],[-71.1748,19.5625],[-71.1765,19.5624],[-71.1781,19.558],[-71.1767,19.5559],[-71.1796,19.5557],[-71.1812,19.5529],[-71.183,19.5529],[-71.1835,19.5489],[-71.1853,19.5476],[-71.1852,19.5442],[-71.1867,19.5443],[-71.1862,19.5416],[-71.189,19.5397],[-71.189,19.537],[-71.1872,19.5363],[-71.1895,19.5338],[-71.1892,19.5309],[-71.1881,19.5294],[-71.189,19.5275],[-71.1894,19.524],[-71.1908,19.5214],[-71.1915,19.52],[-71.1907,19.5183],[-71.1919,19.5172],[-71.19,19.515],[-71.1886,19.5147],[-71.1887,19.5122],[-71.1868,19.511],[-71.1852,19.5116],[-71.1836,19.5133],[-71.1829,19.5106],[-71.1832,19.5067],[-71.1836,19.503],[-71.181,19.5006],[-71.1817,19.4997],[-71.1791,19.4982],[-71.1791,19.4961],[-71.1773,19.4944],[-71.1793,19.4912],[-71.18,19.4897],[-71.1798,19.4858],[-71.1808,19.4835],[-71.1827,19.4813],[-71.1823,19.4787],[-71.1834,19.4762],[-71.1821,19.4747],[-71.1795,19.4746],[-71.1696,19.4761],[-71.1489,19.4762],[-71.1403,19.4761],[-71.1307,19.4756],[-71.1281,19.4748],[-71.1262,19.4724],[-71.1244,19.4677],[-71.1222,19.4648],[-71.1203,19.4641],[-71.1163,19.4638],[-71.1142,19.4643],[-71.1099,19.4664],[-71.1061,19.4663],[-71.0921,19.4676],[-71.0868,19.4703],[-71.0856,19.4719],[-71.0832,19.4727],[-71.0771,19.4689],[-71.0741,19.4661],[-71.0686,19.4636],[-71.0622,19.4609],[-71.0566,19.4563],[-71.0508,19.4524],[-71.0485,19.4506],[-71.0428,19.4452],[-71.0388,19.4437],[-71.0356,19.444],[-71.0334,19.4454],[-71.0292,19.4492],[-71.0264,19.4498],[-71.0216,19.4501],[-71.0208,19.4513],[-71.0211,19.4537],[-71.0195,19.4562],[-71.0151,19.4555],[-71.0108,19.457],[-71.0085,19.4567],[-71.0026,19.4506],[-70.9993,19.4483],[-70.9978,19.444],[-70.9977,19.4414],[-70.996,19.4368],[-70.9942,19.4339],[-70.9911,19.4338],[-70.9881,19.4354],[-70.984,19.4394],[-70.9809,19.4435],[-70.9798,19.4458],[-70.9778,19.4541],[-70.9752,19.457],[-70.9731,19.4567],[-70.9733,19.4542],[-70.9721,19.4516],[-70.9696,19.4508],[-70.9682,19.4497],[-70.9671,19.4473],[-70.9605,19.4481],[-70.9552,19.4497],[-70.9533,19.4509],[-70.9549,19.4524],[-70.9593,19.451],[-70.9632,19.4518],[-70.9633,19.4573],[-70.9625,19.4582],[-70.9573,19.4561],[-70.9544,19.4573],[-70.9482,19.458],[-70.9462,19.4565],[-70.9416,19.4555],[-70.9398,19.4543],[-70.936,19.4541],[-70.9348,19.4526],[-70.9349,19.4496],[-70.9328,19.4472],[-70.9293,19.4474],[-70.928,19.4447],[-70.9264,19.4433],[-70.9246,19.4429],[-70.924,19.4414],[-70.9216,19.4395],[-70.9176,19.4397],[-70.9157,19.4406],[-70.9129,19.4396],[-70.9106,19.4397],[-70.9103,19.4429],[-70.9113,19.4453],[-70.9109,19.448],[-70.9079,19.4496],[-70.9034,19.4496],[-70.9035,19.4517],[-70.9012,19.4515],[-70.902,19.4556],[-70.8953,19.4529],[-70.8871,19.4486],[-70.8854,19.4502],[-70.8849,19.4535],[-70.8852,19.4582],[-70.8861,19.4634],[-70.8871,19.4658],[-70.8889,19.468],[-70.8986,19.4704],[-70.9024,19.473],[-70.9043,19.4758],[-70.9034,19.4793],[-70.9036,19.4819],[-70.9045,19.4833],[-70.9076,19.4848],[-70.9085,19.4862],[-70.9079,19.4916],[-70.9064,19.4926],[-70.9058,19.4948],[-70.904,19.4965],[-70.9045,19.5009],[-70.9027,19.5036],[-70.9015,19.5067],[-70.9024,19.51],[-70.9008,19.5122],[-70.8999,19.5154],[-70.8961,19.5188],[-70.8952,19.5211],[-70.8958,19.5232],[-70.8943,19.526],[-70.8947,19.528],[-70.894,19.532],[-70.8939,19.5359],[-70.8953,19.5408],[-70.8953,19.5434],[-70.897,19.5447],[-70.8996,19.5451],[-70.9,19.5428],[-70.9011,19.5423],[-70.9034,19.5433],[-70.9044,19.5464],[-70.9083,19.5462],[-70.9086,19.5483],[-70.9074,19.55],[-70.9084,19.551],[-70.9128,19.5495],[-70.9123,19.548],[-70.9106,19.5472],[-70.9093,19.5452],[-70.9109,19.5435],[-70.912,19.5439],[-70.9134,19.5472],[-70.9155,19.5471],[-70.9182,19.5489],[-70.9177,19.5516],[-70.9162,19.5538],[-70.9207,19.5545],[-70.9217,19.5536],[-70.9208,19.551],[-70.9213,19.5501],[-70.9238,19.5489],[-70.9264,19.5491],[-70.9279,19.5509],[-70.928,19.5532],[-70.9316,19.5523],[-70.9325,19.5544],[-70.9348,19.5548],[-70.9362,19.5566],[-70.9344,19.5585],[-70.9341,19.561],[-70.9293,19.5649],[-70.9252,19.5699],[-70.9232,19.5748],[-70.9232,19.5765],[-70.926,19.5777],[-70.9307,19.5769],[-70.9305,19.5835],[-70.9298,19.5873],[-70.9301,19.5892],[-70.9285,19.5914],[-70.9074,19.5735],[-70.8989,19.5686],[-70.8947,19.5639],[-70.8932,19.5634],[-70.8926,19.5689],[-70.89,19.5703],[-70.8908,19.5715],[-70.8877,19.5747],[-70.8875,19.5771],[-70.886,19.5806],[-70.8877,19.5834],[-70.8879,19.5869],[-70.884,19.5895],[-70.8838,19.5941],[-70.8811,19.5957],[-70.882,19.5977],[-70.8822,19.6],[-70.8813,19.6009],[-70.8814,19.603],[-70.8833,19.6051],[-70.8841,19.6084],[-70.8834,19.6118],[-70.884,19.6135],[-70.8823,19.6171],[-70.8846,19.6197],[-70.8822,19.6217],[-70.8814,19.6249],[-70.8787,19.6269],[-70.8748,19.6277],[-70.8744,19.6287],[-70.8762,19.6325],[-70.8758,19.6347],[-70.8763,19.6399],[-70.8758,19.6417],[-70.8794,19.6417],[-70.8812,19.6396],[-70.883,19.6393],[-70.8842,19.6406],[-70.8844,19.6428],[-70.8853,19.6447],[-70.8844,19.6479],[-70.8822,19.6487],[-70.88,19.6523],[-70.8817,19.6548],[-70.8813,19.6559],[-70.885,19.6575],[-70.8862,19.6558],[-70.8903,19.655],[-70.891,19.6543],[-70.8943,19.6539],[-70.8958,19.6531],[-70.899,19.6529],[-70.9016,19.654],[-70.9041,19.6526],[-70.9064,19.6524],[-70.908,19.6534],[-70.9117,19.6528],[-70.9139,19.6553],[-70.9176,19.6563],[-70.9199,19.6565],[-70.9231,19.6616],[-70.9236,19.6636],[-70.9252,19.6639],[-70.9255,19.6658],[-70.9277,19.6673],[-70.9309,19.6674],[-70.932,19.6694],[-70.9346,19.6711],[-70.9373,19.6716],[-70.9391,19.6741],[-70.9415,19.674],[-70.9434,19.6724],[-70.9478,19.6739],[-70.9493,19.6759],[-70.9513,19.6748],[-70.9525,19.6751],[-70.9537,19.677],[-70.9557,19.678],[-70.9588,19.6807],[-70.9627,19.6822],[-70.9636,19.6833],[-70.9685,19.6874],[-70.9694,19.6888],[-70.9716,19.6896],[-70.9767,19.6929],[-70.9819,19.6997],[-70.9842,19.7021],[-70.9834,19.7039],[-70.9844,19.7059],[-70.9876,19.7055],[-70.9906,19.7059],[-70.9927,19.7054],[-70.9966,19.7062],[-70.9964,19.7098],[-71.0009,19.7131],[-71.0068,19.7104],[-71.0104,19.7107],[-71.014,19.7098],[-71.0172,19.7102],[-71.0197,19.7096],[-71.023,19.7116],[-71.0247,19.711],[-71.0275,19.7114],[-71.0322,19.7128],[-71.0383,19.7138],[-71.0463,19.7169],[-71.0573,19.7195],[-71.0637,19.722],[-71.0681,19.7242],[-71.0703,19.7266],[-71.0709,19.7283],[-71.0702,19.7304],[-71.0703,19.7359],[-71.0738,19.7381],[-71.0767,19.7381],[-71.0873,19.7421],[-71.0921,19.7422],[-71.0957,19.7429],[-71.0969,19.7443],[-71.1,19.7457],[-71.1019,19.7471],[-71.1058,19.7486],[-71.1078,19.7501],[-71.1136,19.7529],[-71.1182,19.7527],[-71.1212,19.7565],[-71.1248,19.756],[-71.1283,19.7567],[-71.1321,19.7559],[-71.1327,19.7575]]]},"properties":{"province_name":"VALVERDE","municipalities":3}},
{"type":"Feature","geometry":{"type":"Polygon","coordinates":[[[-70.4343,19.1312],[-70.4369,19.1311],[-70.4393,19.1304],[-70.4403,19.1299],[-70.4417,19.1278],[-70.4407,19.1266],[-70.4391,19.1239],[-70.4413,19.122],[-70.4442,19.1206],[-70.445,19.1187],[-70.4445,19.1171],[-70.4454,19.1124],[-70.4458,19.1095],[-70.4481,19.1075],[-70.4507,19.1056],[-70.4523,19.1054],[-70.4559,19.1035],[-70.4611,19.1027],[-70.465,19.1013],[-70.4676,19.0988],[-70.4691,19.0987],[-70.4705,19.1],[-70.4716,19.1022],[-70.4757,19.105],[-70.4771,19.1037],[-70.4764,19.1026],[-70.476,19.1012],[-70.4772,19.0986],[-70.4775,19.0962],[-70.4804,19.0934],[-70.4857,19.0915],[-70.4884,19.0931],[-70.494,19.0989],[-70.4975,19.1036],[-70.5003,19.1063],[-70.5018,19.1075],[-70.5071,19.1127],[-70.5099,19.1122],[-70.5124,19.1124],[-70.5149,19.11],[-70.5173,19.1069],[-70.5186,19.1062],[-70.5228,19.1071],[-70.5247,19.1074],[-70.5279,19.1054],[-70.5282,19.1053],[-70.5308,19.1043],[-70.5359,19.1044],[-70.5385,19.1036],[-70.5398,19.1024],[-70.54,19.0999],[-70.5381,19.0952],[-70.5368,19.0933],[-70.5359,19.0919],[-70.5325,19.0878],[-70.5309,19.0837],[-70.5321,19.0809],[-70.528,19.0771],[-70.5276,19.075],[-70.5271,19.0721],[-70.5241,19.0676],[-70.5227,19.0643],[-70.5228,19.0623],[-70.5233,19.0547],[-70.5207,19.0505],[-70.52,19.0487],[-70.5193,19.0436],[-70.5195,19.0362],[-70.5206,19.0314],[-70.5195,19.0294],[-70.5176,19.0246],[-70.515,19.0193],[-70.5144,19.0165],[-70.5163,19.0133],[-70.5163,19.0122],[-70.5163,19.012],[-70.5164,19.0098],[-70.5177,19.0072],[-70.5158,19.0017],[-70.5175,18.9994],[-70.5202,18.9979],[-70.5232,18.9967],[-70.5241,18.9958],[-70.5271,18.9937],[-70.5281,18.9936],[-70.5345,18.9935],[-70.5355,18.9931],[-70.5363,18.9924],[-70.5378,18.988],[-70.5412,18.9836],[-70.5424,18.9807],[-70.5428,18.98],[-70.5445,18.9772],[-70.5481,18.9726],[-70.5487,18.9699],[-70.5492,18.9646],[-70.5522,18.9623],[-70.5516,18.9534],[-70.5526,18.9489],[-70.5539,18.9477],[-70.5598,18.9445],[-70.5617,18.9427],[-70.5696,18.9389],[-70.571,18.9379],[-70.5702,18.9334],[-70.5705,18.9281],[-70.5726,18.925],[-70.5769,18.9229],[-70.581,18.9218],[-70.583,18.9201],[-70.5829,18.92],[-70.5831,18.9171],[-70.5842,18.9159],[-70.5837,18.913],[-70.5828,18.9118],[-70.584,18.9096],[-70.5846,18.906],[-70.5819,18.9021],[-70.5795,18.8994],[-70.578,18.8987],[-70.5767,18.8979],[-70.5763,18.8947],[-70.5752,18.8937],[-70.5744,18.8899],[-70.5735,18.89],[-70.5721,18.8889],[-70.5708,18.8858],[-70.5687,18.8859],[-70.569,18.8842],[-70.5663,18.8842],[-70.566,18.8848],[-70.5637,18.8852],[-70.5631,18.885],[-70.5645,18.883],[-70.5661,18.881],[-70.5664,18.8773],[-70.5659,18.8742],[-70.5666,18.872],[-70.568,18.8705],[-70.5654,18.8678],[-70.564,18.8673],[-70.5571,18.8647],[-70.5563,18.8636],[-70.5563,18.8601],[-70.5581,18.857],[-70.5585,18.8562],[-70.5612,18.8512],[-70.5627,18.8461],[-70.5658,18.8387],[-70.5666,18.8363],[-70.5666,18.8334],[-70.5652,18.829],[-70.5619,18.825],[-70.5553,18.819],[-70.553,18.8164],[-70.5508,18.8124],[-70.5504,18.8104],[-70.5496,18.8058],[-70.5457,18.7969],[-70.5434,18.7965],[-70.5409,18.7969],[-70.5342,18.7959],[-70.5312,18.7944],[-70.5287,18.793],[-70.5238,18.7939],[-70.5231,18.7942],[-70.5211,18.7954],[-70.5191,18.7945],[-70.5176,18.7944],[-70.5159,18.7939],[-70.5152,18.7932],[-70.5126,18.7876],[-70.5104,18.7833],[-70.509,18.7815],[-70.5067,18.779],[-70.5034,18.774],[-70.502,18.7723],[-70.4971,18.7724],[-70.4958,18.7724],[-70.4866,18.7733],[-70.4823,18.7727],[-70.4793,18.7731],[-70.4732,18.7737],[-70.4696,18.7722],[-70.4687,18.7717],[-70.4666,18.7694],[-70.4662,18.7687],[-70.4662,18.7663],[-70.4663,18.7656],[-70.4651,18.7646],[-70.4649,18.7645],[-70.4647,18.7644],[-70.4646,18.7644],[-70.4642,18.7644],[-70.4641,18.7645],[-70.4639,18.7645],[-70.4635,18.7647],[-70.4634,18.7647],[-70.4629,18.7648],[-70.4618,18.765],[-70.4617,18.7651],[-70.4609,18.7665],[-70.4608,18.7666],[-70.4607,18.7667],[-70.4606,18.7668],[-70.4605,18.7668],[-70.4605,18.7669],[-70.4604,18.767],[-70.4604,18.7671],[-70.4604,18.7672],[-70.4603,18.7673],[-70.46,18.7676],[-70.4596,18.7677],[-70.4594,18.7677],[-70.4583,18.768],[-70.4581,18.7681],[-70.4574,18.7684],[-70.4571,18.7686],[-70.4569,18.7687],[-70.4566,18.7689],[-70.4563,18.7691],[-70.4559,18.7695],[-70.4556,18.7698],[-70.4554,18.77],[-70.4553,18.7701],[-70.455,18.7704],[-70.4546,18.7705],[-70.4538,18.7705],[-70.4536,18.7705],[-70.4535,18.7704],[-70.4522,18.7705],[-70.4516,18.7703],[-70.4498,18.7694],[-70.4495,18.7686],[-70.449,18.7683],[-70.4482,18.7682],[-70.4475,18.7678],[-70.4477,18.7672],[-70.4477,18.7663],[-70.4465,18.7652],[-70.4464,18.7651],[-70.4461,18.7647],[-70.4419,18.7636],[-70.4409,18.7629],[-70.44,18.762],[-70.4381,18.7603],[-70.4371,18.7592],[-70.4361,18.7566],[-70.4345,18.7557],[-70.4316,18.7537],[-70.4256,18.7538],[-70.4235,18.7545],[-70.4195,18.7565],[-70.4186,18.7575],[-70.4161,18.7601],[-70.4154,18.7604],[-70.4128,18.7614],[-70.41,18.7614],[-70.4092,18.7594],[-70.4089,18.7563],[-70.4075,18.7544],[-70.3976,18.7556],[-70.3964,18.7537],[-70.3947,18.7526],[-70.3931,18.7523],[-70.3911,18.7511],[-70.3886,18.7504],[-70.3891,18.7473],[-70.3888,18.7458],[-70.3855,18.7434],[-70.3824,18.7414],[-70.3817,18.7405],[-70.3802,18.7377],[-70.3801,18.7365],[-70.3797,18.736],[-70.3791,18.7352],[-70.3754,18.734],[-70.3723,18.7325],[-70.3669,18.731],[-70.3645,18.7313],[-70.3593,18.7292],[-70.3562,18.729],[-70.3562,18.7291],[-70.3497,18.7277],[-70.3462,18.7267],[-70.3453,18.7266],[-70.3442,18.7262],[-70.3436,18.7259],[-70.3435,18.7259],[-70.3405,18.7228],[-70.339,18.7217],[-70.3361,18.7198],[-70.3338,18.7182],[-70.3325,18.7178],[-70.3296,18.7154],[-70.325,18.7176],[-70.3212,18.7192],[-70.32,18.7196],[-70.3145,18.7224],[-70.3136,18.7235],[-70.3118,18.7272],[-70.3097,18.7288],[-70.3068,18.7328],[-70.3032,18.7342],[-70.3024,18.7354],[-70.2995,18.7377],[-70.2993,18.7379],[-70.2967,18.7431],[-70.2968,18.7456],[-70.2976,18.7471],[-70.2977,18.748],[-70.2955,18.7508],[-70.2949,18.7523],[-70.295,18.7527],[-70.2951,18.753],[-70.2958,18.7556],[-70.2979,18.7588],[-70.3004,18.7631],[-70.3021,18.767],[-70.3034,18.7702],[-70.3028,18.7749],[-70.3031,18.7754],[-70.3005,18.7781],[-70.297,18.7795],[-70.2942,18.7802],[-70.2925,18.7825],[-70.2901,18.7889],[-70.289,18.7903],[-70.2861,18.7915],[-70.2765,18.7947],[-70.2741,18.7979],[-70.272,18.8001],[-70.2692,18.8001],[-70.2673,18.8],[-70.2626,18.8009],[-70.2582,18.8018],[-70.2521,18.8046],[-70.2498,18.8059],[-70.2487,18.8076],[-70.2487,18.8091],[-70.2473,18.8111],[-70.2466,18.8203],[-70.2484,18.8255],[-70.2488,18.8295],[-70.2483,18.8315],[-70.247,18.8339],[-70.2466,18.8356],[-70.2479,18.8384],[-70.2469,18.841],[-70.2454,18.8412],[-70.2452,18.8429],[-70.2438,18.8439],[-70.2426,18.8441],[-70.2422,18.8444],[-70.2413,18.845],[-70.241,18.8452],[-70.2399,18.8456],[-70.239,18.8467],[-70.2362,18.8483],[-70.2361,18.8482],[-70.236,18.8484],[-70.2358,18.8485],[-70.2356,18.8487],[-70.2349,18.8487],[-70.2346,18.8488],[-70.2338,18.849],[-70.2337,18.849],[-70.2332,18.8491],[-70.2328,18.8492],[-70.2322,18.8495],[-70.2321,18.8496],[-70.2321,18.8497],[-70.2322,18.85],[-70.2323,18.8501],[-70.2324,18.8502],[-70.2325,18.8504],[-70.2324,18.8505],[-70.2325,18.8509],[-70.2324,18.851],[-70.2323,18.8511],[-70.2322,18.8513],[-70.2322,18.8514],[-70.2323,18.8515],[-70.2327,18.8521],[-70.2326,18.8523],[-70.2327,18.8524],[-70.2326,18.8528],[-70.2325,18.8531],[-70.2318,18.8555],[-70.2308,18.8563],[-70.2303,18.8565],[-70.2298,18.8567],[-70.2294,18.857],[-70.2291,18.8573],[-70.2288,18.8575],[-70.2287,18.858],[-70.2269,18.8607],[-70.2261,18.8615],[-70.2259,18.8617],[-70.2259,18.8625],[-70.2264,18.8633],[-70.2261,18.8636],[-70.2259,18.864],[-70.2253,18.8645],[-70.2253,18.8647],[-70.2257,18.8659],[-70.2256,18.866],[-70.2255,18.8662],[-70.2253,18.8662],[-70.2248,18.8661],[-70.2247,18.8662],[-70.2247,18.8663],[-70.2244,18.8665],[-70.2236,18.8675],[-70.2235,18.8677],[-70.2236,18.868],[-70.2236,18.8681],[-70.2235,18.8685],[-70.2236,18.8688],[-70.2237,18.8689],[-70.2242,18.8689],[-70.2247,18.8691],[-70.225,18.869],[-70.2251,18.8689],[-70.2254,18.869],[-70.2258,18.8701],[-70.2257,18.8702],[-70.2253,18.8702],[-70.2251,18.8698],[-70.2248,18.8697],[-70.2245,18.87],[-70.2235,18.8713],[-70.2231,18.8723],[-70.2233,18.8726],[-70.2237,18.8728],[-70.2243,18.8736],[-70.2244,18.8737],[-70.2229,18.8739],[-70.2228,18.8739],[-70.2222,18.874],[-70.2219,18.8745],[-70.2224,18.8748],[-70.2225,18.8749],[-70.2223,18.8751],[-70.2222,18.8752],[-70.2218,18.8754],[-70.2215,18.8756],[-70.2216,18.8758],[-70.2216,18.8759],[-70.2222,18.8764],[-70.2223,18.8763],[-70.2225,18.8764],[-70.2226,18.8765],[-70.2227,18.8768],[-70.2224,18.8791],[-70.2216,18.8803],[-70.2215,18.8806],[-70.2217,18.8808],[-70.2223,18.8812],[-70.2226,18.8812],[-70.2227,18.8807],[-70.2231,18.8805],[-70.2234,18.8805],[-70.2236,18.8807],[-70.2242,18.8811],[-70.2244,18.8813],[-70.2248,18.8816],[-70.2258,18.8821],[-70.2261,18.8824],[-70.2263,18.8825],[-70.2268,18.8832],[-70.2269,18.8835],[-70.2273,18.8836],[-70.2275,18.8837],[-70.2279,18.8839],[-70.2282,18.8842],[-70.2299,18.8855],[-70.2305,18.8859],[-70.2308,18.8857],[-70.2309,18.8856],[-70.2313,18.8857],[-70.2316,18.8863],[-70.2317,18.8869],[-70.232,18.8872],[-70.2332,18.8873],[-70.234,18.8875],[-70.2351,18.8883],[-70.2351,18.8885],[-70.2344,18.8886],[-70.2337,18.8885],[-70.2335,18.8885],[-70.2326,18.8883],[-70.2325,18.8885],[-70.2325,18.8888],[-70.2327,18.8889],[-70.2333,18.8891],[-70.2334,18.8892],[-70.2335,18.8894],[-70.2336,18.8895],[-70.2335,18.8903],[-70.2335,18.8904],[-70.2337,18.8907],[-70.2337,18.8908],[-70.2339,18.891],[-70.2334,18.8915],[-70.2326,18.8925],[-70.2324,18.8926],[-70.2324,18.893],[-70.2325,18.8939],[-70.2328,18.894],[-70.2335,18.8938],[-70.2342,18.8936],[-70.2344,18.8938],[-70.2346,18.8939],[-70.2347,18.8941],[-70.2349,18.8948],[-70.2355,18.8954],[-70.2359,18.8956],[-70.2356,18.8963],[-70.2356,18.8964],[-70.2354,18.8964],[-70.2352,18.8964],[-70.2352,18.8963],[-70.2352,18.8961],[-70.235,18.8961],[-70.2346,18.8963],[-70.2345,18.8964],[-70.2344,18.8964],[-70.2342,18.8962],[-70.2341,18.8965],[-70.2342,18.8966],[-70.2344,18.8967],[-70.2347,18.8966],[-70.2348,18.8966],[-70.2348,18.8967],[-70.2348,18.8969],[-70.2348,18.897],[-70.2345,18.8969],[-70.2347,18.8971],[-70.2351,18.8977],[-70.2353,18.8981],[-70.2354,18.8983],[-70.2357,18.8984],[-70.2362,18.8982],[-70.2369,18.898],[-70.2373,18.8976],[-70.2374,18.8976],[-70.2376,18.8978],[-70.2376,18.8982],[-70.2374,18.8984],[-70.2375,18.8985],[-70.2377,18.8988],[-70.2378,18.8988],[-70.2379,18.899],[-70.2374,18.8994],[-70.2368,18.8997],[-70.2367,18.9003],[-70.2371,18.9005],[-70.2372,18.9005],[-70.2374,18.9012],[-70.2375,18.9013],[-70.2379,18.9016],[-70.238,18.9015],[-70.238,18.9014],[-70.2381,18.9013],[-70.2383,18.9011],[-70.2386,18.9014],[-70.2388,18.9018],[-70.2386,18.9019],[-70.2385,18.9019],[-70.2385,18.9022],[-70.2391,18.9024],[-70.2395,18.9024],[-70.2399,18.902],[-70.24,18.9019],[-70.2404,18.9019],[-70.2408,18.9019],[-70.2409,18.902],[-70.2413,18.9019],[-70.2413,18.9018],[-70.2417,18.9019],[-70.2418,18.9019],[-70.2423,18.9024],[-70.2432,18.9021],[-70.2435,18.902],[-70.2437,18.9018],[-70.2436,18.9015],[-70.2436,18.9013],[-70.2441,18.9012],[-70.2444,18.9011],[-70.2448,18.9012],[-70.2451,18.902],[-70.2456,18.9027],[-70.2455,18.903],[-70.2451,18.9034],[-70.2452,18.9037],[-70.2453,18.904],[-70.2455,18.9042],[-70.2459,18.9046],[-70.2461,18.9053],[-70.2462,18.9054],[-70.247,18.9055],[-70.2472,18.9054],[-70.2476,18.9052],[-70.248,18.9049],[-70.2489,18.9049],[-70.2489,18.9051],[-70.2487,18.9057],[-70.2487,18.9066],[-70.2489,18.9069],[-70.2492,18.9074],[-70.2492,18.9076],[-70.2492,18.9079],[-70.25,18.9089],[-70.2504,18.9084],[-70.2508,18.9082],[-70.2513,18.9092],[-70.2513,18.9095],[-70.2514,18.9096],[-70.2515,18.9098],[-70.2518,18.9098],[-70.2519,18.9097],[-70.2521,18.9097],[-70.2526,18.9096],[-70.2542,18.9104],[-70.2554,18.9104],[-70.2555,18.9102],[-70.2553,18.91],[-70.2554,18.9098],[-70.2556,18.9099],[-70.2558,18.9098],[-70.2559,18.9098],[-70.256,18.9098],[-70.2563,18.9097],[-70.2563,18.9095],[-70.2561,18.9092],[-70.2555,18.9091],[-70.2556,18.9087],[-70.2559,18.9083],[-70.2568,18.9086],[-70.2576,18.9091],[-70.2576,18.9092],[-70.2575,18.9094],[-70.2577,18.9097],[-70.2578,18.91],[-70.2578,18.9103],[-70.2575,18.9109],[-70.2575,18.911],[-70.2573,18.9117],[-70.2575,18.9124],[-70.2576,18.913],[-70.2567,18.9128],[-70.2563,18.9123],[-70.2562,18.9122],[-70.2558,18.9123],[-70.2555,18.9123],[-70.2554,18.9128],[-70.2554,18.9129],[-70.2555,18.9136],[-70.2554,18.9137],[-70.2557,18.9147],[-70.2563,18.9151],[-70.2566,18.9152],[-70.2569,18.9154],[-70.2576,18.9157],[-70.2577,18.9157],[-70.2578,18.9161],[-70.2573,18.9162],[-70.2569,18.9161],[-70.2563,18.9163],[-70.2566,18.9177],[-70.2574,18.9187],[-70.2572,18.9221],[-70.2553,18.925],[-70.2548,18.926],[-70.2548,18.9264],[-70.2549,18.9266],[-70.2557,18.9269],[-70.256,18.9273],[-70.2561,18.9277],[-70.2559,18.9279],[-70.2558,18.9282],[-70.256,18.9288],[-70.256,18.9289],[-70.256,18.9301],[-70.2575,18.9301],[-70.2614,18.9287],[-70.2649,18.9281],[-70.2659,18.9298],[-70.2682,18.9299],[-70.2706,18.9318],[-70.2739,18.9329],[-70.2749,18.9335],[-70.2762,18.9332],[-70.2774,18.9333],[-70.2792,18.9339],[-70.2817,18.9321],[-70.2837,18.9323],[-70.2857,18.9328],[-70.2886,18.9315],[-70.2902,18.9315],[-70.2906,18.9315],[-70.2918,18.9321],[-70.2933,18.9346],[-70.2935,18.9353],[-70.2954,18.9369],[-70.2961,18.937],[-70.2969,18.9377],[-70.2973,18.9386],[-70.2971,18.9423],[-70.298,18.9451],[-70.299,18.9468],[-70.2991,18.9468],[-70.2999,18.9478],[-70.3012,18.9499],[-70.3013,18.9515],[-70.3026,18.9525],[-70.3038,18.9536],[-70.3042,18.9536],[-70.3054,18.9531],[-70.307,18.9526],[-70.3076,18.9528],[-70.3093,18.9535],[-70.3094,18.9537],[-70.311,18.9541],[-70.3116,18.9555],[-70.3138,18.9574],[-70.3155,18.957],[-70.3162,18.9566],[-70.3192,18.9574],[-70.3188,18.9592],[-70.3209,18.9616],[-70.3216,18.9643],[-70.3234,18.966],[-70.3241,18.9665],[-70.324,18.9677],[-70.3239,18.968],[-70.3261,18.9696],[-70.3261,18.9708],[-70.327,18.9718],[-70.3282,18.9734],[-70.3284,18.9746],[-70.3304,18.977],[-70.3302,18.9775],[-70.3298,18.9796],[-70.3293,18.9818],[-70.3281,18.9833],[-70.3276,18.985],[-70.3283,18.9864],[-70.3288,18.988],[-70.3297,18.9885],[-70.3311,18.9899],[-70.3313,18.991],[-70.332,18.9912],[-70.3333,18.9912],[-70.3343,18.9923],[-70.3348,18.9921],[-70.3364,18.9926],[-70.3382,18.9921],[-70.3406,18.9917],[-70.3429,18.9925],[-70.3433,18.9925],[-70.3445,18.9924],[-70.3451,18.9926],[-70.3463,18.9932],[-70.3477,18.9932],[-70.348,18.9937],[-70.3485,18.9937],[-70.3511,18.9937],[-70.3523,18.9949],[-70.3529,18.9947],[-70.3534,18.995],[-70.3539,18.9952],[-70.3543,18.995],[-70.3544,18.9948],[-70.3546,18.9944],[-70.3558,18.994],[-70.3561,18.9944],[-70.3586,18.9952],[-70.3596,18.9957],[-70.3598,18.9961],[-70.3604,18.996],[-70.3609,18.9959],[-70.3613,18.9963],[-70.3621,18.9972],[-70.3627,18.9979],[-70.3645,18.9996],[-70.3647,18.9997],[-70.3662,19.001],[-70.3672,19.0033],[-70.3671,19.006],[-70.3673,19.0077],[-70.3675,19.008],[-70.3684,19.0111],[-70.3688,19.0122],[-70.3709,19.0141],[-70.3713,19.0149],[-70.3712,19.0156],[-70.3706,19.0164],[-70.3693,19.0175],[-70.3691,19.0178],[-70.369,19.018],[-70.3689,19.0182],[-70.3689,19.0186],[-70.369,19.0193],[-70.3691,19.0195],[-70.3692,19.0196],[-70.3693,19.0199],[-70.3694,19.02],[-70.3695,19.0202],[-70.3696,19.0205],[-70.3698,19.0209],[-70.3698,19.021],[-70.3703,19.0222],[-70.371,19.0227],[-70.3711,19.0229],[-70.3711,19.023],[-70.3711,19.0232],[-70.3711,19.0235],[-70.3711,19.0236],[-70.3711,19.0237],[-70.371,19.0238],[-70.3709,19.024],[-70.3707,19.0246],[-70.3706,19.0248],[-70.3706,19.0249],[-70.3705,19.0251],[-70.3704,19.0252],[-70.3703,19.0256],[-70.3697,19.0279],[-70.3707,19.0319],[-70.3697,19.0349],[-70.3684,19.0396],[-70.3672,19.0422],[-70.3679,19.0446],[-70.3683,19.0449],[-70.3693,19.0449],[-70.3718,19.0475],[-70.3723,19.0505],[-70.3743,19.053],[-70.3754,19.0545],[-70.3759,19.0551],[-70.3764,19.0561],[-70.3756,19.0583],[-70.3771,19.0628],[-70.3775,19.0638],[-70.378,19.0652],[-70.3793,19.0652],[-70.3803,19.0648],[-70.3804,19.0648],[-70.3814,19.0658],[-70.3822,19.0663],[-70.3844,19.0681],[-70.3857,19.0688],[-70.3874,19.0699],[-70.3876,19.073],[-70.3877,19.0737],[-70.3883,19.0761],[-70.3897,19.0766],[-70.3909,19.0785],[-70.3936,19.0809],[-70.3939,19.082],[-70.3955,19.0827],[-70.396,19.0844],[-70.3963,19.0846],[-70.3986,19.0866],[-70.3997,19.0864],[-70.4013,19.0884],[-70.4018,19.0887],[-70.4027,19.0897],[-70.4046,19.0914],[-70.4054,19.0922],[-70.4081,19.0944],[-70.4085,19.0954],[-70.4084,19.0984],[-70.4079,19.1031],[-70.4079,19.1048],[-70.4129,19.1099],[-70.4151,19.1119],[-70.4187,19.1153],[-70.4224,19.1194],[-70.4252,19.1222],[-70.4341,19.1314],[-70.4343,19.1312]]]},"properties":{"province_name":"MONSEÑOR NOUEL","municipalities":3}},
{"type":"Feature","geometry":{"type":"Polygon","coordinates":[[[-69.7336,19.0952],[-69.7439,19.0962],[-69.7501,19.0959],[-69.7559,19.0976],[-69.7588,19.0978],[-69.7674,19.0993],[-69.7743,19.1014],[-69.7759,19.1011],[-69.7776,19.0997],[-69.7784,19.0964],[-69.7804,19.0943],[-69.7821,19.0939],[-69.7841,19.095],[-69.7856,19.098],[-69.7907,19.0952],[-69.795,19.0897],[-69.7957,19.0864],[-69.7982,19.0836],[-69.8014,19.0812],[-69.8045,19.0796],[-69.8091,19.0795],[-69.8124,19.0819],[-69.8161,19.0826],[-69.8179,19.0812],[-69.8213,19.0814],[-69.824,19.0833],[-69.8256,19.0857],[-69.8306,19.0823],[-69.8347,19.0849],[-69.8383,19.0836],[-69.8413,19.0837],[-69.8452,19.0806],[-69.847,19.0803],[-69.8506,19.0806],[-69.852,19.0781],[-69.8543,19.0776],[-69.8562,19.0818],[-69.8586,19.0864],[-69.8619,19.088],[-69.8637,19.0895],[-69.8667,19.0893],[-69.869,19.0833],[-69.8699,19.0831],[-69.8752,19.0864],[-69.8765,19.085],[-69.8754,19.0829],[-69.872,19.0791],[-69.8715,19.0762],[-69.8721,19.0707],[-69.8726,19.0695],[-69.8753,19.0682],[-69.8754,19.0665],[-69.8727,19.0637],[-69.8714,19.0618],[-69.8678,19.0534],[-69.8681,19.0497],[-69.8694,19.0473],[-69.8699,19.0444],[-69.8748,19.0444],[-69.8766,19.0473],[-69.8811,19.0469],[-69.8843,19.0478],[-69.887,19.0491],[-69.8917,19.049],[-69.8965,19.0486],[-69.8986,19.0496],[-69.9037,19.0493],[-69.9048,19.0495],[-69.9057,19.049],[-69.9061,19.0484],[-69.9072,19.0478],[-69.9092,19.0452],[-69.911,19.0449],[-69.9114,19.0435],[-69.9116,19.0413],[-69.9143,19.0402],[-69.9144,19.0386],[-69.9144,19.0373],[-69.9158,19.0328],[-69.9171,19.0324],[-69.9159,19.0294],[-69.9179,19.0286],[-69.9184,19.0262],[-69.9198,19.0253],[-69.9215,19.0257],[-69.9224,19.0236],[-69.9221,19.0216],[-69.9238,19.0213],[-69.9275,19.0165],[-69.927,19.0152],[-69.9298,19.013],[-69.9296,19.012],[-69.9316,19.0101],[-69.9298,19.0081],[-69.9289,19.0063],[-69.93,19.0056],[-69.9308,19.0028],[-69.9326,19.0003],[-69.9321,18.9965],[-69.9309,18.9949],[-69.9258,18.9912],[-69.9242,18.9909],[-69.9222,18.9889],[-69.922,18.9858],[-69.9235,18.985],[-69.9236,18.9816],[-69.9253,18.9809],[-69.9272,18.9777],[-69.9255,18.9736],[-69.9226,18.9704],[-69.9228,18.9692],[-69.9231,18.9679],[-69.924,18.9674],[-69.9263,18.9622],[-69.926,18.9601],[-69.9273,18.9574],[-69.9263,18.9556],[-69.9288,18.954],[-69.9296,18.9518],[-69.9312,18.951],[-69.9314,18.9494],[-69.933,18.948],[-69.932,18.9458],[-69.9343,18.9436],[-69.9348,18.9421],[-69.9345,18.9393],[-69.9369,18.9386],[-69.9362,18.937],[-69.9379,18.9352],[-69.9384,18.932],[-69.9388,18.9305],[-69.9401,18.9282],[-69.9416,18.9286],[-69.9427,18.9285],[-69.9439,18.9231],[-69.9464,18.9222],[-69.9466,18.9197],[-69.9476,18.9188],[-69.9512,18.9179],[-69.9523,18.9155],[-69.9523,18.9133],[-69.9535,18.912],[-69.9535,18.9065],[-69.9531,18.9058],[-69.9534,18.9039],[-69.957,18.9018],[-69.9571,18.9002],[-69.9588,18.8983],[-69.9605,18.8975],[-69.9633,18.8975],[-69.9659,18.8939],[-69.9676,18.8939],[-69.9732,18.8929],[-69.9764,18.894],[-69.9785,18.8935],[-69.9812,18.8896],[-69.9829,18.8886],[-69.9873,18.8891],[-69.9929,18.8874],[-69.9984,18.8881],[-69.9984,18.891],[-69.9976,18.8935],[-70.0033,18.8976],[-70.0044,18.8999],[-70.0045,18.9022],[-70.0033,18.9064],[-70.0035,18.9084],[-70.0078,18.9106],[-70.0124,18.9121],[-70.0143,18.9143],[-70.0168,18.9156],[-70.0175,18.9112],[-70.0187,18.9091],[-70.0226,18.9083],[-70.0257,18.9062],[-70.0274,18.8953],[-70.0284,18.8905],[-70.0298,18.8866],[-70.0346,18.8881],[-70.0368,18.8916],[-70.0384,18.8928],[-70.0392,18.8903],[-70.0417,18.8898],[-70.0462,18.8856],[-70.049,18.8808],[-70.0532,18.8802],[-70.0565,18.8811],[-70.0596,18.8785],[-70.0621,18.8799],[-70.0628,18.88],[-70.0651,18.8797],[-70.0656,18.8797],[-70.0664,18.8797],[-70.0666,18.8797],[-70.0669,18.8797],[-70.0679,18.8803],[-70.0698,18.8811],[-70.0703,18.8813],[-70.0715,18.8821],[-70.0737,18.8861],[-70.0752,18.8873],[-70.0754,18.8898],[-70.0778,18.8912],[-70.0799,18.8908],[-70.0827,18.8906],[-70.0842,18.8903],[-70.0844,18.8903],[-70.0857,18.8876],[-70.0859,18.8872],[-70.0859,18.8871],[-70.086,18.8868],[-70.0861,18.8867],[-70.0864,18.8866],[-70.0866,18.8866],[-70.0869,18.8868],[-70.087,18.887],[-70.0871,18.8871],[-70.0872,18.8873],[-70.0873,18.8874],[-70.0876,18.8875],[-70.0888,18.8869],[-70.0893,18.8868],[-70.0895,18.8868],[-70.0897,18.8866],[-70.0905,18.8863],[-70.092,18.885],[-70.0923,18.8846],[-70.094,18.8841],[-70.0948,18.8841],[-70.0955,18.8843],[-70.0957,18.8845],[-70.0959,18.8846],[-70.0972,18.8849],[-70.0986,18.8851],[-70.0998,18.8855],[-70.1023,18.888],[-70.1083,18.891],[-70.1108,18.8874],[-70.112,18.8868],[-70.116,18.8889],[-70.1173,18.8886],[-70.1147,18.8809],[-70.1146,18.8777],[-70.114,18.8749],[-70.1158,18.8706],[-70.1172,18.8683],[-70.1183,18.8654],[-70.1207,18.8654],[-70.1232,18.8665],[-70.1252,18.8657],[-70.1272,18.8672],[-70.1321,18.8692],[-70.1369,18.869],[-70.1398,18.8673],[-70.1449,18.8665],[-70.147,18.8677],[-70.1489,18.8703],[-70.1511,18.871],[-70.1536,18.8737],[-70.1584,18.874],[-70.1601,18.8735],[-70.1624,18.8718],[-70.1643,18.8712],[-70.1681,18.8688],[-70.1702,18.8679],[-70.1708,18.8691],[-70.173,18.8699],[-70.1737,18.87],[-70.1762,18.8706],[-70.1795,18.8693],[-70.1811,18.8679],[-70.1833,18.8677],[-70.184,18.868],[-70.186,18.869],[-70.1876,18.8697],[-70.1881,18.8716],[-70.1887,18.872],[-70.1909,18.8753],[-70.1932,18.8747],[-70.194,18.8737],[-70.1951,18.8722],[-70.1954,18.87],[-70.1982,18.8681],[-70.2028,18.8642],[-70.2042,18.8635],[-70.2061,18.8611],[-70.2107,18.859],[-70.2135,18.8569],[-70.2175,18.8564],[-70.219,18.8516],[-70.2228,18.8474],[-70.2231,18.8463],[-70.2276,18.8438],[-70.2306,18.8437],[-70.2333,18.8425],[-70.2354,18.8423],[-70.2385,18.8432],[-70.2417,18.8417],[-70.2469,18.841],[-70.2479,18.8384],[-70.2466,18.8356],[-70.247,18.8339],[-70.2483,18.8315],[-70.2488,18.8295],[-70.2484,18.8255],[-70.2466,18.8203],[-70.2473,18.8111],[-70.2487,18.8091],[-70.2487,18.8076],[-70.2446,18.8043],[-70.2418,18.8026],[-70.2389,18.7995],[-70.2371,18.7968],[-70.2337,18.7926],[-70.2301,18.7904],[-70.228,18.7872],[-70.2281,18.7842],[-70.2232,18.7818],[-70.2192,18.7766],[-70.2184,18.7746],[-70.2181,18.7684],[-70.2173,18.7669],[-70.2151,18.7659],[-70.2081,18.7644],[-70.2028,18.767],[-70.2007,18.7671],[-70.1972,18.7656],[-70.1929,18.7612],[-70.1863,18.7588],[-70.183,18.7568],[-70.1812,18.7537],[-70.176,18.7517],[-70.1747,18.7471],[-70.1713,18.7459],[-70.1685,18.7433],[-70.1675,18.7393],[-70.1648,18.7367],[-70.1637,18.7343],[-70.1643,18.7311],[-70.1647,18.7288],[-70.1651,18.7279],[-70.1638,18.7285],[-70.1603,18.7285],[-70.1595,18.7278],[-70.1554,18.7286],[-70.1511,18.7283],[-70.1497,18.7288],[-70.142,18.7286],[-70.1411,18.7292],[-70.1373,18.7267],[-70.1369,18.7252],[-70.1347,18.7221],[-70.1326,18.7176],[-70.1303,18.7158],[-70.1295,18.7135],[-70.128,18.7134],[-70.1261,18.7102],[-70.1237,18.7081],[-70.1225,18.7053],[-70.121,18.7046],[-70.1186,18.7014],[-70.1134,18.6984],[-70.1114,18.6984],[-70.1075,18.6971],[-70.1025,18.6927],[-70.0991,18.6889],[-70.0959,18.6836],[-70.0947,18.6825],[-70.0924,18.6825],[-70.0892,18.6833],[-70.0868,18.6834],[-70.0831,18.6847],[-70.0788,18.6877],[-70.0762,18.6884],[-70.0745,18.6882],[-70.0713,18.6862],[-70.0686,18.6865],[-70.0679,18.6852],[-70.0658,18.684],[-70.0601,18.6781],[-70.0581,18.6768],[-70.0535,18.6764],[-70.0508,18.6747],[-70.0464,18.6711],[-70.0441,18.6688],[-70.0321,18.663],[-70.0282,18.6622],[-70.0235,18.6622],[-70.0203,18.6601],[-70.018,18.66],[-70.0152,18.6662],[-70.0115,18.6679],[-70.0077,18.6679],[-70.0044,18.6688],[-70.0013,18.6686],[-69.9983,18.6703],[-69.9957,18.6701],[-69.9947,18.672],[-69.9931,18.6715],[-69.9946,18.6696],[-69.9905,18.6707],[-69.9864,18.6693],[-69.9853,18.6723],[-69.9827,18.6736],[-69.9823,18.6754],[-69.981,18.6762],[-69.9793,18.6755],[-69.9775,18.677],[-69.9766,18.6813],[-69.9778,18.6835],[-69.9759,18.6851],[-69.9752,18.6834],[-69.9729,18.6846],[-69.9695,18.6829],[-69.9657,18.6829],[-69.9648,18.6846],[-69.962,18.6871],[-69.9621,18.6905],[-69.9582,18.694],[-69.9548,18.693],[-69.9534,18.6948],[-69.9524,18.6987],[-69.9558,18.7044],[-69.9621,18.7091],[-69.96,18.7099],[-69.9589,18.7116],[-69.9585,18.7145],[-69.9561,18.7146],[-69.9551,18.7138],[-69.9536,18.7104],[-69.9537,18.7072],[-69.9523,18.7064],[-69.9497,18.707],[-69.9485,18.7063],[-69.947,18.7085],[-69.9449,18.7075],[-69.9434,18.705],[-69.9401,18.7036],[-69.9394,18.7053],[-69.9375,18.7042],[-69.9379,18.702],[-69.9361,18.7013],[-69.9336,18.7031],[-69.9312,18.701],[-69.927,18.7006],[-69.9252,18.7022],[-69.923,18.7031],[-69.9218,18.7025],[-69.9205,18.6995],[-69.9178,18.6975],[-69.9179,18.696],[-69.9151,18.6945],[-69.9139,18.6946],[-69.907,18.6973],[-69.9057,18.6985],[-69.9025,18.6993],[-69.9031,18.7007],[-69.9008,18.7041],[-69.8987,18.7034],[-69.8962,18.7049],[-69.8946,18.7045],[-69.8922,18.7068],[-69.8898,18.7067],[-69.889,18.7056],[-69.8869,18.7089],[-69.8853,18.7092],[-69.8851,18.7113],[-69.8833,18.7119],[-69.8827,18.7084],[-69.8811,18.7071],[-69.8786,18.7075],[-69.8779,18.706],[-69.874,18.7053],[-69.8722,18.7082],[-69.8704,18.7078],[-69.8692,18.709],[-69.8665,18.7086],[-69.8646,18.707],[-69.8671,18.7049],[-69.8661,18.7027],[-69.8639,18.7019],[-69.862,18.7026],[-69.8597,18.7009],[-69.8601,18.6975],[-69.8585,18.695],[-69.8565,18.6946],[-69.856,18.6927],[-69.8581,18.6905],[-69.8552,18.6888],[-69.8537,18.6895],[-69.8531,18.6868],[-69.8547,18.6848],[-69.8547,18.6821],[-69.8507,18.6808],[-69.8472,18.678],[-69.8456,18.6745],[-69.8422,18.6693],[-69.8411,18.6686],[-69.8417,18.6664],[-69.8413,18.665],[-69.8375,18.6652],[-69.8372,18.6596],[-69.8361,18.6579],[-69.8339,18.6565],[-69.8328,18.6541],[-69.8304,18.6572],[-69.8306,18.6585],[-69.8289,18.6597],[-69.8252,18.6602],[-69.8233,18.662],[-69.8215,18.6617],[-69.8205,18.6595],[-69.8228,18.6586],[-69.8237,18.6555],[-69.8187,18.6533],[-69.8188,18.6509],[-69.8214,18.6498],[-69.8214,18.6472],[-69.8204,18.6426],[-69.8213,18.6399],[-69.8211,18.6362],[-69.8223,18.6342],[-69.8213,18.6312],[-69.8187,18.6302],[-69.819,18.6278],[-69.8155,18.6252],[-69.8132,18.6248],[-69.8111,18.6254],[-69.8081,18.6283],[-69.8059,18.6262],[-69.8024,18.6251],[-69.7991,18.6253],[-69.7964,18.6206],[-69.7963,18.6182],[-69.7939,18.616],[-69.7929,18.6142],[-69.7931,18.6112],[-69.7913,18.6097],[-69.7916,18.6057],[-69.7902,18.6033],[-69.7911,18.5998],[-69.7909,18.5975],[-69.7933,18.5942],[-69.7935,18.5929],[-69.7908,18.5893],[-69.7897,18.5825],[-69.7869,18.5798],[-69.7864,18.5782],[-69.7864,18.5745],[-69.7838,18.5761],[-69.783,18.5785],[-69.7796,18.5776],[-69.7799,18.5818],[-69.7783,18.582],[-69.7781,18.5838],[-69.7749,18.5838],[-69.7729,18.5831],[-69.7717,18.587],[-69.7691,18.5873],[-69.7681,18.5896],[-69.7683,18.5919],[-69.7697,18.593],[-69.7671,18.5947],[-69.7655,18.5946],[-69.7646,18.5964],[-69.7617,18.5962],[-69.7608,18.5975],[-69.7584,18.5972],[-69.7564,18.5977],[-69.7543,18.5972],[-69.7529,18.5995],[-69.7533,18.6017],[-69.7517,18.6028],[-69.7519,18.6046],[-69.7506,18.6065],[-69.75,18.6105],[-69.7486,18.6118],[-69.748,18.6144],[-69.7451,18.6157],[-69.7454,18.6179],[-69.7443,18.6194],[-69.7438,18.6223],[-69.7441,18.6253],[-69.7428,18.6273],[-69.7384,18.6287],[-69.7377,18.6319],[-69.7336,18.6321],[-69.7334,18.6344],[-69.7289,18.6343],[-69.7283,18.6356],[-69.7296,18.6384],[-69.7271,18.6394],[-69.7256,18.6424],[-69.724,18.643],[-69.7232,18.6455],[-69.7211,18.6457],[-69.7216,18.6434],[-69.7194,18.643],[-69.7185,18.6402],[-69.7164,18.6411],[-69.7132,18.6399],[-69.7117,18.6418],[-69.7075,18.6423],[-69.7059,18.6393],[-69.7023,18.6415],[-69.7005,18.6417],[-69.6982,18.6401],[-69.6971,18.6425],[-69.694,18.6402],[-69.69,18.64],[-69.6827,18.6435],[-69.6788,18.6457],[-69.6764,18.6466],[-69.673,18.6463],[-69.6698,18.6496],[-69.6661,18.6523],[-69.6613,18.6533],[-69.6615,18.6557],[-69.6599,18.6576],[-69.6572,18.6577],[-69.6537,18.6595],[-69.6523,18.6616],[-69.6491,18.6636],[-69.6468,18.6639],[-69.6444,18.6625],[-69.6414,18.6657],[-69.6317,18.6717],[-69.6307,18.6717],[-69.6251,18.674],[-69.6238,18.6749],[-69.6181,18.6771],[-69.6165,18.6773],[-69.602,18.6643],[-69.5961,18.6598],[-69.5895,18.6565],[-69.5861,18.6553],[-69.5764,18.653],[-69.5708,18.6521],[-69.5707,18.6522],[-69.5695,18.6529],[-69.5682,18.6533],[-69.564,18.6562],[-69.5626,18.6585],[-69.5605,18.6585],[-69.5595,18.6608],[-69.5571,18.6634],[-69.5562,18.6662],[-69.5566,18.6685],[-69.5543,18.6696],[-69.5533,18.6716],[-69.5523,18.672],[-69.5502,18.6754],[-69.5498,18.6786],[-69.5495,18.681],[-69.5472,18.684],[-69.5459,18.6859],[-69.5443,18.6867],[-69.5431,18.6886],[-69.5412,18.6908],[-69.5392,18.6935],[-69.538,18.6973],[-69.5374,18.7019],[-69.5363,18.7039],[-69.5353,18.7093],[-69.5352,18.7121],[-69.5348,18.7132],[-69.5333,18.717],[-69.533,18.7206],[-69.5319,18.7227],[-69.5311,18.7267],[-69.5321,18.7286],[-69.5318,18.7317],[-69.5315,18.7349],[-69.532,18.7364],[-69.5319,18.7417],[-69.5309,18.7433],[-69.5299,18.7445],[-69.5297,18.7447],[-69.5296,18.7449],[-69.5294,18.7451],[-69.529,18.7454],[-69.5278,18.7465],[-69.5259,18.7481],[-69.5254,18.7486],[-69.5247,18.7491],[-69.5247,18.7492],[-69.5246,18.7493],[-69.5244,18.7494],[-69.5243,18.7494],[-69.5241,18.7495],[-69.5239,18.7495],[-69.5227,18.7498],[-69.5196,18.754],[-69.5166,18.7564],[-69.5126,18.7597],[-69.5138,18.7616],[-69.5138,18.7631],[-69.5134,18.7641],[-69.5109,18.7654],[-69.5055,18.7675],[-69.5038,18.7678],[-69.5029,18.7663],[-69.5005,18.768],[-69.497,18.7709],[-69.4959,18.7724],[-69.4959,18.7758],[-69.4943,18.7763],[-69.4943,18.7781],[-69.4931,18.7799],[-69.4918,18.7852],[-69.4903,18.7866],[-69.4885,18.7885],[-69.4894,18.7901],[-69.4904,18.7926],[-69.4899,18.7951],[-69.4889,18.7977],[-69.4843,18.8003],[-69.4819,18.8009],[-69.4797,18.8032],[-69.4761,18.8049],[-69.4745,18.8063],[-69.4742,18.8082],[-69.4727,18.8119],[-69.4716,18.813],[-69.4652,18.8123],[-69.4638,18.8147],[-69.4607,18.8176],[-69.4582,18.822],[-69.4551,18.8205],[-69.453,18.8184],[-69.4521,18.8159],[-69.4519,18.811],[-69.4512,18.8085],[-69.4501,18.8078],[-69.4469,18.808],[-69.4449,18.807],[-69.4437,18.8086],[-69.4442,18.8103],[-69.443,18.8113],[-69.4429,18.8152],[-69.4418,18.8162],[-69.4419,18.8188],[-69.4433,18.8199],[-69.4441,18.8221],[-69.4435,18.8229],[-69.4403,18.8225],[-69.438,18.8241],[-69.4348,18.8252],[-69.4338,18.8278],[-69.4336,18.83],[-69.4292,18.8344],[-69.4277,18.8355],[-69.4252,18.8352],[-69.4259,18.8374],[-69.4242,18.8399],[-69.4248,18.8414],[-69.4233,18.8429],[-69.4211,18.8437],[-69.4213,18.8458],[-69.4175,18.8463],[-69.4167,18.8452],[-69.4146,18.846],[-69.4129,18.8454],[-69.4099,18.8472],[-69.406,18.8482],[-69.4043,18.8463],[-69.4023,18.847],[-69.4014,18.8486],[-69.4018,18.8516],[-69.4005,18.8523],[-69.3985,18.8569],[-69.3964,18.8587],[-69.3961,18.8606],[-69.3971,18.8639],[-69.3952,18.8662],[-69.3933,18.8675],[-69.39,18.8676],[-69.3891,18.869],[-69.3864,18.8693],[-69.3821,18.8685],[-69.3777,18.8694],[-69.3756,18.8714],[-69.3741,18.8721],[-69.3733,18.8743],[-69.3698,18.8795],[-69.368,18.8811],[-69.3661,18.8842],[-69.3661,18.886],[-69.3648,18.888],[-69.3665,18.8913],[-69.3704,18.8916],[-69.3732,18.8931],[-69.3771,18.8928],[-69.3827,18.8937],[-69.3868,18.892],[-69.3903,18.8897],[-69.394,18.8878],[-69.3983,18.8864],[-69.4013,18.8881],[-69.4037,18.8862],[-69.4092,18.8865],[-69.4092,18.8886],[-69.4107,18.8901],[-69.4247,18.8895],[-69.4246,18.8876],[-69.4224,18.8862],[-69.4227,18.8845],[-69.4261,18.8848],[-69.4311,18.8883],[-69.4332,18.8886],[-69.4334,18.891],[-69.4365,18.8934],[-69.4388,18.8941],[-69.442,18.8985],[-69.4438,18.8992],[-69.4456,18.903],[-69.4474,18.9031],[-69.4483,18.9058],[-69.4496,18.9061],[-69.455,18.9104],[-69.4557,18.9121],[-69.4592,18.9127],[-69.4623,18.9148],[-69.466,18.9154],[-69.4705,18.9169],[-69.4742,18.9178],[-69.4756,18.9187],[-69.4787,18.922],[-69.482,18.9237],[-69.4899,18.9307],[-69.493,18.9344],[-69.4955,18.9364],[-69.4983,18.9406],[-69.5006,18.9433],[-69.504,18.9457],[-69.5051,18.9501],[-69.507,18.9513],[-69.5085,18.9508],[-69.5115,18.9462],[-69.516,18.9362],[-69.519,18.9371],[-69.525,18.9429],[-69.5264,18.9457],[-69.5281,18.9465],[-69.5312,18.9468],[-69.5329,18.948],[-69.535,18.9517],[-69.5386,18.9516],[-69.5406,18.9534],[-69.5434,18.9569],[-69.5471,18.9603],[-69.5469,18.9629],[-69.5483,18.9649],[-69.5521,18.9661],[-69.5535,18.9658],[-69.5553,18.9682],[-69.5574,18.969],[-69.5584,18.9712],[-69.5621,18.9739],[-69.5651,18.9754],[-69.5696,18.9795],[-69.5716,18.9801],[-69.5742,18.9828],[-69.5784,18.9848],[-69.5918,18.9854],[-69.5937,18.9863],[-69.5978,18.9867],[-69.6039,18.989],[-69.6073,18.9882],[-69.6094,18.9887],[-69.6123,18.9911],[-69.6137,18.9914],[-69.6162,18.9903],[-69.6187,18.9901],[-69.62,18.9909],[-69.6243,18.9922],[-69.6286,18.9938],[-69.6334,18.9963],[-69.6368,18.9985],[-69.6452,19.0043],[-69.6499,19.0079],[-69.6531,19.0099],[-69.6605,19.0126],[-69.6635,19.0131],[-69.6648,19.017],[-69.6685,19.0219],[-69.6717,19.027],[-69.6757,19.0311],[-69.68,19.0335],[-69.6897,19.0367],[-69.6936,19.0397],[-69.6962,19.0425],[-69.7005,19.0485],[-69.7019,19.0522],[-69.7019,19.0587],[-69.701,19.0625],[-69.702,19.0684],[-69.7024,19.072],[-69.7048,19.0775],[-69.7069,19.0807],[-69.7088,19.0822],[-69.7143,19.084],[-69.7171,19.0862],[-69.719,19.0882],[-69.7231,19.0884],[-69.7284,19.0901],[-69.7319,19.0923],[-69.7331,19.0937],[-69.7336,19.0951],[-69.7336,19.0952]]]},"properties":{"province_name":"MONTE PLATA","municipalities":5}},
{"type":"Feature","geometry":{"type":"MultiPolygon","coordinates":[[[[-69.1847,19.0119],[-69.1853,19.0143],[-69.1874,19.0139],[-69.1904,19.0098],[-69.1867,19.0076],[-69.1846,19.0087],[-69.178,19.0103],[-69.1757,19.0113],[-69.1778,19.0125],[-69.1832,19.0102],[-69.1847,19.0119]]],[[[-69.5401,19.0857],[-69.5422,19.088],[-69.542,19.0843],[-69.5401,19.0857]]],[[[-69.5451,19.0899],[-69.5463,19.0936],[-69.5473,19.0929],[-69.5451,19.0899]]],[[[-69.1811,19.0063],[-69.1835,19.0074],[-69.1855,19.0065],[-69.1889,19.008],[-69.1939,19.0108],[-69.1958,19.0097],[-69.199,19.0103],[-69.2014,19.0072],[-69.2039,19.0073],[-69.2063,19.0097],[-69.2055,19.0137],[-69.2069,19.0148],[-69.2094,19.015],[-69.2129,19.0174],[-69.2142,19.0169],[-69.2167,19.0194],[-69.2171,19.0221],[-69.22,19.0243],[-69.2227,19.0251],[-69.2232,19.0276],[-69.2246,19.0275],[-69.2262,19.0258],[-69.2289,19.0277],[-69.233,19.0268],[-69.235,19.0248],[-69.2371,19.0243],[-69.2416,19.0241],[-69.2463,19.0216],[-69.2485,19.0215],[-69.2513,19.0203],[-69.2528,19.0188],[-69.2588,19.016],[-69.2612,19.0157],[-69.2651,19.0179],[-69.2685,19.0207],[-69.2736,19.024],[-69.2756,19.0268],[-69.2773,19.0277],[-69.2792,19.0274],[-69.2806,19.029],[-69.2799,19.0307],[-69.2823,19.0322],[-69.2893,19.0333],[-69.2919,19.0327],[-69.2932,19.0339],[-69.2961,19.0346],[-69.2984,19.0366],[-69.2989,19.0407],[-69.3012,19.0417],[-69.3029,19.0411],[-69.3041,19.042],[-69.3053,19.0449],[-69.3075,19.0475],[-69.3115,19.0485],[-69.3126,19.0481],[-69.3183,19.0485],[-69.3225,19.0472],[-69.3251,19.0475],[-69.329,19.0448],[-69.333,19.0432],[-69.3352,19.0437],[-69.3372,19.043],[-69.3387,19.044],[-69.3415,19.0431],[-69.3426,19.0435],[-69.3469,19.0476],[-69.3482,19.0496],[-69.3527,19.0495],[-69.3535,19.0522],[-69.3588,19.0518],[-69.3607,19.0521],[-69.3626,19.0546],[-69.3662,19.0549],[-69.3719,19.0563],[-69.3746,19.0575],[-69.3787,19.0581],[-69.3811,19.0621],[-69.3837,19.0652],[-69.3841,19.0674],[-69.3853,19.0689],[-69.3855,19.0715],[-69.3846,19.0732],[-69.382,19.0755],[-69.3823,19.0777],[-69.3856,19.0799],[-69.385,19.0813],[-69.383,19.0825],[-69.3847,19.0857],[-69.3896,19.086],[-69.3956,19.0904],[-69.4018,19.0973],[-69.4085,19.101],[-69.4139,19.1032],[-69.4173,19.1032],[-69.419,19.1024],[-69.4221,19.1022],[-69.4302,19.1001],[-69.4323,19.1006],[-69.4359,19.0995],[-69.4397,19.1001],[-69.4443,19.1001],[-69.446,19.1008],[-69.4497,19.1014],[-69.4592,19.0987],[-69.4616,19.0982],[-69.4669,19.0964],[-69.4731,19.0947],[-69.4769,19.0943],[-69.4788,19.0946],[-69.479,19.0916],[-69.4771,19.0911],[-69.4746,19.0934],[-69.4734,19.0929],[-69.4706,19.0936],[-69.4693,19.0949],[-69.4655,19.0957],[-69.4639,19.0943],[-69.4621,19.0945],[-69.4601,19.0929],[-69.4591,19.0963],[-69.4563,19.0988],[-69.4548,19.0981],[-69.4529,19.0949],[-69.4521,19.0947],[-69.4504,19.0987],[-69.4487,19.0994],[-69.4461,19.099],[-69.4416,19.0967],[-69.4393,19.0966],[-69.4379,19.0934],[-69.4366,19.0867],[-69.4396,19.0878],[-69.4413,19.0839],[-69.4422,19.0776],[-69.445,19.0731],[-69.4488,19.0719],[-69.4514,19.0717],[-69.4554,19.0704],[-69.4578,19.0719],[-69.4573,19.0746],[-69.4556,19.0754],[-69.4565,19.0769],[-69.4601,19.0779],[-69.4618,19.0769],[-69.4624,19.0792],[-69.4642,19.0778],[-69.4661,19.0779],[-69.4654,19.0806],[-69.4673,19.0815],[-69.4689,19.0796],[-69.4743,19.0792],[-69.4768,19.0779],[-69.4774,19.0756],[-69.479,19.0754],[-69.4803,19.0741],[-69.4829,19.075],[-69.4835,19.0765],[-69.4868,19.0779],[-69.4878,19.0763],[-69.4933,19.0774],[-69.4929,19.0812],[-69.4959,19.0814],[-69.4945,19.0844],[-69.4966,19.0841],[-69.4967,19.0869],[-69.4993,19.087],[-69.5018,19.0878],[-69.5033,19.085],[-69.505,19.0852],[-69.5041,19.0875],[-69.5051,19.0886],[-69.5076,19.0863],[-69.511,19.0886],[-69.5118,19.0859],[-69.5178,19.0869],[-69.5194,19.0858],[-69.5194,19.0834],[-69.5224,19.0821],[-69.527,19.0821],[-69.5255,19.0845],[-69.5276,19.0848],[-69.5275,19.0828],[-69.5315,19.0835],[-69.5315,19.0806],[-69.5325,19.0785],[-69.5355,19.0799],[-69.5358,19.083],[-69.5389,19.0821],[-69.544,19.0837],[-69.545,19.0824],[-69.5482,19.0826],[-69.5491,19.0848],[-69.5509,19.0873],[-69.5533,19.0847],[-69.5552,19.0838],[-69.5566,19.085],[-69.5586,19.0856],[-69.5611,19.0874],[-69.56,19.0883],[-69.5658,19.0909],[-69.5655,19.0869],[-69.5674,19.0891],[-69.5691,19.0874],[-69.5736,19.089],[-69.5755,19.0885],[-69.575,19.0861],[-69.5764,19.085],[-69.5792,19.0856],[-69.5808,19.0844],[-69.5832,19.0849],[-69.5846,19.0825],[-69.5867,19.0835],[-69.5898,19.0834],[-69.5909,19.082],[-69.5931,19.0809],[-69.5948,19.0819],[-69.5958,19.08],[-69.5981,19.0809],[-69.6002,19.0794],[-69.6027,19.0809],[-69.6041,19.0794],[-69.6044,19.0775],[-69.6139,19.0369],[-69.6243,18.9922],[-69.62,18.9909],[-69.6187,18.9901],[-69.6162,18.9903],[-69.6137,18.9914],[-69.6123,18.9911],[-69.6094,18.9887],[-69.6073,18.9882],[-69.6039,18.989],[-69.5978,18.9867],[-69.5937,18.9863],[-69.5918,18.9854],[-69.5784,18.9848],[-69.5742,18.9828],[-69.5716,18.9801],[-69.5696,18.9795],[-69.5651,18.9754],[-69.5621,18.9739],[-69.5584,18.9712],[-69.5574,18.969],[-69.5553,18.9682],[-69.5535,18.9658],[-69.5521,18.9661],[-69.5483,18.9649],[-69.5469,18.9629],[-69.5471,18.9603],[-69.5434,18.9569],[-69.5406,18.9534],[-69.5386,18.9516],[-69.535,18.9517],[-69.5329,18.948],[-69.5312,18.9468],[-69.5281,18.9465],[-69.5264,18.9457],[-69.525,18.9429],[-69.519,18.9371],[-69.516,18.9362],[-69.5115,18.9462],[-69.5085,18.9508],[-69.507,18.9513],[-69.5051,18.9501],[-69.504,18.9457],[-69.5006,18.9433],[-69.4983,18.9406],[-69.4955,18.9364],[-69.493,18.9344],[-69.4899,18.9307],[-69.482,18.9237],[-69.4787,18.922],[-69.4756,18.9187],[-69.4742,18.9178],[-69.4705,18.9169],[-69.466,18.9154],[-69.4623,18.9148],[-69.4592,18.9127],[-69.4557,18.9121],[-69.455,18.9104],[-69.4496,18.9061],[-69.4483,18.9058],[-69.4474,18.9031],[-69.4456,18.903],[-69.4438,18.8992],[-69.442,18.8985],[-69.4388,18.8941],[-69.4365,18.8934],[-69.4334,18.891],[-69.4332,18.8886],[-69.4311,18.8883],[-69.4261,18.8848],[-69.4227,18.8845],[-69.4224,18.8862],[-69.4246,18.8876],[-69.4247,18.8895],[-69.4107,18.8901],[-69.4092,18.8886],[-69.4092,18.8865],[-69.4037,18.8862],[-69.4013,18.8881],[-69.3983,18.8864],[-69.394,18.8878],[-69.3903,18.8897],[-69.3868,18.892],[-69.3827,18.8937],[-69.3771,18.8928],[-69.3732,18.8931],[-69.3704,18.8916],[-69.3665,18.8913],[-69.3648,18.888],[-69.3661,18.886],[-69.3661,18.8842],[-69.368,18.8811],[-69.3698,18.8795],[-69.3733,18.8743],[-69.3741,18.8721],[-69.3756,18.8714],[-69.3777,18.8694],[-69.3821,18.8685],[-69.3864,18.8693],[-69.3891,18.869],[-69.39,18.8676],[-69.3933,18.8675],[-69.3952,18.8662],[-69.3971,18.8639],[-69.3961,18.8606],[-69.3964,18.8587],[-69.3985,18.8569],[-69.4005,18.8523],[-69.4018,18.8516],[-69.4014,18.8486],[-69.4023,18.847],[-69.4043,18.8463],[-69.406,18.8482],[-69.4099,18.8472],[-69.4129,18.8454],[-69.4146,18.846],[-69.4167,18.8452],[-69.4175,18.8463],[-69.4213,18.8458],[-69.4211,18.8437],[-69.4233,18.8429],[-69.4248,18.8414],[-69.4242,18.8399],[-69.4259,18.8374],[-69.4252,18.8352],[-69.4277,18.8355],[-69.4292,18.8344],[-69.4336,18.83],[-69.4338,18.8278],[-69.4348,18.8252],[-69.438,18.8241],[-69.4403,18.8225],[-69.4435,18.8229],[-69.4441,18.8221],[-69.4433,18.8199],[-69.4419,18.8188],[-69.4418,18.8162],[-69.4429,18.8152],[-69.443,18.8113],[-69.4442,18.8103],[-69.4437,18.8086],[-69.4449,18.807],[-69.4469,18.808],[-69.4501,18.8078],[-69.4522,18.8065],[-69.4512,18.8048],[-69.4535,18.8043],[-69.4547,18.803],[-69.457,18.8029],[-69.4573,18.8014],[-69.455,18.7982],[-69.4554,18.7958],[-69.457,18.7951],[-69.4526,18.7937],[-69.4529,18.7914],[-69.4546,18.7913],[-69.4545,18.7885],[-69.4551,18.7851],[-69.4573,18.7845],[-69.4577,18.7814],[-69.4579,18.7791],[-69.4569,18.7757],[-69.4569,18.7737],[-69.457,18.7736],[-69.4571,18.772],[-69.4575,18.7705],[-69.4574,18.7704],[-69.4573,18.7702],[-69.4573,18.7701],[-69.4573,18.7697],[-69.4565,18.7692],[-69.4562,18.769],[-69.4559,18.7684],[-69.4553,18.7676],[-69.455,18.7668],[-69.4533,18.7659],[-69.4532,18.7659],[-69.4529,18.7655],[-69.4529,18.7654],[-69.453,18.7653],[-69.4532,18.7645],[-69.452,18.7639],[-69.4518,18.7639],[-69.4513,18.7639],[-69.4512,18.7639],[-69.4494,18.764],[-69.4491,18.7641],[-69.4466,18.7644],[-69.446,18.7636],[-69.4421,18.762],[-69.4391,18.7616],[-69.4381,18.7607],[-69.4394,18.7561],[-69.439,18.7545],[-69.4387,18.7519],[-69.4368,18.7506],[-69.4385,18.7489],[-69.4386,18.7465],[-69.4396,18.7459],[-69.4377,18.7412],[-69.4351,18.7406],[-69.4356,18.7386],[-69.4346,18.738],[-69.4342,18.738],[-69.433,18.7375],[-69.4317,18.7347],[-69.4307,18.7336],[-69.4315,18.7319],[-69.4313,18.7301],[-69.4291,18.7279],[-69.4302,18.7257],[-69.428,18.7216],[-69.4273,18.717],[-69.43,18.7157],[-69.4293,18.7124],[-69.4295,18.7082],[-69.4277,18.7069],[-69.4294,18.7052],[-69.4289,18.7042],[-69.4291,18.702],[-69.4304,18.6998],[-69.4278,18.697],[-69.4249,18.6964],[-69.4248,18.694],[-69.4229,18.6933],[-69.4225,18.6917],[-69.4236,18.6903],[-69.4235,18.6896],[-69.4237,18.6881],[-69.4259,18.6867],[-69.4278,18.6872],[-69.4295,18.686],[-69.4317,18.6857],[-69.4325,18.6839],[-69.4316,18.6822],[-69.4332,18.6804],[-69.4332,18.6791],[-69.4334,18.6782],[-69.4334,18.677],[-69.4353,18.6761],[-69.4378,18.6741],[-69.4337,18.6702],[-69.4311,18.667],[-69.4272,18.6649],[-69.4242,18.6619],[-69.4233,18.6597],[-69.4208,18.6578],[-69.4194,18.6555],[-69.4171,18.6546],[-69.4162,18.6526],[-69.417,18.6508],[-69.4168,18.6471],[-69.4144,18.6452],[-69.4132,18.6452],[-69.4111,18.643],[-69.4085,18.6417],[-69.4083,18.6387],[-69.4069,18.6361],[-69.406,18.6342],[-69.4026,18.6318],[-69.4008,18.6335],[-69.4008,18.6312],[-69.4035,18.63],[-69.4057,18.6269],[-69.4055,18.626],[-69.4048,18.6249],[-69.4061,18.6208],[-69.404,18.6203],[-69.4008,18.6172],[-69.3994,18.6152],[-69.4009,18.6145],[-69.4003,18.6116],[-69.3985,18.6108],[-69.398,18.6106],[-69.3967,18.6084],[-69.3941,18.6063],[-69.3882,18.6056],[-69.3838,18.6017],[-69.3817,18.5993],[-69.3785,18.5935],[-69.3768,18.589],[-69.3769,18.5868],[-69.379,18.5841],[-69.3798,18.5805],[-69.3806,18.5768],[-69.38,18.5746],[-69.3775,18.5722],[-69.3764,18.5704],[-69.372,18.5659],[-69.3696,18.5591],[-69.368,18.5572],[-69.3679,18.5558],[-69.3691,18.5494],[-69.3666,18.5452],[-69.3653,18.5439],[-69.362,18.5433],[-69.3594,18.5421],[-69.3573,18.5379],[-69.3564,18.5335],[-69.3518,18.5301],[-69.3489,18.5269],[-69.3452,18.5298],[-69.3424,18.5353],[-69.3419,18.5375],[-69.3442,18.5408],[-69.3439,18.5416],[-69.3386,18.5452],[-69.3332,18.5484],[-69.3281,18.5526],[-69.323,18.5551],[-69.3215,18.5568],[-69.3191,18.5576],[-69.3144,18.5611],[-69.3123,18.5616],[-69.3102,18.5606],[-69.3101,18.5606],[-69.3096,18.5614],[-69.3095,18.562],[-69.3081,18.5671],[-69.3081,18.5673],[-69.3081,18.5674],[-69.308,18.5678],[-69.3079,18.5681],[-69.3079,18.5684],[-69.3078,18.5698],[-69.3078,18.5701],[-69.3077,18.572],[-69.3076,18.5724],[-69.3074,18.5727],[-69.3071,18.5731],[-69.3061,18.5736],[-69.3058,18.5737],[-69.3041,18.5734],[-69.3038,18.5733],[-69.3021,18.5733],[-69.3014,18.5733],[-69.301,18.5734],[-69.3006,18.5734],[-69.3003,18.5733],[-69.3002,18.5733],[-69.2998,18.5734],[-69.2997,18.5735],[-69.2996,18.5735],[-69.2967,18.5755],[-69.2966,18.5783],[-69.2999,18.5815],[-69.2976,18.5831],[-69.2958,18.5872],[-69.2957,18.5888],[-69.3004,18.5934],[-69.2999,18.5959],[-69.2985,18.5974],[-69.2993,18.601],[-69.299,18.6025],[-69.2947,18.6034],[-69.2934,18.605],[-69.2933,18.6074],[-69.2914,18.6101],[-69.2923,18.6133],[-69.2918,18.6162],[-69.2952,18.6203],[-69.2927,18.622],[-69.2921,18.6251],[-69.2919,18.6254],[-69.2866,18.6268],[-69.2824,18.6266],[-69.2808,18.6278],[-69.277,18.6252],[-69.2754,18.6255],[-69.2721,18.6247],[-69.2706,18.6269],[-69.2674,18.6264],[-69.2652,18.6284],[-69.263,18.6287],[-69.2604,18.6298],[-69.2602,18.631],[-69.2571,18.6312],[-69.255,18.6332],[-69.2522,18.6328],[-69.2515,18.6333],[-69.251,18.6369],[-69.2491,18.637],[-69.2459,18.6406],[-69.2459,18.6429],[-69.2441,18.6461],[-69.2453,18.6483],[-69.2471,18.6499],[-69.2449,18.6505],[-69.2443,18.654],[-69.2469,18.6548],[-69.2476,18.6577],[-69.2455,18.6587],[-69.2435,18.6589],[-69.2434,18.6608],[-69.2428,18.6629],[-69.242,18.6624],[-69.2398,18.6637],[-69.2378,18.6635],[-69.2361,18.6647],[-69.2365,18.6652],[-69.2363,18.6663],[-69.2342,18.6683],[-69.2331,18.6681],[-69.232,18.6685],[-69.229,18.6675],[-69.2274,18.6686],[-69.2296,18.6723],[-69.2275,18.6723],[-69.2285,18.6755],[-69.2272,18.6781],[-69.2275,18.6796],[-69.2251,18.68],[-69.2257,18.6831],[-69.2237,18.6832],[-69.224,18.685],[-69.2211,18.6891],[-69.223,18.6898],[-69.2234,18.6919],[-69.2252,18.6925],[-69.2256,18.6964],[-69.2244,18.6979],[-69.224,18.6999],[-69.2216,18.7022],[-69.2233,18.7062],[-69.2215,18.71],[-69.2202,18.7107],[-69.2205,18.7125],[-69.2171,18.7145],[-69.2156,18.7165],[-69.2186,18.7193],[-69.2159,18.7214],[-69.2135,18.7248],[-69.2121,18.7252],[-69.2132,18.7291],[-69.2118,18.7318],[-69.2138,18.7327],[-69.2133,18.7352],[-69.2117,18.7355],[-69.2121,18.7379],[-69.2103,18.7382],[-69.2094,18.7413],[-69.2074,18.7411],[-69.2056,18.7426],[-69.2052,18.7452],[-69.206,18.7471],[-69.2078,18.7483],[-69.2082,18.7508],[-69.2039,18.7541],[-69.2021,18.7574],[-69.201,18.7605],[-69.2017,18.7623],[-69.2045,18.7641],[-69.2046,18.7677],[-69.2068,18.7688],[-69.2072,18.7708],[-69.2089,18.773],[-69.209,18.7749],[-69.2103,18.7769],[-69.2099,18.7786],[-69.2122,18.7806],[-69.2127,18.7844],[-69.2141,18.7865],[-69.213,18.7893],[-69.2131,18.7907],[-69.2194,18.7948],[-69.2219,18.7979],[-69.2218,18.8004],[-69.2261,18.8026],[-69.2286,18.8051],[-69.2311,18.8087],[-69.2329,18.8092],[-69.2401,18.8085],[-69.2425,18.8094],[-69.2442,18.8109],[-69.2467,18.8114],[-69.2501,18.8131],[-69.2518,18.8145],[-69.2546,18.8159],[-69.2565,18.8175],[-69.2556,18.8189],[-69.2547,18.8232],[-69.255,18.8254],[-69.2576,18.8286],[-69.2568,18.8319],[-69.2581,18.8344],[-69.2601,18.8354],[-69.2609,18.8405],[-69.2633,18.8444],[-69.2641,18.8475],[-69.2683,18.8493],[-69.27,18.8489],[-69.2716,18.8452],[-69.2733,18.8427],[-69.2752,18.8409],[-69.2809,18.8386],[-69.2827,18.8399],[-69.2834,18.8434],[-69.2846,18.8458],[-69.2864,18.8527],[-69.2897,18.8598],[-69.2887,18.8639],[-69.2888,18.8667],[-69.2895,18.8686],[-69.292,18.8713],[-69.2934,18.872],[-69.3016,18.8727],[-69.3044,18.8725],[-69.3116,18.8747],[-69.3151,18.8762],[-69.3179,18.8769],[-69.3249,18.8841],[-69.326,18.8866],[-69.3284,18.8884],[-69.3284,18.8893],[-69.3245,18.8919],[-69.3238,18.8931],[-69.3232,18.8967],[-69.3201,18.8989],[-69.3204,18.9013],[-69.3233,18.9031],[-69.3252,18.906],[-69.3251,18.9079],[-69.3232,18.9134],[-69.3231,18.915],[-69.3245,18.9204],[-69.3234,18.9241],[-69.3235,18.9289],[-69.3226,18.9353],[-69.3213,18.9374],[-69.3147,18.9404],[-69.311,18.945],[-69.3099,18.947],[-69.3076,18.9465],[-69.3072,18.9452],[-69.3047,18.9436],[-69.3029,18.9436],[-69.2994,18.9463],[-69.2966,18.9476],[-69.2964,18.9512],[-69.2926,18.9556],[-69.2905,18.9562],[-69.2849,18.9536],[-69.2835,18.9548],[-69.2792,18.952],[-69.2764,18.9526],[-69.2751,18.9505],[-69.2732,18.9506],[-69.2731,18.9524],[-69.2719,18.953],[-69.2718,18.9548],[-69.2689,18.955],[-69.2655,18.9523],[-69.2632,18.9497],[-69.2581,18.9516],[-69.2558,18.9512],[-69.2553,18.9526],[-69.2519,18.9516],[-69.2499,18.9494],[-69.2468,18.9492],[-69.2453,18.9477],[-69.2433,18.9441],[-69.2421,18.9405],[-69.2407,18.939],[-69.2395,18.9356],[-69.2349,18.9333],[-69.2284,18.9315],[-69.226,18.9338],[-69.2223,18.9342],[-69.2197,18.9358],[-69.2142,18.9347],[-69.2072,18.9346],[-69.2032,18.9341],[-69.2018,18.9334],[-69.1984,18.9283],[-69.1937,18.9251],[-69.1902,18.9232],[-69.1883,18.9215],[-69.1858,18.9214],[-69.1796,18.9195],[-69.1759,18.919],[-69.1744,18.9179],[-69.1711,18.9171],[-69.1682,18.9171],[-69.1672,18.9159],[-69.1632,18.9164],[-69.1611,18.9147],[-69.1499,18.9145],[-69.1461,18.9136],[-69.1416,18.9135],[-69.1389,18.9128],[-69.1372,18.9131],[-69.1333,18.912],[-69.1277,18.9167],[-69.1221,18.9204],[-69.1267,18.9234],[-69.1292,18.9264],[-69.1357,18.9311],[-69.1401,18.934],[-69.1521,18.9404],[-69.1612,18.946],[-69.168,18.9524],[-69.1694,18.955],[-69.1719,18.9578],[-69.1735,18.9607],[-69.1761,18.962],[-69.1774,18.964],[-69.1816,18.9679],[-69.1836,18.9708],[-69.1841,18.9736],[-69.1828,18.9761],[-69.1845,18.9777],[-69.1842,18.9787],[-69.1863,18.9805],[-69.1857,18.9819],[-69.1855,18.9874],[-69.1835,18.9908],[-69.1809,18.9966],[-69.1822,19.0006],[-69.1808,19.0045],[-69.1811,19.0063]]]]},"properties":{"province_name":"HATO MAYOR","municipalities":3}},
{"type":"Feature","geometry":{"type":"Polygon","coordinates":[[[-70.5238,18.7939],[-70.5287,18.793],[-70.5312,18.7944],[-70.5342,18.7959],[-70.5409,18.7969],[-70.5434,18.7965],[-70.5452,18.7944],[-70.545,18.7917],[-70.5415,18.7868],[-70.5396,18.7833],[-70.5397,18.78],[-70.5382,18.7788],[-70.5379,18.7766],[-70.5383,18.7735],[-70.5334,18.769],[-70.5325,18.7672],[-70.5304,18.7684],[-70.5281,18.7673],[-70.5291,18.7658],[-70.5304,18.7639],[-70.5327,18.763],[-70.53,18.7607],[-70.5302,18.7599],[-70.5327,18.7581],[-70.5339,18.7558],[-70.5362,18.7549],[-70.5374,18.7555],[-70.5392,18.7542],[-70.5399,18.756],[-70.5413,18.756],[-70.5438,18.7505],[-70.5515,18.7487],[-70.5548,18.7469],[-70.5579,18.7424],[-70.5603,18.7398],[-70.5637,18.7347],[-70.5635,18.7316],[-70.5617,18.7289],[-70.5611,18.7254],[-70.5617,18.7232],[-70.5633,18.7242],[-70.5658,18.7236],[-70.5673,18.7222],[-70.57,18.7235],[-70.5712,18.725],[-70.5747,18.7251],[-70.5751,18.7246],[-70.5783,18.723],[-70.5793,18.723],[-70.5806,18.7201],[-70.5811,18.7198],[-70.5835,18.7181],[-70.5849,18.7169],[-70.5851,18.7164],[-70.5862,18.7153],[-70.5856,18.7136],[-70.5891,18.7104],[-70.5904,18.7111],[-70.5927,18.7099],[-70.5948,18.7099],[-70.5977,18.7107],[-70.5993,18.7105],[-70.5997,18.709],[-70.5989,18.7064],[-70.5947,18.7021],[-70.5914,18.7008],[-70.5904,18.6976],[-70.5909,18.6949],[-70.5888,18.694],[-70.5899,18.6899],[-70.5921,18.6864],[-70.5975,18.6875],[-70.5988,18.6873],[-70.5989,18.6873],[-70.6002,18.6867],[-70.6015,18.6869],[-70.6036,18.687],[-70.6075,18.6885],[-70.6092,18.688],[-70.6137,18.6867],[-70.616,18.6864],[-70.6175,18.6872],[-70.6204,18.6872],[-70.6213,18.6868],[-70.6237,18.6873],[-70.6244,18.6865],[-70.628,18.6866],[-70.629,18.6887],[-70.6297,18.6907],[-70.6311,18.6904],[-70.6351,18.6907],[-70.6363,18.6924],[-70.6392,18.6929],[-70.6407,18.6947],[-70.6429,18.6934],[-70.6456,18.6931],[-70.6476,18.6923],[-70.6504,18.6925],[-70.6526,18.6906],[-70.657,18.6898],[-70.6572,18.6905],[-70.6602,18.691],[-70.6607,18.6893],[-70.6629,18.6887],[-70.6656,18.6871],[-70.6672,18.6896],[-70.6696,18.6892],[-70.6703,18.6878],[-70.6727,18.6867],[-70.6766,18.6868],[-70.6802,18.6878],[-70.6845,18.6863],[-70.6865,18.6847],[-70.6861,18.6841],[-70.6833,18.6836],[-70.6786,18.6798],[-70.6777,18.6761],[-70.6759,18.6734],[-70.6766,18.6717],[-70.6737,18.6692],[-70.6725,18.6668],[-70.6714,18.6663],[-70.6675,18.6632],[-70.6645,18.6599],[-70.663,18.6573],[-70.6617,18.6549],[-70.6617,18.6515],[-70.6632,18.6499],[-70.6633,18.6484],[-70.6619,18.6467],[-70.6637,18.6438],[-70.6638,18.6409],[-70.6623,18.6403],[-70.6623,18.6354],[-70.6599,18.6327],[-70.6613,18.6316],[-70.6624,18.6278],[-70.6621,18.6253],[-70.6627,18.6226],[-70.6616,18.6216],[-70.6656,18.6175],[-70.6662,18.6151],[-70.6676,18.6149],[-70.6695,18.6114],[-70.6699,18.6091],[-70.6676,18.6066],[-70.6677,18.6064],[-70.6687,18.6046],[-70.6734,18.6001],[-70.6737,18.599],[-70.6715,18.5961],[-70.671,18.5938],[-70.6694,18.5934],[-70.6674,18.5909],[-70.6653,18.5893],[-70.663,18.5895],[-70.6623,18.5854],[-70.6595,18.5854],[-70.6593,18.5838],[-70.6563,18.5824],[-70.6547,18.5809],[-70.65,18.5807],[-70.6465,18.577],[-70.6432,18.575],[-70.6405,18.5761],[-70.6398,18.5744],[-70.6378,18.5729],[-70.6371,18.5726],[-70.6361,18.5704],[-70.6337,18.5696],[-70.6335,18.5683],[-70.6318,18.5667],[-70.6291,18.5657],[-70.629,18.5633],[-70.6277,18.5623],[-70.6252,18.5588],[-70.6264,18.5544],[-70.6275,18.5519],[-70.6257,18.5501],[-70.6237,18.5461],[-70.6206,18.5479],[-70.619,18.5474],[-70.6185,18.5446],[-70.6174,18.5434],[-70.6169,18.5409],[-70.615,18.5389],[-70.6138,18.5353],[-70.6108,18.5313],[-70.6088,18.53],[-70.6066,18.5308],[-70.6021,18.5336],[-70.5988,18.5343],[-70.5971,18.5357],[-70.5926,18.5354],[-70.591,18.5338],[-70.5895,18.5335],[-70.5854,18.5313],[-70.5858,18.5282],[-70.5849,18.5271],[-70.5863,18.5253],[-70.5843,18.5233],[-70.5841,18.5221],[-70.5815,18.5226],[-70.5801,18.5234],[-70.5775,18.5228],[-70.5745,18.523],[-70.5714,18.5239],[-70.5663,18.5219],[-70.5633,18.5206],[-70.5611,18.5206],[-70.5603,18.5182],[-70.5602,18.5179],[-70.5599,18.5167],[-70.5579,18.5138],[-70.556,18.5125],[-70.5546,18.513],[-70.5543,18.5148],[-70.5535,18.5176],[-70.552,18.5184],[-70.5515,18.5184],[-70.5511,18.5178],[-70.5512,18.5176],[-70.552,18.5157],[-70.5499,18.5151],[-70.5487,18.5137],[-70.5475,18.5107],[-70.5474,18.5105],[-70.5468,18.5094],[-70.5457,18.5076],[-70.5439,18.5071],[-70.543,18.5044],[-70.5416,18.5041],[-70.54,18.5031],[-70.5382,18.5028],[-70.5355,18.4982],[-70.5304,18.4968],[-70.5289,18.4995],[-70.5276,18.5002],[-70.5263,18.498],[-70.5269,18.4962],[-70.5256,18.4941],[-70.5232,18.4936],[-70.5221,18.4945],[-70.5175,18.4941],[-70.5162,18.4947],[-70.5135,18.4962],[-70.5102,18.4934],[-70.5076,18.4928],[-70.505,18.4912],[-70.5065,18.4884],[-70.5058,18.4867],[-70.5062,18.485],[-70.5079,18.4838],[-70.5114,18.4838],[-70.5121,18.4824],[-70.5115,18.4792],[-70.5126,18.4781],[-70.5128,18.4761],[-70.5121,18.472],[-70.5114,18.4716],[-70.5098,18.4732],[-70.5088,18.4733],[-70.5068,18.4696],[-70.5048,18.4671],[-70.503,18.4697],[-70.501,18.4687],[-70.5022,18.4658],[-70.5014,18.4599],[-70.5036,18.4581],[-70.5037,18.4552],[-70.5014,18.4553],[-70.4985,18.4547],[-70.4982,18.453],[-70.4963,18.4521],[-70.4982,18.4489],[-70.4982,18.447],[-70.4949,18.4458],[-70.4945,18.4433],[-70.4958,18.4408],[-70.4964,18.4355],[-70.4959,18.4333],[-70.4938,18.4279],[-70.4944,18.4276],[-70.4872,18.4235],[-70.4833,18.4223],[-70.4793,18.4206],[-70.4778,18.421],[-70.478,18.4239],[-70.4769,18.4253],[-70.477,18.4287],[-70.4753,18.4304],[-70.4755,18.4316],[-70.4736,18.4347],[-70.4729,18.437],[-70.4709,18.4378],[-70.4698,18.4398],[-70.47,18.4418],[-70.4697,18.4419],[-70.4684,18.4444],[-70.4691,18.4465],[-70.4706,18.4478],[-70.4695,18.4505],[-70.4675,18.4528],[-70.4652,18.4526],[-70.465,18.4528],[-70.4652,18.4529],[-70.4633,18.4547],[-70.4609,18.4553],[-70.4602,18.4554],[-70.4594,18.4562],[-70.458,18.4567],[-70.4576,18.4566],[-70.4558,18.4542],[-70.4519,18.4535],[-70.4517,18.4535],[-70.4509,18.4546],[-70.451,18.4573],[-70.449,18.4559],[-70.4479,18.4565],[-70.4476,18.4566],[-70.4447,18.4576],[-70.4441,18.4563],[-70.4414,18.4552],[-70.4399,18.4584],[-70.4383,18.4591],[-70.4373,18.4614],[-70.4313,18.4646],[-70.4306,18.4647],[-70.4288,18.4677],[-70.4278,18.4668],[-70.4265,18.466],[-70.424,18.4668],[-70.4214,18.4659],[-70.4044,18.4722],[-70.4032,18.4723],[-70.3997,18.4724],[-70.397,18.4736],[-70.3956,18.4761],[-70.3937,18.4776],[-70.3897,18.4787],[-70.3886,18.4797],[-70.3866,18.4782],[-70.383,18.4794],[-70.3814,18.4814],[-70.3798,18.4812],[-70.379,18.4831],[-70.374,18.4834],[-70.3735,18.4856],[-70.3719,18.4861],[-70.3707,18.4879],[-70.3726,18.4895],[-70.3704,18.4925],[-70.3705,18.4934],[-70.367,18.4972],[-70.365,18.4975],[-70.3613,18.5004],[-70.3613,18.5024],[-70.3572,18.5036],[-70.3576,18.5068],[-70.355,18.5076],[-70.3521,18.5072],[-70.3482,18.5094],[-70.3487,18.5105],[-70.3518,18.5104],[-70.3539,18.5116],[-70.3515,18.5132],[-70.3519,18.5154],[-70.3542,18.5173],[-70.354,18.5195],[-70.3576,18.5193],[-70.3579,18.521],[-70.3556,18.5226],[-70.3552,18.5236],[-70.3581,18.5242],[-70.3621,18.5259],[-70.3601,18.5282],[-70.361,18.5296],[-70.3626,18.5293],[-70.3643,18.5276],[-70.3656,18.5289],[-70.364,18.5303],[-70.3637,18.5323],[-70.3669,18.5318],[-70.3705,18.5321],[-70.3715,18.5359],[-70.3733,18.5371],[-70.3755,18.5374],[-70.3774,18.5402],[-70.3761,18.5417],[-70.3736,18.5417],[-70.3735,18.5442],[-70.375,18.5444],[-70.3798,18.5481],[-70.3791,18.5507],[-70.3796,18.5521],[-70.3819,18.5531],[-70.3822,18.5555],[-70.3799,18.5588],[-70.3738,18.5589],[-70.3711,18.5615],[-70.3702,18.5636],[-70.3734,18.5643],[-70.3737,18.5655],[-70.3769,18.5675],[-70.3764,18.5696],[-70.3742,18.5684],[-70.3741,18.571],[-70.3683,18.5739],[-70.3667,18.5757],[-70.3668,18.5797],[-70.3656,18.5803],[-70.367,18.5833],[-70.3671,18.5848],[-70.3698,18.5855],[-70.3685,18.5879],[-70.3696,18.5907],[-70.3694,18.5921],[-70.3662,18.5903],[-70.365,18.5909],[-70.3647,18.5928],[-70.3687,18.595],[-70.3688,18.5961],[-70.3661,18.5964],[-70.3668,18.5988],[-70.3661,18.601],[-70.366,18.6048],[-70.3641,18.6042],[-70.3589,18.6069],[-70.3595,18.61],[-70.3603,18.6105],[-70.3631,18.6094],[-70.3642,18.6111],[-70.3628,18.6122],[-70.3661,18.6157],[-70.365,18.6169],[-70.3638,18.6213],[-70.3662,18.623],[-70.3682,18.6232],[-70.3694,18.6251],[-70.3699,18.6279],[-70.3666,18.6304],[-70.368,18.6321],[-70.3722,18.63],[-70.3715,18.6321],[-70.3742,18.6329],[-70.3725,18.6347],[-70.3749,18.6355],[-70.3752,18.6385],[-70.3733,18.6402],[-70.3768,18.6417],[-70.3775,18.6435],[-70.3756,18.6459],[-70.3769,18.6486],[-70.3767,18.65],[-70.3745,18.6532],[-70.3755,18.6583],[-70.3714,18.663],[-70.3674,18.6651],[-70.3661,18.6665],[-70.3658,18.6697],[-70.3673,18.6714],[-70.3664,18.6728],[-70.363,18.6712],[-70.3622,18.6737],[-70.3623,18.6761],[-70.3613,18.6792],[-70.3578,18.6824],[-70.3582,18.6844],[-70.3605,18.6861],[-70.3601,18.6882],[-70.3607,18.6902],[-70.3603,18.6919],[-70.3577,18.6941],[-70.3591,18.6996],[-70.3588,18.7026],[-70.3579,18.7035],[-70.3578,18.7064],[-70.359,18.7077],[-70.3529,18.7149],[-70.3494,18.7201],[-70.3484,18.722],[-70.3448,18.7255],[-70.3436,18.7259],[-70.3442,18.7262],[-70.3453,18.7266],[-70.3462,18.7267],[-70.3497,18.7277],[-70.3562,18.7291],[-70.3562,18.729],[-70.3593,18.7292],[-70.3645,18.7313],[-70.3669,18.731],[-70.3723,18.7325],[-70.3754,18.734],[-70.3791,18.7352],[-70.3797,18.736],[-70.3801,18.7365],[-70.3802,18.7377],[-70.3817,18.7405],[-70.3824,18.7414],[-70.3855,18.7434],[-70.3888,18.7458],[-70.3891,18.7473],[-70.3886,18.7504],[-70.3911,18.7511],[-70.3931,18.7523],[-70.3947,18.7526],[-70.3964,18.7537],[-70.3976,18.7556],[-70.4075,18.7544],[-70.4089,18.7563],[-70.4092,18.7594],[-70.41,18.7614],[-70.4128,18.7614],[-70.4154,18.7604],[-70.4161,18.7601],[-70.4186,18.7575],[-70.4195,18.7565],[-70.4235,18.7545],[-70.4256,18.7538],[-70.4316,18.7537],[-70.4345,18.7557],[-70.4361,18.7566],[-70.4371,18.7592],[-70.4381,18.7603],[-70.44,18.762],[-70.4409,18.7629],[-70.4419,18.7636],[-70.4461,18.7647],[-70.4464,18.7651],[-70.4465,18.7652],[-70.4477,18.7663],[-70.4477,18.7672],[-70.4475,18.7678],[-70.4482,18.7682],[-70.449,18.7683],[-70.4495,18.7686],[-70.4498,18.7694],[-70.4516,18.7703],[-70.4522,18.7705],[-70.4535,18.7704],[-70.4536,18.7705],[-70.4538,18.7705],[-70.4546,18.7705],[-70.455,18.7704],[-70.4553,18.7701],[-70.4554,18.77],[-70.4556,18.7698],[-70.4559,18.7695],[-70.4563,18.7691],[-70.4566,18.7689],[-70.4569,18.7687],[-70.4571,18.7686],[-70.4574,18.7684],[-70.4581,18.7681],[-70.4583,18.768],[-70.4594,18.7677],[-70.4596,18.7677],[-70.46,18.7676],[-70.4603,18.7673],[-70.4604,18.7672],[-70.4604,18.7671],[-70.4604,18.767],[-70.4605,18.7669],[-70.4605,18.7668],[-70.4606,18.7668],[-70.4607,18.7667],[-70.4608,18.7666],[-70.4609,18.7665],[-70.4617,18.7651],[-70.4618,18.765],[-70.4629,18.7648],[-70.4634,18.7647],[-70.4635,18.7647],[-70.4639,18.7645],[-70.4641,18.7645],[-70.4642,18.7644],[-70.4646,18.7644],[-70.4647,18.7644],[-70.4649,18.7645],[-70.4651,18.7646],[-70.4663,18.7656],[-70.4662,18.7663],[-70.4662,18.7687],[-70.4666,18.7694],[-70.4687,18.7717],[-70.4696,18.7722],[-70.4732,18.7737],[-70.4793,18.7731],[-70.4823,18.7727],[-70.4866,18.7733],[-70.4958,18.7724],[-70.4971,18.7724],[-70.502,18.7723],[-70.5034,18.774],[-70.5067,18.779],[-70.509,18.7815],[-70.5104,18.7833],[-70.5126,18.7876],[-70.5152,18.7932],[-70.5159,18.7939],[-70.5176,18.7944],[-70.5191,18.7945],[-70.5211,18.7954],[-70.5231,18.7942],[-70.5238,18.7939]]]},"properties":{"province_name":"SAN JOSÉ DE OCOA","municipalities":3}},
{"type":"Feature","geometry":{"type":"MultiPolygon","coordinates":[[[[-69.6247,18.4415],[-69.6266,18.4411],[-69.6292,18.437],[-69.6263,18.438],[-69.6242,18.4403],[-69.6247,18.4415]]],[[[-69.5708,18.6521],[-69.5764,18.653],[-69.5861,18.6553],[-69.5895,18.6565],[-69.5961,18.6598],[-69.602,18.6643],[-69.6165,18.6773],[-69.6181,18.6771],[-69.6238,18.6749],[-69.6251,18.674],[-69.6307,18.6717],[-69.6317,18.6717],[-69.6414,18.6657],[-69.6444,18.6625],[-69.6468,18.6639],[-69.6491,18.6636],[-69.6523,18.6616],[-69.6537,18.6595],[-69.6572,18.6577],[-69.6599,18.6576],[-69.6615,18.6557],[-69.6613,18.6533],[-69.6661,18.6523],[-69.6698,18.6496],[-69.673,18.6463],[-69.6764,18.6466],[-69.6788,18.6457],[-69.6827,18.6435],[-69.69,18.64],[-69.694,18.6402],[-69.6971,18.6425],[-69.6982,18.6401],[-69.7005,18.6417],[-69.7023,18.6415],[-69.7059,18.6393],[-69.7075,18.6423],[-69.7117,18.6418],[-69.7132,18.6399],[-69.7164,18.6411],[-69.7185,18.6402],[-69.7194,18.643],[-69.7216,18.6434],[-69.7211,18.6457],[-69.7232,18.6455],[-69.724,18.643],[-69.7256,18.6424],[-69.7271,18.6394],[-69.7296,18.6384],[-69.7283,18.6356],[-69.7289,18.6343],[-69.7334,18.6344],[-69.7336,18.6321],[-69.7377,18.6319],[-69.7384,18.6287],[-69.7428,18.6273],[-69.7441,18.6253],[-69.7438,18.6223],[-69.7443,18.6194],[-69.7454,18.6179],[-69.7451,18.6157],[-69.748,18.6144],[-69.7486,18.6118],[-69.75,18.6105],[-69.7506,18.6065],[-69.7519,18.6046],[-69.7517,18.6028],[-69.7533,18.6017],[-69.7529,18.5995],[-69.7543,18.5972],[-69.7564,18.5977],[-69.7584,18.5972],[-69.7608,18.5975],[-69.7617,18.5962],[-69.7646,18.5964],[-69.7655,18.5946],[-69.7671,18.5947],[-69.7697,18.593],[-69.7683,18.5919],[-69.7681,18.5896],[-69.7691,18.5873],[-69.7717,18.587],[-69.7729,18.5831],[-69.7749,18.5838],[-69.7781,18.5838],[-69.7783,18.582],[-69.7799,18.5818],[-69.7796,18.5776],[-69.783,18.5785],[-69.7838,18.5761],[-69.7864,18.5745],[-69.7864,18.5782],[-69.7869,18.5798],[-69.7897,18.5825],[-69.7908,18.5893],[-69.7935,18.5929],[-69.7933,18.5942],[-69.7909,18.5975],[-69.7911,18.5998],[-69.7902,18.6033],[-69.7916,18.6057],[-69.7913,18.6097],[-69.7931,18.6112],[-69.7929,18.6142],[-69.7939,18.616],[-69.7963,18.6182],[-69.7964,18.6206],[-69.7991,18.6253],[-69.8024,18.6251],[-69.8059,18.6262],[-69.8081,18.6283],[-69.8111,18.6254],[-69.8132,18.6248],[-69.8155,18.6252],[-69.819,18.6278],[-69.8187,18.6302],[-69.8213,18.6312],[-69.8223,18.6342],[-69.8211,18.6362],[-69.8213,18.6399],[-69.8204,18.6426],[-69.8214,18.6472],[-69.8214,18.6498],[-69.8188,18.6509],[-69.8187,18.6533],[-69.8237,18.6555],[-69.8228,18.6586],[-69.8205,18.6595],[-69.8215,18.6617],[-69.8233,18.662],[-69.8252,18.6602],[-69.8289,18.6597],[-69.8306,18.6585],[-69.8304,18.6572],[-69.8328,18.6541],[-69.8339,18.6565],[-69.8361,18.6579],[-69.8372,18.6596],[-69.8375,18.6652],[-69.8413,18.665],[-69.8417,18.6664],[-69.8411,18.6686],[-69.8422,18.6693],[-69.8456,18.6745],[-69.8472,18.678],[-69.8507,18.6808],[-69.8547,18.6821],[-69.8547,18.6848],[-69.8531,18.6868],[-69.8537,18.6895],[-69.8552,18.6888],[-69.8581,18.6905],[-69.856,18.6927],[-69.8565,18.6946],[-69.8585,18.695],[-69.8601,18.6975],[-69.8597,18.7009],[-69.862,18.7026],[-69.8639,18.7019],[-69.8661,18.7027],[-69.8671,18.7049],[-69.8646,18.707],[-69.8665,18.7086],[-69.8692,18.709],[-69.8704,18.7078],[-69.8722,18.7082],[-69.874,18.7053],[-69.8779,18.706],[-69.8786,18.7075],[-69.8811,18.7071],[-69.8827,18.7084],[-69.8833,18.7119],[-69.8851,18.7113],[-69.8853,18.7092],[-69.8869,18.7089],[-69.889,18.7056],[-69.8898,18.7067],[-69.8922,18.7068],[-69.8946,18.7045],[-69.8962,18.7049],[-69.8987,18.7034],[-69.9008,18.7041],[-69.9031,18.7007],[-69.9025,18.6993],[-69.9057,18.6985],[-69.907,18.6973],[-69.9139,18.6946],[-69.9151,18.6945],[-69.9179,18.696],[-69.9178,18.6975],[-69.9205,18.6995],[-69.9218,18.7025],[-69.923,18.7031],[-69.9252,18.7022],[-69.927,18.7006],[-69.9312,18.701],[-69.9336,18.7031],[-69.9361,18.7013],[-69.9379,18.702],[-69.9375,18.7042],[-69.9394,18.7053],[-69.9401,18.7036],[-69.9434,18.705],[-69.9449,18.7075],[-69.947,18.7085],[-69.9485,18.7063],[-69.9497,18.707],[-69.9523,18.7064],[-69.9537,18.7072],[-69.9536,18.7104],[-69.9551,18.7138],[-69.9561,18.7146],[-69.9585,18.7145],[-69.9589,18.7116],[-69.96,18.7099],[-69.9621,18.7091],[-69.9558,18.7044],[-69.9524,18.6987],[-69.9534,18.6948],[-69.9548,18.693],[-69.9582,18.694],[-69.9621,18.6905],[-69.962,18.6871],[-69.9648,18.6846],[-69.9657,18.6829],[-69.9695,18.6829],[-69.9729,18.6846],[-69.9752,18.6834],[-69.9759,18.6851],[-69.9778,18.6835],[-69.9766,18.6813],[-69.9775,18.677],[-69.9793,18.6755],[-69.981,18.6762],[-69.9823,18.6754],[-69.9827,18.6736],[-69.9853,18.6723],[-69.9864,18.6693],[-69.9905,18.6707],[-69.9946,18.6696],[-69.9931,18.6715],[-69.9947,18.672],[-69.9957,18.6701],[-69.9983,18.6703],[-70.0013,18.6686],[-70.0044,18.6688],[-70.0077,18.6679],[-70.0115,18.6679],[-70.0152,18.6662],[-70.018,18.66],[-70.0203,18.6601],[-70.0235,18.6622],[-70.0282,18.6622],[-70.0321,18.663],[-70.0441,18.6688],[-70.0464,18.6711],[-70.0508,18.6747],[-70.0535,18.6764],[-70.0581,18.6768],[-70.0601,18.6781],[-70.0658,18.684],[-70.0679,18.6852],[-70.0686,18.6865],[-70.0713,18.6862],[-70.0745,18.6882],[-70.0762,18.6884],[-70.0788,18.6877],[-70.0831,18.6847],[-70.0868,18.6834],[-70.0892,18.6833],[-70.0924,18.6825],[-70.0947,18.6825],[-70.0959,18.6836],[-70.0991,18.6889],[-70.1025,18.6927],[-70.1075,18.6971],[-70.1114,18.6984],[-70.1134,18.6984],[-70.1186,18.7014],[-70.121,18.7046],[-70.1225,18.7053],[-70.1237,18.7081],[-70.1261,18.7102],[-70.128,18.7134],[-70.1295,18.7135],[-70.1303,18.7158],[-70.1326,18.7176],[-70.1347,18.7221],[-70.1369,18.7252],[-70.1373,18.7267],[-70.1411,18.7292],[-70.142,18.7286],[-70.1497,18.7288],[-70.1511,18.7283],[-70.1554,18.7286],[-70.1595,18.7278],[-70.1603,18.7285],[-70.1638,18.7285],[-70.1651,18.7279],[-70.1655,18.7275],[-70.1707,18.7253],[-70.1736,18.7246],[-70.1751,18.7228],[-70.1748,18.7214],[-70.1754,18.7199],[-70.1742,18.7178],[-70.1719,18.7132],[-70.1708,18.713],[-70.1687,18.7113],[-70.1658,18.7099],[-70.1644,18.7085],[-70.1635,18.7056],[-70.1627,18.7035],[-70.1625,18.7024],[-70.1604,18.7006],[-70.1589,18.6988],[-70.158,18.698],[-70.1603,18.6945],[-70.1604,18.6934],[-70.1595,18.6927],[-70.1562,18.6897],[-70.1569,18.6863],[-70.1552,18.6832],[-70.1555,18.6809],[-70.1527,18.6798],[-70.1528,18.6766],[-70.1539,18.6736],[-70.1557,18.6732],[-70.1545,18.6716],[-70.1553,18.6694],[-70.1535,18.6688],[-70.1541,18.6665],[-70.1525,18.6646],[-70.1527,18.6636],[-70.1547,18.6636],[-70.1552,18.6624],[-70.1549,18.6618],[-70.155,18.6603],[-70.1526,18.6597],[-70.1507,18.6556],[-70.1456,18.6529],[-70.1441,18.6526],[-70.1443,18.6507],[-70.1426,18.6474],[-70.1404,18.647],[-70.1405,18.6469],[-70.1427,18.6453],[-70.1411,18.644],[-70.139,18.6424],[-70.1371,18.6395],[-70.1393,18.6363],[-70.1374,18.6364],[-70.1368,18.6342],[-70.1356,18.6328],[-70.1352,18.6328],[-70.1345,18.6336],[-70.1318,18.6337],[-70.1283,18.6315],[-70.1265,18.6314],[-70.127,18.6299],[-70.1305,18.6302],[-70.1331,18.6283],[-70.1376,18.6282],[-70.1426,18.6289],[-70.1461,18.631],[-70.1486,18.6305],[-70.1503,18.6283],[-70.1512,18.6251],[-70.1507,18.6225],[-70.1474,18.618],[-70.1464,18.615],[-70.1465,18.6124],[-70.146,18.608],[-70.1464,18.6057],[-70.1481,18.6041],[-70.1468,18.6027],[-70.1475,18.6001],[-70.1507,18.5979],[-70.1529,18.595],[-70.1521,18.5942],[-70.1491,18.594],[-70.1489,18.5908],[-70.1491,18.5898],[-70.1491,18.5881],[-70.1472,18.5847],[-70.1462,18.5843],[-70.1446,18.5831],[-70.1445,18.583],[-70.1407,18.5787],[-70.1386,18.5769],[-70.1374,18.5749],[-70.1374,18.5732],[-70.1391,18.5692],[-70.1374,18.5661],[-70.1366,18.5654],[-70.135,18.5644],[-70.1325,18.5648],[-70.13,18.5662],[-70.1281,18.5659],[-70.1289,18.5634],[-70.1328,18.5601],[-70.1284,18.5546],[-70.1243,18.5513],[-70.1242,18.5489],[-70.1253,18.5471],[-70.1255,18.5457],[-70.1191,18.5424],[-70.1233,18.5313],[-70.1248,18.5297],[-70.1253,18.5287],[-70.1251,18.527],[-70.1248,18.5263],[-70.1206,18.5242],[-70.1174,18.524],[-70.1137,18.5232],[-70.113,18.5252],[-70.1077,18.5277],[-70.1054,18.527],[-70.1003,18.5246],[-70.0977,18.5238],[-70.096,18.5243],[-70.094,18.5263],[-70.0947,18.5281],[-70.0963,18.5297],[-70.0964,18.5318],[-70.0937,18.5351],[-70.0922,18.535],[-70.0876,18.5307],[-70.0861,18.527],[-70.0862,18.5257],[-70.0843,18.5231],[-70.0844,18.5223],[-70.0807,18.5184],[-70.0771,18.5178],[-70.0746,18.5174],[-70.0728,18.5163],[-70.0716,18.5145],[-70.0712,18.5102],[-70.0711,18.5084],[-70.0722,18.5061],[-70.0723,18.5022],[-70.0714,18.5006],[-70.0702,18.4978],[-70.0687,18.4957],[-70.065,18.4941],[-70.0639,18.4911],[-70.0657,18.4874],[-70.0719,18.4848],[-70.0734,18.4833],[-70.0733,18.4807],[-70.0721,18.4799],[-70.0686,18.4801],[-70.0648,18.4813],[-70.0636,18.4786],[-70.0639,18.4767],[-70.065,18.4755],[-70.0676,18.4737],[-70.0684,18.4698],[-70.0662,18.4654],[-70.0646,18.4643],[-70.0627,18.4654],[-70.0621,18.4696],[-70.059,18.4724],[-70.056,18.4726],[-70.0558,18.4728],[-70.0538,18.4745],[-70.0524,18.4759],[-70.0483,18.4772],[-70.0462,18.4761],[-70.0439,18.4748],[-70.043,18.4697],[-70.0402,18.4675],[-70.0398,18.4672],[-70.037,18.4661],[-70.0342,18.4626],[-70.0336,18.462],[-70.0307,18.4623],[-70.0287,18.4612],[-70.0258,18.463],[-70.0242,18.4652],[-70.0222,18.4665],[-70.021,18.4691],[-70.0199,18.474],[-70.0185,18.4766],[-70.014,18.4766],[-70.0133,18.4757],[-70.0132,18.4751],[-70.0129,18.4703],[-70.0132,18.4647],[-70.0153,18.4624],[-70.0157,18.4607],[-70.0134,18.4591],[-70.01,18.461],[-70.0093,18.4604],[-70.0077,18.458],[-70.0106,18.4534],[-70.0077,18.4514],[-70.0057,18.4502],[-70.0032,18.4495],[-70.0021,18.4483],[-70.0025,18.4458],[-70.0051,18.445],[-70.0066,18.4431],[-70.0069,18.441],[-70.0072,18.4375],[-70.0064,18.4354],[-70.0061,18.4318],[-70.0069,18.4301],[-70.0092,18.4288],[-70.0163,18.4279],[-70.0182,18.4267],[-70.0187,18.4247],[-70.0193,18.4224],[-70.0178,18.4211],[-70.0163,18.4224],[-70.0148,18.4211],[-70.0174,18.4184],[-70.0156,18.4178],[-70.0103,18.4222],[-70.0056,18.4249],[-70.0037,18.423],[-70.0013,18.4237],[-69.9971,18.4214],[-69.9933,18.4212],[-69.9887,18.4227],[-69.9889,18.4251],[-69.9902,18.4276],[-69.9898,18.4296],[-69.9841,18.4344],[-69.9785,18.4412],[-69.9759,18.4474],[-69.9737,18.4495],[-69.9739,18.4515],[-69.9719,18.4545],[-69.969,18.4625],[-69.9676,18.479],[-69.9699,18.4792],[-69.9723,18.4806],[-69.9823,18.4903],[-69.9989,18.5028],[-69.9989,18.5061],[-69.997,18.5077],[-69.9938,18.5074],[-69.9924,18.5081],[-69.9913,18.5104],[-69.9896,18.5121],[-69.9896,18.5235],[-69.9928,18.5233],[-69.9952,18.5274],[-69.9921,18.5303],[-69.9901,18.5305],[-69.9903,18.5333],[-69.9921,18.5351],[-69.9898,18.536],[-69.9919,18.5414],[-69.9896,18.5431],[-69.9868,18.5426],[-69.9867,18.5442],[-69.9826,18.5428],[-69.9817,18.5433],[-69.981,18.5472],[-69.98,18.5475],[-69.9756,18.5455],[-69.9735,18.5454],[-69.972,18.5443],[-69.9684,18.5445],[-69.9657,18.541],[-69.9638,18.541],[-69.9617,18.5393],[-69.9621,18.5369],[-69.9603,18.536],[-69.9591,18.5318],[-69.9605,18.5295],[-69.9605,18.5234],[-69.9593,18.5212],[-69.9546,18.5175],[-69.9482,18.5142],[-69.9457,18.514],[-69.9443,18.5152],[-69.9409,18.5193],[-69.9392,18.5204],[-69.9363,18.5208],[-69.9325,18.5186],[-69.9324,18.5165],[-69.9306,18.5142],[-69.9267,18.5118],[-69.9214,18.5096],[-69.9175,18.5103],[-69.9154,18.5113],[-69.9131,18.5113],[-69.909,18.5096],[-69.9049,18.51],[-69.9025,18.5109],[-69.8979,18.5143],[-69.8965,18.5142],[-69.8912,18.5125],[-69.8878,18.5122],[-69.8789,18.508],[-69.8765,18.5057],[-69.875,18.5022],[-69.8747,18.4987],[-69.8772,18.4945],[-69.8818,18.49],[-69.8828,18.4864],[-69.8823,18.4805],[-69.8801,18.4776],[-69.8805,18.4749],[-69.8775,18.4722],[-69.8761,18.4691],[-69.8768,18.4668],[-69.8761,18.4638],[-69.8744,18.4655],[-69.8655,18.4681],[-69.8644,18.4674],[-69.8608,18.4683],[-69.8571,18.4687],[-69.8514,18.4677],[-69.845,18.4678],[-69.8377,18.4675],[-69.8329,18.4686],[-69.8286,18.4682],[-69.8277,18.4671],[-69.82,18.4646],[-69.8136,18.464],[-69.8084,18.4638],[-69.8066,18.4644],[-69.8044,18.4638],[-69.8013,18.464],[-69.7989,18.465],[-69.7926,18.4656],[-69.7915,18.4652],[-69.7857,18.4656],[-69.7789,18.4648],[-69.7641,18.4634],[-69.7459,18.4628],[-69.7409,18.4623],[-69.7283,18.4597],[-69.7187,18.4566],[-69.7112,18.4549],[-69.7068,18.4546],[-69.6981,18.4537],[-69.6911,18.4514],[-69.6856,18.4492],[-69.6832,18.4474],[-69.6818,18.4453],[-69.6823,18.4438],[-69.6822,18.4383],[-69.6815,18.4327],[-69.6804,18.4296],[-69.6789,18.4278],[-69.6786,18.4259],[-69.6758,18.4197],[-69.674,18.4177],[-69.6717,18.4139],[-69.6673,18.4094],[-69.6634,18.4077],[-69.6566,18.4065],[-69.6471,18.4046],[-69.6383,18.4008],[-69.6336,18.4003],[-69.6296,18.4017],[-69.6276,18.4042],[-69.627,18.4061],[-69.6271,18.4097],[-69.6287,18.4171],[-69.6295,18.4197],[-69.6318,18.4314],[-69.6327,18.4341],[-69.6327,18.4387],[-69.6297,18.4423],[-69.6265,18.4449],[-69.6211,18.4476],[-69.6153,18.4477],[-69.6149,18.4468],[-69.6112,18.4464],[-69.6049,18.4471],[-69.6041,18.448],[-69.6,18.4478],[-69.5929,18.4467],[-69.5893,18.4453],[-69.5859,18.4428],[-69.5833,18.4417],[-69.5786,18.4381],[-69.5775,18.4362],[-69.5751,18.4366],[-69.5744,18.4337],[-69.5729,18.4334],[-69.5699,18.4317],[-69.5701,18.4301],[-69.5692,18.4269],[-69.5673,18.4275],[-69.5677,18.4244],[-69.5643,18.4228],[-69.5639,18.4212],[-69.5623,18.4194],[-69.5609,18.4193],[-69.5584,18.4171],[-69.5565,18.4167],[-69.5508,18.4126],[-69.5469,18.409],[-69.5446,18.4081],[-69.5382,18.4063],[-69.5248,18.4039],[-69.5212,18.4038],[-69.5212,18.4232],[-69.5225,18.4458],[-69.5232,18.4657],[-69.5149,18.4658],[-69.515,18.4748],[-69.5155,18.4748],[-69.5233,18.4746],[-69.5253,18.4745],[-69.5362,18.4745],[-69.5422,18.4754],[-69.5481,18.4759],[-69.559,18.4764],[-69.5608,18.4769],[-69.5659,18.4804],[-69.5701,18.4817],[-69.5728,18.4825],[-69.574,18.4829],[-69.5857,18.4886],[-69.5884,18.4899],[-69.5896,18.4907],[-69.59,18.4909],[-69.5938,18.4951],[-69.5966,18.4962],[-69.5972,18.4965],[-69.5982,18.4969],[-69.5985,18.5003],[-69.5975,18.5018],[-69.5987,18.5033],[-69.5988,18.5072],[-69.5979,18.5092],[-69.599,18.5093],[-69.5984,18.514],[-69.6016,18.5202],[-69.6035,18.5206],[-69.6038,18.5185],[-69.6048,18.5171],[-69.6064,18.5175],[-69.6075,18.5188],[-69.6095,18.5205],[-69.612,18.5216],[-69.614,18.523],[-69.6138,18.5254],[-69.6134,18.5277],[-69.6095,18.5302],[-69.6081,18.5299],[-69.6063,18.5308],[-69.6053,18.5298],[-69.6031,18.5322],[-69.6019,18.5327],[-69.5995,18.5333],[-69.5991,18.5351],[-69.5968,18.5373],[-69.597,18.5385],[-69.5953,18.5398],[-69.5962,18.5411],[-69.5948,18.5443],[-69.5944,18.5476],[-69.5944,18.5515],[-69.5941,18.5519],[-69.5941,18.5521],[-69.5911,18.5524],[-69.5896,18.554],[-69.5893,18.5559],[-69.5876,18.559],[-69.5866,18.5617],[-69.5851,18.5633],[-69.5839,18.564],[-69.5819,18.5681],[-69.5797,18.5711],[-69.5794,18.5733],[-69.578,18.5744],[-69.5778,18.5779],[-69.5747,18.5776],[-69.5726,18.5804],[-69.5721,18.5829],[-69.5731,18.5838],[-69.5725,18.5848],[-69.574,18.5864],[-69.5747,18.5885],[-69.5772,18.5894],[-69.5784,18.5912],[-69.5804,18.5938],[-69.5828,18.5943],[-69.5826,18.5967],[-69.5841,18.6028],[-69.5833,18.6069],[-69.5823,18.6075],[-69.581,18.6081],[-69.58,18.6103],[-69.58,18.612],[-69.5771,18.6155],[-69.577,18.6171],[-69.5761,18.6191],[-69.576,18.6221],[-69.5772,18.6258],[-69.5787,18.627],[-69.5818,18.6269],[-69.5825,18.6238],[-69.5834,18.623],[-69.5857,18.6236],[-69.5887,18.6223],[-69.5885,18.6241],[-69.587,18.6247],[-69.5876,18.6266],[-69.5904,18.6277],[-69.5894,18.6302],[-69.5882,18.6299],[-69.5877,18.6299],[-69.5873,18.631],[-69.5866,18.634],[-69.5854,18.6339],[-69.5852,18.6351],[-69.5833,18.6356],[-69.5815,18.6359],[-69.581,18.6381],[-69.5794,18.6396],[-69.579,18.6415],[-69.577,18.6433],[-69.5771,18.6457],[-69.5745,18.6486],[-69.5723,18.6488],[-69.5708,18.6521]]]]},"properties":{"province_name":"SANTO DOMINGO","municipalities":7}}
]}